ℹ [3478/3568] Replayed ModifiedCartan.InversePullbackBound
info: ModifiedCartan/InversePullbackBound.lean:53:0: 'ModifiedCartan.eLpNorm_one_comp_le_of_inverse' depends on axioms: [propext, Classical.choice, Quot.sound]
ℹ [3479/3568] Replayed ModifiedCartan.InversePullbackConvergence
info: ModifiedCartan/InversePullbackConvergence.lean:80:0: 'ModifiedCartan.LocalLpConvergence.comp_inverse' depends on axioms: [propext, Classical.choice, Quot.sound]
ℹ [3542/3568] Replayed ModifiedCartan.LogAreaJensen
info: ModifiedCartan/LogAreaJensen.lean:110:0: 'ModifiedCartan.integral_norm_log_ball_le_of_log_upper' depends on axioms: [propext, Classical.choice, Quot.sound]
⚠ [3627/3791] Replayed ModifiedCartan.SobolevLocality
warning: ModifiedCartan/SobolevLocality.lean:46:6: `dif_pos` has been deprecated: Use `dite_eq_left` instead
warning: ModifiedCartan/SobolevLocality.lean:105:2: Try this: 
  letI̵

The goal is a proposition, so `let` is preferred over `letI`.
The difference between `let` and `letI` is that `letI` inlines the value.
But this is not relevant for proofs because of proof irrelevance.

Note: This linter can be disabled with `set_option linter.style.haveILetI false`
⚠ [3646/3791] Replayed ModifiedCartan.LocalLogHypotheses
warning: ModifiedCartan/LocalLogHypotheses.lean:19:2: `push_neg` has been deprecated. Prefer using `push Not` instead.
If you'd rather continue using `push_neg` in your project, you can implement it as follows:
```
open Lean.Parser.Tactic in
macro "push_neg" cfg:optConfig loc:(location)? : tactic =>
  `(tactic| push $cfg:optConfig Not $[$loc]?)
```
⚠ [3672/3791] Replayed ModifiedCartan.LogDerivativeLimit
warning: ModifiedCartan/LogDerivativeLimit.lean:59:57: `if_pos` has been deprecated: Use `ite_eq_left` instead
warning: ModifiedCartan/LogDerivativeLimit.lean:62:36: `if_false` has been deprecated: Use `ite_false` instead
ℹ [3679/3791] Replayed ModifiedCartan.AnalyticLogDiskMean
info: ModifiedCartan/AnalyticLogDiskMean.lean:92:0: 'ModifiedCartan.analytic_log_le_disk_mean' depends on axioms: [propext, Classical.choice, Quot.sound]
ℹ [3681/3791] Replayed ModifiedCartan.AnalyticLogSubharmonic
info: ModifiedCartan/AnalyticLogSubharmonic.lean:47:0: 'ModifiedCartan.normalizedExtendedLog_isSubharmonicOn' depends on axioms: [propext, Classical.choice, Quot.sound]
⚠ [3684/3791] Replayed ModifiedCartan.SubharmonicLocalIntegrability
warning: ModifiedCartan/SubharmonicLocalIntegrability.lean:56:2: Try this: 
  letI̵

The goal is a proposition, so `let` is preferred over `letI`.
The difference between `let` and `letI` is that `letI` inlines the value.
But this is not relevant for proofs because of proof irrelevance.

Note: This linter can be disabled with `set_option linter.style.haveILetI false`
ℹ [3700/3791] Replayed ModifiedCartan.FiniteSubsequenceExtraction
info: ModifiedCartan/FiniteSubsequenceExtraction.lean:36:0: 'ModifiedCartan.finite_subsequence_extraction' depends on axioms: [propext, Quot.sound]
⚠ [3701/3791] Replayed ModifiedCartan.MeasureLimitTransfer
warning: ModifiedCartan/MeasureLimitTransfer.lean:25:24: `Set.mem_setOf_eq` has been deprecated: Use `Set.mem_ofPred_eq` instead
info: ModifiedCartan/MeasureLimitTransfer.lean:28:65: Try this:
  [apply] abel_nf
warning: ModifiedCartan/MeasureLimitTransfer.lean:28:61: Used `tac1 <;> tac2` where `(tac1; tac2)` would suffice

Note: This linter can be disabled with `set_option linter.unnecessarySeqFocus false`
info: ModifiedCartan/MeasureLimitTransfer.lean:116:0: 'ModifiedCartan.tendstoInMeasure_add' depends on axioms: [propext, Classical.choice, Quot.sound]
info: ModifiedCartan/MeasureLimitTransfer.lean:117:0: 'ModifiedCartan.uniformlyOn_localMeasureConvergence' depends on axioms: [propext, Classical.choice, Quot.sound]
ℹ [3702/3791] Replayed ModifiedCartan.LocalMeasureUniqueness
info: ModifiedCartan/LocalMeasureUniqueness.lean:27:0: 'ModifiedCartan.LocalMeasureConvergence.ae_unique' depends on axioms: [propext, Classical.choice, Quot.sound]
ℹ [3703/3791] Replayed ModifiedCartan.WeakGradientZeroTests
info: ModifiedCartan/WeakGradientZeroTests.lean:61:0: 'ModifiedCartan.HasWeakComplexGradient.integral_mul_fderiv_zero' depends on axioms: [propext,
 Classical.choice,
 Quot.sound]
ℹ [3704/3791] Replayed ModifiedCartan.WeakGradientDirectional
info: ModifiedCartan/WeakGradientDirectional.lean:51:0: 'ModifiedCartan.HasWeakComplexGradient.integral_mul_fderiv' depends on axioms: [propext, Classical.choice, Quot.sound]
ℹ [3705/3791] Replayed ModifiedCartan.WeakGradientConvolution
info: ModifiedCartan/WeakGradientConvolution.lean:47:0: 'ModifiedCartan.HasWeakComplexGradient.fderiv_convolution_apply' depends on axioms: [propext,
 Classical.choice,
 Quot.sound]
ℹ [3706/3791] Replayed ModifiedCartan.WeakGradientSmoothBound
info: ModifiedCartan/WeakGradientSmoothBound.lean:56:0: 'ModifiedCartan.HasWeakComplexGradient.norm_fderiv_convolution_le' depends on axioms: [propext,
 Classical.choice,
 Quot.sound]
ℹ [3707/3791] Replayed ModifiedCartan.WeakGradientSmoothing
info: ModifiedCartan/WeakGradientSmoothing.lean:47:0: 'ModifiedCartan.HasWeakComplexGradient.fderiv_convolution_eq_zero' depends on axioms: [propext,
 Classical.choice,
 Quot.sound]
ℹ [3708/3791] Replayed ModifiedCartan.WeakZeroCutoff
info: ModifiedCartan/WeakZeroCutoff.lean:52:0: 'ModifiedCartan.weak_zero_smooth_constant' depends on axioms: [propext, Classical.choice, Quot.sound]
ℹ [3711/3791] Replayed ModifiedCartan.WeakGradientConstancy
info: ModifiedCartan/WeakGradientConstancy.lean:70:0: 'ModifiedCartan.HasWeakComplexGradient.exists_ae_const_of_gradient_ae_zero' depends on axioms: [propext,
 Classical.choice,
 Quot.sound]
ℹ [3712/3791] Replayed ModifiedCartan.WeakGradientLipschitz
info: ModifiedCartan/WeakGradientLipschitz.lean:73:0: 'ModifiedCartan.HasWeakComplexGradient.exists_lipschitz_rep_on_ball' depends on axioms: [propext,
 Classical.choice,
 Quot.sound]
ℹ [3713/3791] Replayed ModifiedCartan.WeakGradientLocalConstancy
info: ModifiedCartan/WeakGradientLocalConstancy.lean:44:0: 'ModifiedCartan.HasWeakComplexGradient.exists_const_of_ae_zero' depends on axioms: [propext,
 Classical.choice,
 Quot.sound]
ℹ [3714/3791] Replayed ModifiedCartan.WeakGradientAffine
info: ModifiedCartan/WeakGradientAffine.lean:41:0: 'ModifiedCartan.HasWeakComplexGradient.affine_difference_of_ae_const' depends on axioms: [propext,
 Classical.choice,
 Quot.sound]
ℹ [3715/3791] Replayed ModifiedCartan.DiskIsometry
info: ModifiedCartan/DiskIsometry.lean:37:0: 'ModifiedCartan.integral_ball_affine_isometry' depends on axioms: [propext, Classical.choice, Quot.sound]
ℹ [3716/3791] Replayed ModifiedCartan.DiskConvolutionFubini
info: ModifiedCartan/DiskConvolutionFubini.lean:57:0: 'ModifiedCartan.integral_ball_convolution' depends on axioms: [propext, Classical.choice, Quot.sound]
ℹ [3718/3791] Replayed ModifiedCartan.SecondOrderTaylor
info: ModifiedCartan/SecondOrderTaylor.lean:23:0: 'ModifiedCartan.second_order_integral_taylor' depends on axioms: [propext, Classical.choice, Quot.sound]
⚠ [3719/3791] Replayed ModifiedCartan.QuadraticTrace
warning: ModifiedCartan/QuadraticTrace.lean:16:36: `ContinuousLinearMap.add_apply` has been deprecated: Use `add_apply` instead

Note: The updated constant is in a different namespace. Dot notation may need to be changed (e.g., from `x.add_apply` to `add_apply x`).
warning: ModifiedCartan/QuadraticTrace.lean:17:8: `ContinuousLinearMap.smul_apply` has been deprecated: Use `smul_apply` instead

Note: The updated constant is in a different namespace. Dot notation may need to be changed (e.g., from `x.smul_apply` to `smul_apply x`).
info: ModifiedCartan/QuadraticTrace.lean:68:0: 'ModifiedCartan.second_derivative_quarter_turn' depends on axioms: [propext, Classical.choice, Quot.sound]
⚠ [3720/3791] Replayed ModifiedCartan.SecondOrderTaylorBound
warning: ModifiedCartan/SecondOrderTaylorBound.lean:34:15: `ContinuousLinearMap.sub_apply` has been deprecated: Use `sub_apply` instead

Note: The updated constant is in a different namespace. Dot notation may need to be changed (e.g., from `x.sub_apply` to `sub_apply x`).
warning: ModifiedCartan/SecondOrderTaylorBound.lean:89:16: `ContinuousLinearMap.sub_apply` has been deprecated: Use `sub_apply` instead

Note: The updated constant is in a different namespace. Dot notation may need to be changed (e.g., from `x.sub_apply` to `sub_apply x`).
info: ModifiedCartan/SecondOrderTaylorBound.lean:94:0: 'ModifiedCartan.exists_second_order_taylor_error_bound' depends on axioms: [propext, Classical.choice, Quot.sound]
⚠ [3721/3791] Replayed ModifiedCartan.QuarterMeanBound
warning: ModifiedCartan/QuarterMeanBound.lean:30:22: `ContinuousLinearMap.neg_apply` has been deprecated: Use `neg_apply` instead

Note: The updated constant is in a different namespace. Dot notation may need to be changed (e.g., from `x.neg_apply` to `neg_apply x`).
info: ModifiedCartan/QuarterMeanBound.lean:37:0: 'ModifiedCartan.exists_quarter_mean_upper_bound' depends on axioms: [propext, Classical.choice, Quot.sound]
ℹ [3722/3791] Replayed ModifiedCartan.QuarterDiskIntegral
info: ModifiedCartan/QuarterDiskIntegral.lean:59:0: 'ModifiedCartan.integral_quarter_difference' depends on axioms: [propext, Classical.choice, Quot.sound]
ℹ [3723/3791] Replayed ModifiedCartan.WeakGradientHalfPlane
info: ModifiedCartan/WeakGradientHalfPlane.lean:44:0: 'ModifiedCartan.HasWeakComplexGradient.fderiv_convolution_apply_le' depends on axioms: [propext,
 Classical.choice,
 Quot.sound]
ℹ [3724/3791] Replayed ModifiedCartan.WeakGradientSmoothConvergence
info: ModifiedCartan/WeakGradientSmoothConvergence.lean:83:0: 'ModifiedCartan.HasWeakComplexGradient.ae_classicalGradient_smoothing_tendsto' depends on axioms: [propext,
 Classical.choice,
 Quot.sound]
ℹ [3725/3791] Replayed ModifiedCartan.ClassicalGradientLaplacian
info: ModifiedCartan/ClassicalGradientLaplacian.lean:46:0: 'ModifiedCartan.classicalComplexGradient_bar_derivative' depends on axioms: [propext, Classical.choice, Quot.sound]
ℹ [3726/3791] Replayed ModifiedCartan.RegularizedComplexLog
info: ModifiedCartan/RegularizedComplexLog.lean:56:0: 'ModifiedCartan.regularized_clog_bar_derivative_nonpos' depends on axioms: [propext, Classical.choice, Quot.sound]
ℹ [3727/3791] Replayed ModifiedCartan.RegularizedLogBounds
info: ModifiedCartan/RegularizedLogBounds.lean:77:0: 'ModifiedCartan.integral_regularized_clog_tendsto' depends on axioms: [propext, Classical.choice, Quot.sound]
ℹ [3728/3791] Replayed ModifiedCartan.RegularizedLogTest
info: ModifiedCartan/RegularizedLogTest.lean:75:0: 'ModifiedCartan.regularized_clog_gradient_test_inequality' depends on axioms: [propext, Classical.choice, Quot.sound]
ℹ [3729/3791] Replayed ModifiedCartan.DirectionalComplexLog
info: ModifiedCartan/DirectionalComplexLog.lean:69:0: 'ModifiedCartan.directional_regularized_clog_nonpos' depends on axioms: [propext, Classical.choice, Quot.sound]
ℹ [3730/3791] Replayed ModifiedCartan.DirectionalLogTest
info: ModifiedCartan/DirectionalLogTest.lean:55:0: 'ModifiedCartan.directional_regularized_clog_test_inequality' depends on axioms: [propext, Classical.choice, Quot.sound]
⚠ [3731/3791] Replayed ModifiedCartan.PhaseLogLimit
warning: ModifiedCartan/PhaseLogLimit.lean:46:41: `if_pos` has been deprecated: Use `ite_eq_left` instead
warning: ModifiedCartan/PhaseLogLimit.lean:48:8: `if_neg` has been deprecated: Use `ite_eq_right` instead
warning: ModifiedCartan/PhaseLogLimit.lean:46:41: This simp argument is unused:
  if_pos rfl

Hint: Omit it from the simp argument list.
  [apply] simp only [hz0, phaseLogApprox_zero]

Note: This linter can be disabled with `set_option linter.unusedSimpArgs false`
info: ModifiedCartan/PhaseLogLimit.lean:92:0: 'ModifiedCartan.phaseLogApprox_tendsto' depends on axioms: [propext, Classical.choice, Quot.sound]
info: ModifiedCartan/PhaseLogLimit.lean:93:0: 'ModifiedCartan.norm_phaseLogApprox_le' depends on axioms: [propext, Classical.choice, Quot.sound]
ℹ [3732/3791] Replayed ModifiedCartan.PhaseLogDominated
info: ModifiedCartan/PhaseLogDominated.lean:34:0: 'ModifiedCartan.integral_phaseLogApprox_tendsto' depends on axioms: [propext, Classical.choice, Quot.sound]
ℹ [3733/3791] Replayed ModifiedCartan.LogPhaseTest
info: ModifiedCartan/LogPhaseTest.lean:52:0: 'ModifiedCartan.phase_test_of_regularized_log_tests' depends on axioms: [propext, Classical.choice, Quot.sound]
ℹ [3734/3791] Replayed ModifiedCartan.DirectionalTestSmoothing
info: ModifiedCartan/DirectionalTestSmoothing.lean:67:0: 'ModifiedCartan.convolution_le_along_line_of_tests' depends on axioms: [propext, Classical.choice, Quot.sound]
⚠ [3735/3791] Replayed ModifiedCartan.PhaseIndicator
warning: ModifiedCartan/PhaseIndicator.lean:26:2: Try this: 
  letI̵

The goal is a proposition, so `let` is preferred over `letI`.
The difference between `let` and `letI` is that `letI` inlines the value.
But this is not relevant for proofs because of proof irrelevance.

Note: This linter can be disabled with `set_option linter.style.haveILetI false`
info: ModifiedCartan/PhaseIndicator.lean:57:0: 'ModifiedCartan.integrable_phaseCutoff' depends on axioms: [propext, Classical.choice, Quot.sound]
⚠ [3736/3791] Replayed ModifiedCartan.StrictPhaseCone
warning: ModifiedCartan/StrictPhaseCone.lean:16:32: `Set.mem_setOf_eq` has been deprecated: Use `Set.mem_ofPred_eq` instead
warning: ModifiedCartan/StrictPhaseCone.lean:21:61: `Set.setOf_true` has been deprecated: Use `Set.ofPred_true` instead
info: ModifiedCartan/StrictPhaseCone.lean:59:0: 'ModifiedCartan.convex_strictPhaseCone' depends on axioms: [propext, Classical.choice, Quot.sound]
⚠ [3737/3791] Replayed ModifiedCartan.GenericPhaseDirections
warning: ModifiedCartan/GenericPhaseDirections.lean:22:4: Try `simp at hm` instead of `simpa using hm`

Note: This linter can be disabled with `set_option linter.unnecessarySimpa false`
warning: ModifiedCartan/GenericPhaseDirections.lean:33:42: `Set.mem_setOf_eq` has been deprecated: Use `Set.mem_ofPred_eq` instead
warning: ModifiedCartan/GenericPhaseDirections.lean:40:65: `Set.setOf_true` has been deprecated: Use `Set.ofPred_true` instead
warning: ModifiedCartan/GenericPhaseDirections.lean:46:65: `Set.setOf_true` has been deprecated: Use `Set.ofPred_true` instead
warning: ModifiedCartan/GenericPhaseDirections.lean:34:6: This simp argument is unused:
  Finset.mem_product

Hint: Omit it from the simp argument list.
  [apply] simp only [genericPhaseDirections, D, mem_setOf_eq, mem_iInter, Finset.mem_coe, Prod.forall, and_imp]

Note: This linter can be disabled with `set_option linter.unusedSimpArgs false`
warning: ModifiedCartan/GenericPhaseDirections.lean:34:39: This simp argument is unused:
  and_imp

Hint: Omit it from the simp argument list.
  [apply] simp only [genericPhaseDirections, D, mem_setOf_eq, mem_iInter, Finset.mem_coe, Finset.mem_product,
    Prod.forall]

Note: This linter can be disabled with `set_option linter.unusedSimpArgs false`
info: ModifiedCartan/GenericPhaseDirections.lean:64:0: 'ModifiedCartan.dense_genericPhaseDirections' depends on axioms: [propext, Classical.choice, Quot.sound]
⚠ [3738/3791] Replayed ModifiedCartan.PhaseAffineMax
warning: ModifiedCartan/PhaseAffineMax.lean:15:39: Variable name `a` is not explicitly referenced.

Hint: The binding can be removed (if unused) or named `_` (if used implicitly). Alternatively, prefix the name with `_` to silence this warning:
  [apply] _a

Note: This linter can be disabled with `set_option linter.unusedVariables false`
info: ModifiedCartan/PhaseAffineMax.lean:47:0: 'ModifiedCartan.convexOn_phaseAffineMax' depends on axioms: [propext, Classical.choice, Quot.sound]
ℹ [3740/3791] Replayed ModifiedCartan.SubharmonicContinuousRepresentative
info: ModifiedCartan/SubharmonicContinuousRepresentative.lean:39:0: 'ModifiedCartan.IsSubharmonicOn.eqOn_of_ae_eq_continuous' depends on axioms: [propext, Classical.choice, Quot.sound]
ℹ [3741/3791] Replayed ModifiedCartan.SubharmonicLipschitz
info: ModifiedCartan/SubharmonicLipschitz.lean:79:0: 'ModifiedCartan.IsSubharmonicOn.locallyLipschitzOn_of_finite_gradient' depends on axioms: [propext,
 Classical.choice,
 Quot.sound]
ℹ [3742/3791] Replayed ModifiedCartan.StrongGrowthIndices
info: ModifiedCartan/StrongGrowthIndices.lean:99:0: 'ModifiedCartan.strongUpperIndex_uniform_upper' depends on axioms: [propext, Classical.choice, Quot.sound]
info: ModifiedCartan/StrongGrowthIndices.lean:100:0: 'ModifiedCartan.strongLowerIndex_uniform_lower' depends on axioms: [propext, Classical.choice, Quot.sound]
ℹ [3743/3791] Replayed ModifiedCartan.GrowthMultiplierBounds
info: ModifiedCartan/GrowthMultiplierBounds.lean:69:0: 'ModifiedCartan.extend_growth_upper_to_one' depends on axioms: [propext, Classical.choice, Quot.sound]
info: ModifiedCartan/GrowthMultiplierBounds.lean:70:0: 'ModifiedCartan.extend_growth_lower_to_one' depends on axioms: [propext, Classical.choice, Quot.sound]
ℹ [3744/3791] Replayed ModifiedCartan.GrowthPowerSymmetry
info: ModifiedCartan/GrowthPowerSymmetry.lean:64:0: 'ModifiedCartan.symmetric_growth_power_bounds_of_ge_one' depends on axioms: [propext, Classical.choice, Quot.sound]
ℹ [3745/3791] Replayed ModifiedCartan.UniformPowerBounds
info: ModifiedCartan/UniformPowerBounds.lean:53:0: 'ModifiedCartan.Paper.lem_power_bounds' depends on axioms: [propext, Classical.choice, Quot.sound]
⚠ [3750/3791] Replayed FewInflection.Nevanlinna
warning: FewInflection/Nevanlinna.lean:104:44: Used `tac1 <;> tac2` where `(tac1; tac2)` would suffice

Note: This linter can be disabled with `set_option linter.unnecessarySeqFocus false`
warning: FewInflection/Nevanlinna.lean:147:4: Unused tactic linter: `change meromorphicOrderAt (f.coord j)⁻¹ u ≠ (⊤ : WithTop ℤ)` does nothing

Note: This linter can be disabled with `set_option linter.unusedTactic false`
warning: FewInflection/Nevanlinna.lean:213:44: Used `tac1 <;> tac2` where `(tac1; tac2)` would suffice

Note: This linter can be disabled with `set_option linter.unnecessarySeqFocus false`
warning: FewInflection/Nevanlinna.lean:223:63: Used `tac1 <;> tac2` where `(tac1; tac2)` would suffice

Note: This linter can be disabled with `set_option linter.unnecessarySeqFocus false`
ℹ [3774/3871] Replayed ModifiedCartan.NormalizedLogCompactness
info: ModifiedCartan/NormalizedLogCompactness.lean:51:0: 'ModifiedCartan.exists_normalized_log_subsequence' depends on axioms: [propext, Classical.choice, Quot.sound]
ℹ [3775/3871] Replayed ModifiedCartan.FiniteLogCompactness
info: ModifiedCartan/FiniteLogCompactness.lean:59:0: 'ModifiedCartan.exists_common_normalized_log_subsequence_eventual' depends on axioms: [propext,
 Classical.choice,
 Quot.sound]
ℹ [3776/3871] Replayed ModifiedCartan.LogLimitRepresentatives
info: ModifiedCartan/LogLimitRepresentatives.lean:61:0: 'ModifiedCartan.normalizedLog_limit_subharmonic_representative' depends on axioms: [propext,
 Classical.choice,
 Quot.sound]
info: ModifiedCartan/LogLimitRepresentatives.lean:62:0: 'ModifiedCartan.exists_common_log_limits_with_representatives_eventual' depends on axioms: [propext,
 Classical.choice,
 Quot.sound]
ℹ [3777/3871] Replayed ModifiedCartan.SmoothSubharmonicLaplacian
info: ModifiedCartan/SmoothSubharmonicLaplacian.lean:53:0: 'ModifiedCartan.IsSubharmonicOn.laplacian_nonneg_of_contDiff' depends on axioms: [propext, Classical.choice, Quot.sound]
ℹ [3778/3871] Replayed ModifiedCartan.SubharmonicConvolution
info: ModifiedCartan/SubharmonicConvolution.lean:62:0: 'ModifiedCartan.IsSubharmonicOn.convolution' depends on axioms: [propext, Classical.choice, Quot.sound]
info: ModifiedCartan/SubharmonicConvolution.lean:63:0: 'ModifiedCartan.IsSubharmonicOn.laplacian_convolution_nonneg' depends on axioms: [propext, Classical.choice, Quot.sound]
ℹ [3779/3871] Replayed ModifiedCartan.SubharmonicGradientSmoothing
info: ModifiedCartan/SubharmonicGradientSmoothing.lean:62:0: 'ModifiedCartan.IsSubharmonicOn.eventually_smoothing_gradient_bounds' depends on axioms: [propext,
 Classical.choice,
 Quot.sound]
ℹ [3780/3871] Replayed ModifiedCartan.DirectionalGradientSmoothing
info: ModifiedCartan/DirectionalGradientSmoothing.lean:72:0: 'ModifiedCartan.IsSubharmonicOn.eventually_directional_smoothing_gradient_bounds' depends on axioms: [propext,
 Classical.choice,
 Quot.sound]
ℹ [3781/3871] Replayed ModifiedCartan.WeakDirectionalLogTest
info: ModifiedCartan/WeakDirectionalLogTest.lean:68:0: 'ModifiedCartan.IsSubharmonicOn.weak_gradient_directional_regularized_log_test' depends on axioms: [propext,
 Classical.choice,
 Quot.sound]
ℹ [3782/3871] Replayed ModifiedCartan.DirectionalPhaseTest
info: ModifiedCartan/DirectionalPhaseTest.lean:44:0: 'ModifiedCartan.IsSubharmonicOn.weak_gradient_phase_test' depends on axioms: [propext, Classical.choice, Quot.sound]
ℹ [3783/3871] Replayed ModifiedCartan.PhaseCutoffMonotonicity
info: ModifiedCartan/PhaseCutoffMonotonicity.lean:59:0: 'ModifiedCartan.IsSubharmonicOn.eventually_phaseCutoff_convolution_mono' depends on axioms: [propext,
 Classical.choice,
 Quot.sound]
⚠ [3784/3871] Replayed ModifiedCartan.PhaseConePropagation
warning: ModifiedCartan/PhaseConePropagation.lean:56:59: `if_pos` has been deprecated: Use `ite_eq_left` instead
warning: ModifiedCartan/PhaseConePropagation.lean:59:13: `if_neg` has been deprecated: Use `ite_eq_right` instead
info: ModifiedCartan/PhaseConePropagation.lean:63:0: 'ModifiedCartan.IsSubharmonicOn.phase_eq_ae_on_strict_cone' depends on axioms: [propext, Classical.choice, Quot.sound]
ℹ [3785/3871] Replayed ModifiedCartan.PhaseConeAffine
info: ModifiedCartan/PhaseConeAffine.lean:61:0: 'ModifiedCartan.IsSubharmonicOn.affine_on_essential_strict_cone' depends on axioms: [propext,
 Classical.choice,
 Quot.sound]
⚠ [3786/3871] Replayed ModifiedCartan.EssentialPhases
warning: ModifiedCartan/EssentialPhases.lean:14:15: `_root_.not_imp` has been deprecated: Use `Classical.not_imp` instead
warning: ModifiedCartan/EssentialPhases.lean:15:45: `_root_.not_imp` has been deprecated: Use `Classical.not_imp` instead
warning: ModifiedCartan/EssentialPhases.lean:15:45: This simp argument is unused:
  _root_.not_imp

Hint: Omit it from the simp argument list.
  [apply] simp only [IsEssentialPhaseAt, not_forall, ne_eq, not_not, heq, exists_prop]

Note: This linter can be disabled with `set_option linter.unusedSimpArgs false`
info: ModifiedCartan/EssentialPhases.lean:78:0: 'ModifiedCartan.exists_local_essential_phases' depends on axioms: [propext, Classical.choice, Quot.sound]
ℹ [3787/3871] Replayed ModifiedCartan.LocalPhaseMaximum
info: ModifiedCartan/LocalPhaseMaximum.lean:57:0: 'ModifiedCartan.IsSubharmonicOn.locally_convex_of_finite_gradient_continuous' depends on axioms: [propext,
 Classical.choice,
 Quot.sound]
ℹ [3788/3871] Replayed ModifiedCartan.SubharmonicLocalConvexity
info: ModifiedCartan/SubharmonicLocalConvexity.lean:61:0: 'ModifiedCartan.IsSubharmonicOn.locally_convex_of_finite_gradient' depends on axioms: [propext,
 Classical.choice,
 Quot.sound]
ℹ [3816/3871] Replayed ModifiedCartan.DivisorPolynomial
info: ModifiedCartan/DivisorPolynomial.lean:130:0: 'ModifiedCartan.exists_monic_polynomial_exp_factor_on_ball' depends on axioms: [propext, Classical.choice, Quot.sound]
ℹ [3817/3871] Replayed ModifiedCartan.ZeroJensenLowerBound
info: ModifiedCartan/ZeroJensenLowerBound.lean:49:0: 'ModifiedCartan.scalar_logarithmic_circle_lower_bound' depends on axioms: [propext, Classical.choice, Quot.sound]
⚠ [3819/3871] Replayed ModifiedCartan.ScalarCurveBounds
warning: ModifiedCartan/ScalarCurveBounds.lean:28:22: `if_false` has been deprecated: Use `ite_false` instead
warning: ModifiedCartan/ScalarCurveBounds.lean:37:24: `if_true` has been deprecated: Use `ite_true` instead
warning: ModifiedCartan/ScalarCurveBounds.lean:38:25: `if_false` has been deprecated: Use `ite_false` instead
info: ModifiedCartan/ScalarCurveBounds.lean:97:0: 'ModifiedCartan.scalar_circle_log_le_curve_mean' depends on axioms: [propext, Classical.choice, Quot.sound]
info: ModifiedCartan/ScalarCurveBounds.lean:98:0: 'ModifiedCartan.exists_scalar_zero_of_transcendental' depends on axioms: [propext, Classical.choice, Quot.sound]
ℹ [3820/3871] Replayed ModifiedCartan.NeighborGrowth
info: ModifiedCartan/NeighborGrowth.lean:57:0: 'ModifiedCartan.neighbor_growth_dichotomy' depends on axioms: [propext, Classical.choice, Quot.sound]
ℹ [3821/3871] Replayed ModifiedCartan.TiltedIntervalSup
info: ModifiedCartan/TiltedIntervalSup.lean:77:0: 'ModifiedCartan.tiltedIntervalSup_neighbor_gap' depends on axioms: [propext, Classical.choice, Quot.sound]
ℹ [3822/3871] Replayed ModifiedCartan.TiltedBlockGrowth
info: ModifiedCartan/TiltedBlockGrowth.lean:133:0: 'ModifiedCartan.tiltedBlockSup_growth_slope' depends on axioms: [propext, Classical.choice, Quot.sound]
info: ModifiedCartan/TiltedBlockGrowth.lean:134:0: 'ModifiedCartan.tiltedBlockSup_decay_slope' depends on axioms: [propext, Classical.choice, Quot.sound]
ℹ [3823/3871] Replayed ModifiedCartan.StrongIndexPowerBounds
info: ModifiedCartan/StrongIndexPowerBounds.lean:80:0: 'ModifiedCartan.strongUpperIndex_le_of_uniform_upper' depends on axioms: [propext, Classical.choice, Quot.sound]
info: ModifiedCartan/StrongIndexPowerBounds.lean:81:0: 'ModifiedCartan.le_strongLowerIndex_of_uniform_lower' depends on axioms: [propext, Classical.choice, Quot.sound]
ℹ [3824/3871] Replayed ModifiedCartan.LogGrowthProfile
info: ModifiedCartan/LogGrowthProfile.lean:75:0: 'ModifiedCartan.strongUpperIndex_le_of_log_slope' depends on axioms: [propext, Classical.choice, Quot.sound]
info: ModifiedCartan/LogGrowthProfile.lean:76:0: 'ModifiedCartan.le_strongLowerIndex_of_log_slope' depends on axioms: [propext, Classical.choice, Quot.sound]
ℹ [3825/3871] Replayed ModifiedCartan.ApproximateGrowthPeaks
info: ModifiedCartan/ApproximateGrowthPeaks.lean:52:0: 'ModifiedCartan.exists_logarithmic_growth_peak' depends on axioms: [propext, Classical.choice, Quot.sound]
ℹ [3826/3871] Replayed ModifiedCartan.MultiplicativePeak
info: ModifiedCartan/MultiplicativePeak.lean:60:0: 'ModifiedCartan.multiplicative_peak_of_logarithmic_peak' depends on axioms: [propext, Classical.choice, Quot.sound]
info: ModifiedCartan/MultiplicativePeak.lean:61:0: 'ModifiedCartan.polyaPeakEpsilon_tendsto' depends on axioms: [propext, Classical.choice, Quot.sound]
ℹ [3827/3871] Replayed ModifiedCartan.PolyaPeaks
info: ModifiedCartan/PolyaPeaks.lean:46:0: 'ModifiedCartan.Paper.lem_peaks' depends on axioms: [propext, Classical.choice, Quot.sound]
ℹ [3828/3871] Replayed ModifiedCartan.PeakScaleBounds
info: ModifiedCartan/PeakScaleBounds.lean:66:0: 'ModifiedCartan.peak_fixed_scale_eventual_bound' depends on axioms: [propext, Classical.choice, Quot.sound]
info: ModifiedCartan/PeakScaleBounds.lean:67:0: 'ModifiedCartan.peak_fixed_scale_ratio_limsup' depends on axioms: [propext, Classical.choice, Quot.sound]
ℹ [3829/3871] Replayed ModifiedCartan.CharacteristicLogLower
info: ModifiedCartan/CharacteristicLogLower.lean:42:0: 'ModifiedCartan.characteristic_log_lower_of_transcendental' depends on axioms: [propext, Classical.choice, Quot.sound]
info: ModifiedCartan/CharacteristicLogLower.lean:43:0: 'ModifiedCartan.characteristic_tendsto_atTop_of_transcendental' depends on axioms: [propext,
 Classical.choice,
 Quot.sound]
ℹ [3832/3871] Replayed ModifiedCartan.HarmonicBounds
info: ModifiedCartan/HarmonicBounds.lean:85:0: 'ModifiedCartan.harmonic_harnack_48_32' depends on axioms: [propext, Classical.choice, Quot.sound]
info: ModifiedCartan/HarmonicBounds.lean:86:0: 'ModifiedCartan.norm_canonicalFactor_ge_one' depends on axioms: [propext, Classical.choice, Quot.sound]
ℹ [3834/3871] Replayed ModifiedCartan.PoissonMajorant
info: ModifiedCartan/PoissonMajorant.lean:128:0: 'ModifiedCartan.log_norm_le_poisson_log_majorant' depends on axioms: [propext, Classical.choice, Quot.sound]
⚠ [3836/3871] Replayed FewInflection.FundamentalAnalytic
warning: FewInflection/FundamentalAnalytic.lean:208:35: This simp argument is unused:
  hW

Hint: Omit it from the simp argument list.
  [apply] simp [fundamentalCoefficients, not_ne_iff.mp hW]

Note: This linter can be disabled with `set_option linter.unusedSimpArgs false`
⚠ [3837/3871] Replayed FewInflection.Gauge
warning: FewInflection/Gauge.lean:52:4: `push_neg` has been deprecated. Prefer using `push Not` instead.
If you'd rather continue using `push_neg` in your project, you can implement it as follows:
```
open Lean.Parser.Tactic in
macro "push_neg" cfg:optConfig loc:(location)? : tactic =>
  `(tactic| push $cfg:optConfig Not $[$loc]?)
```
warning: FewInflection/Gauge.lean:93:38: This simp argument is unused:
  Finset.sum_mul

Hint: Omit it from the simp argument list.
  [apply] simp [matrixGauge, smul_eq_mul, Finset.mul_sum, mul_comm, mul_left_comm, mul_assoc] at hz

Note: This linter can be disabled with `set_option linter.unusedSimpArgs false`
warning: FewInflection/Gauge.lean:94:33: This simp argument is unused:
  mul_assoc

Hint: Omit it from the simp argument list.
  [apply] simp [matrixGauge, smul_eq_mul, Finset.sum_mul, Finset.mul_sum, mul_comm, mul_left_comm] at hz

Note: This linter can be disabled with `set_option linter.unusedSimpArgs false`
⚠ [3838/3871] Replayed FewInflection.ScalarWronskian
warning: FewInflection/ScalarWronskian.lean:33:8: `if_pos` has been deprecated: Use `ite_eq_left` instead
⚠ [3839/3871] Replayed FewInflection.CanonicalLocalGauge
warning: FewInflection/CanonicalLocalGauge.lean:88:2: Try this: 
  letI̵

The goal is a proposition, so `let` is preferred over `letI`.
The difference between `let` and `letI` is that `letI` inlines the value.
But this is not relevant for proofs because of proof irrelevance.

Note: This linter can be disabled with `set_option linter.style.haveILetI false`
⚠ [3841/3871] Replayed FewInflection.Dilation
info: FewInflection/Dilation.lean:118:2: Try this:
  [apply] ring_nf
  
  The `ring` tactic failed to close the goal. Use `ring_nf` to obtain a normal form.
    
  Note that `ring` works primarily in *commutative* rings. If you have a noncommutative ring, abelian group or module, consider using `noncomm_ring`, `abel` or `module` instead.
warning: FewInflection/Dilation.lean:155:37: Variable name `ht` is not explicitly referenced.

Hint: The binding can be removed (if unused) or named `_` (if used implicitly). Alternatively, prefix the name with `_` to silence this warning:
  [apply] _ht

Note: This linter can be disabled with `set_option linter.unusedVariables false`
ℹ [3845/3871] Replayed ModifiedCartan.OrdinaryGrowthOrders
info: ModifiedCartan/OrdinaryGrowthOrders.lean:69:0: 'ModifiedCartan.upperGrowthOrder_le_of_log_upper' depends on axioms: [propext, Classical.choice, Quot.sound]
info: ModifiedCartan/OrdinaryGrowthOrders.lean:70:0: 'ModifiedCartan.le_lowerGrowthOrder_of_log_lower' depends on axioms: [propext, Classical.choice, Quot.sound]
⚠ [3846/3871] Replayed ModifiedCartan.UniformPowerLogBounds
warning: ModifiedCartan/UniformPowerLogBounds.lean:11:18: Variable name `hX` is not explicitly referenced.

Hint: The binding can be removed (if unused) or named `_` (if used implicitly). Alternatively, prefix the name with `_` to silence this warning:
  [apply] _hX

Note: This linter can be disabled with `set_option linter.unusedVariables false`
warning: ModifiedCartan/UniformPowerLogBounds.lean:31:18: Variable name `hX` is not explicitly referenced.

Hint: The binding can be removed (if unused) or named `_` (if used implicitly). Alternatively, prefix the name with `_` to silence this warning:
  [apply] _hX

Note: This linter can be disabled with `set_option linter.unusedVariables false`
info: ModifiedCartan/UniformPowerLogBounds.lean:65:0: 'ModifiedCartan.log_upper_of_uniform_power_upper' depends on axioms: [propext, Classical.choice, Quot.sound]
info: ModifiedCartan/UniformPowerLogBounds.lean:66:0: 'ModifiedCartan.log_lower_of_uniform_power_lower' depends on axioms: [propext, Classical.choice, Quot.sound]
info: ModifiedCartan/UniformPowerLogBounds.lean:67:0: 'ModifiedCartan.strongLowerIndex_nonneg' depends on axioms: [propext, Classical.choice, Quot.sound]
ℹ [3847/3871] Replayed ModifiedCartan.IndexOrderBounds
info: ModifiedCartan/IndexOrderBounds.lean:40:0: 'ModifiedCartan.strong_index_order_bounds' depends on axioms: [propext, Classical.choice, Quot.sound]
ℹ [3848/3871] Replayed ModifiedCartan.PeakLogNormalization
info: ModifiedCartan/PeakLogNormalization.lean:59:0: 'ModifiedCartan.peak_log_radius_div_scale_tendsto_zero' depends on axioms: [propext, Classical.choice, Quot.sound]
ℹ [3849/3871] Replayed ModifiedCartan.PeakRescaling
info: ModifiedCartan/PeakRescaling.lean:34:0: 'ModifiedCartan.peak_rescaling_relation' depends on axioms: [propext, Classical.choice, Quot.sound]
ℹ [3850/3871] Replayed ModifiedCartan.ArbitraryScaleWeight
info: ModifiedCartan/ArbitraryScaleWeight.lean:48:0: 'ModifiedCartan.arbitraryScaleWeight_mul_le' depends on axioms: [propext, Classical.choice, Quot.sound]
info: ModifiedCartan/ArbitraryScaleWeight.lean:49:0: 'ModifiedCartan.arbitrary_rescaling_relation' depends on axioms: [propext, Classical.choice, Quot.sound]
ℹ [3851/3871] Replayed ModifiedCartan.IsometryVectorTransport
info: ModifiedCartan/IsometryVectorTransport.lean:47:0: 'ModifiedCartan.exists_linearIsometry_map_of_norm_eq' depends on axioms: [propext, Classical.choice, Quot.sound]
⚠ [3852/3871] Replayed FewInflection.GaugeTranscendental
warning: FewInflection/GaugeTranscendental.lean:28:31: `Polynomial.eval_finset_sum` has been deprecated: Use `Polynomial.eval_finsetSum` instead
ℹ [3857/3947] Replayed ModifiedCartan.RescaledGauge
info: ModifiedCartan/RescaledGauge.lean:158:0: 'ModifiedCartan.Paper.eq_localgauge' depends on axioms: [propext, Classical.choice, Quot.sound]
info: ModifiedCartan/RescaledGauge.lean:159:0: 'ModifiedCartan.Paper.eq_canonical_coefficient_identification' depends on axioms: [propext,
 Classical.choice,
 Quot.sound]
info: ModifiedCartan/RescaledGauge.lean:160:0: 'ModifiedCartan.Paper.eq_meanidentity' depends on axioms: [propext, Classical.choice, Quot.sound]
ℹ [3858/3947] Replayed ModifiedCartan.HerglotzNormalization
info: ModifiedCartan/HerglotzNormalization.lean:76:0: 'ModifiedCartan.rescaledHerglotz_normalization_norm_le_one' depends on axioms: [propext, Classical.choice, Quot.sound]
ℹ [3859/3947] Replayed ModifiedCartan.CharacteristicZero
info: ModifiedCartan/CharacteristicZero.lean:110:0: 'ModifiedCartan.hasPolynomialRepresentation_of_characteristic_zero' depends on axioms: [propext,
 Classical.choice,
 Quot.sound]
info: ModifiedCartan/CharacteristicZero.lean:111:0: 'ModifiedCartan.characteristic_pos_of_transcendental' depends on axioms: [propext, Classical.choice, Quot.sound]
ℹ [3860/3947] Replayed ModifiedCartan.CharacteristicMonotone
info: ModifiedCartan/CharacteristicMonotone.lean:33:0: 'ModifiedCartan.characteristic_monotoneOn' depends on axioms: [propext, Classical.choice, Quot.sound]
ℹ [3861/3947] Replayed ModifiedCartan.CharacteristicIndices
info: ModifiedCartan/CharacteristicIndices.lean:45:0: 'ModifiedCartan.Paper.eq_index_order_bounds' depends on axioms: [propext, Classical.choice, Quot.sound]
info: ModifiedCartan/CharacteristicIndices.lean:46:0: 'ModifiedCartan.Paper.eq_index_order_bounds_of_transcendental' depends on axioms: [propext,
 Classical.choice,
 Quot.sound]
ℹ [3862/3947] Replayed ModifiedCartan.CharacteristicPeaks
info: ModifiedCartan/CharacteristicPeaks.lean:92:0: 'ModifiedCartan.characteristic_peaks_with_normalization' depends on axioms: [propext, Classical.choice, Quot.sound]
info: ModifiedCartan/CharacteristicPeaks.lean:93:0: 'ModifiedCartan.characteristic_peak_scale_hypotheses' depends on axioms: [propext, Classical.choice, Quot.sound]
ℹ [3863/3947] Replayed ModifiedCartan.PowerNormalization
info: ModifiedCartan/PowerNormalization.lean:67:0: 'ModifiedCartan.characteristic_log_div_tendsto_zero_of_equal_positive_indices' depends on axioms: [propext,
 Classical.choice,
 Quot.sound]
ℹ [3864/3947] Replayed ModifiedCartan.ArbitraryScaleHypotheses
info: ModifiedCartan/ArbitraryScaleHypotheses.lean:77:0: 'ModifiedCartan.characteristic_arbitrary_scale_hypotheses' depends on axioms: [propext, Classical.choice, Quot.sound]
ℹ [3865/3947] Replayed ModifiedCartan.EuclideanCoordinateNormalization
info: ModifiedCartan/EuclideanCoordinateNormalization.lean:84:0: 'ModifiedCartan.exists_euclidean_matrix_nonzero_coordinates' depends on axioms: [propext, Classical.choice, Quot.sound]
⚠ [3866/3947] Replayed FewInflection.ScalarGauge
warning: FewInflection/ScalarGauge.lean:120:43: This simp argument is unused:
  mul_comm

Hint: Omit it from the simp argument list.
  [apply] simp [smul_eq_mul, Finset.mul_sum, mul_left_comm, mul_assoc]

Note: This linter can be disabled with `set_option linter.unusedSimpArgs false`
warning: FewInflection/ScalarGauge.lean:120:68: This simp argument is unused:
  mul_assoc

Hint: Omit it from the simp argument list.
  [apply] simp [smul_eq_mul, Finset.mul_sum, mul_comm, mul_left_comm]

Note: This linter can be disabled with `set_option linter.unusedSimpArgs false`
warning: FewInflection/ScalarGauge.lean:139:43: This simp argument is unused:
  mul_comm

Hint: Omit it from the simp argument list.
  [apply] simp [smul_eq_mul, Finset.mul_sum, mul_left_comm, mul_assoc]

Note: This linter can be disabled with `set_option linter.unusedSimpArgs false`
warning: FewInflection/ScalarGauge.lean:139:68: This simp argument is unused:
  mul_assoc

Hint: Omit it from the simp argument list.
  [apply] simp [smul_eq_mul, Finset.mul_sum, mul_comm, mul_left_comm]

Note: This linter can be disabled with `set_option linter.unusedSimpArgs false`
ℹ [3868/3947] Replayed ModifiedCartan.CurveCoordinateNormalization
info: ModifiedCartan/CurveCoordinateNormalization.lean:59:0: 'ModifiedCartan.exists_normalized_curve' depends on axioms: [propext, Classical.choice, Quot.sound]
⚠ [3870/3947] Replayed FewInflection.DerivativeMinors
warning: FewInflection/DerivativeMinors.lean:123:41: This simp argument is unused:
  dotProduct

Hint: Omit it from the simp argument list.
  [apply] simp [D, M, Matrix.diagonal_apply]

Note: This linter can be disabled with `set_option linter.unusedSimpArgs false`
ℹ [3880/3947] Replayed ModifiedCartan.BoundedWronskian
info: ModifiedCartan/BoundedWronskian.lean:55:0: 'ModifiedCartan.norm_wronskian_le_of_unit_bound' depends on axioms: [propext, Classical.choice, Quot.sound]
⚠ [3886/3947] Replayed ModifiedCartan.MinorGrowthPaths
warning: ModifiedCartan/MinorGrowthPaths.lean:85:4: Try this: 
  haveI̵

The goal is a proposition, so `have` is preferred over `haveI`.
The difference between `have` and `haveI` is that `haveI` inlines the value.
But this is not relevant for proofs because of proof irrelevance.

Note: This linter can be disabled with `set_option linter.style.haveILetI false`
⚠ [3887/3947] Replayed ModifiedCartan.MinorGrowthCount
warning: ModifiedCartan/MinorGrowthCount.lean:18:4: Try this: 
  letI̵

The goal is a proposition, so `let` is preferred over `letI`.
The difference between `let` and `letI` is that `letI` inlines the value.
But this is not relevant for proofs because of proof irrelevance.

Note: This linter can be disabled with `set_option linter.style.haveILetI false`
warning: ModifiedCartan/MinorGrowthCount.lean:20:4: Try this: 
  letI̵

The goal is a proposition, so `let` is preferred over `letI`.
The difference between `let` and `letI` is that `letI` inlines the value.
But this is not relevant for proofs because of proof irrelevance.

Note: This linter can be disabled with `set_option linter.style.haveILetI false`
warning: ModifiedCartan/MinorGrowthCount.lean:24:4: Try this: 
  letI̵

The goal is a proposition, so `let` is preferred over `letI`.
The difference between `let` and `letI` is that `letI` inlines the value.
But this is not relevant for proofs because of proof irrelevance.

Note: This linter can be disabled with `set_option linter.style.haveILetI false`
warning: ModifiedCartan/MinorGrowthCount.lean:30:2: Try this: 
  letI̵

The goal is a proposition, so `let` is preferred over `letI`.
The difference between `let` and `letI` is that `letI` inlines the value.
But this is not relevant for proofs because of proof irrelevance.

Note: This linter can be disabled with `set_option linter.style.haveILetI false`
warning: ModifiedCartan/MinorGrowthCount.lean:36:2: Try this: 
  letI̵

The goal is a proposition, so `let` is preferred over `letI`.
The difference between `let` and `letI` is that `letI` inlines the value.
But this is not relevant for proofs because of proof irrelevance.

Note: This linter can be disabled with `set_option linter.style.haveILetI false`
⚠ [3888/3947] Replayed ModifiedCartan.SkewTableaux
warning: ModifiedCartan/SkewTableaux.lean:106:2: Try this: 
  letI̵

The goal is a proposition, so `let` is preferred over `letI`.
The difference between `let` and `letI` is that `letI` inlines the value.
But this is not relevant for proofs because of proof irrelevance.

Note: This linter can be disabled with `set_option linter.style.haveILetI false`
warning: ModifiedCartan/SkewTableaux.lean:108:2: Try this: 
  letI̵

The goal is a proposition, so `let` is preferred over `letI`.
The difference between `let` and `letI` is that `letI` inlines the value.
But this is not relevant for proofs because of proof irrelevance.

Note: This linter can be disabled with `set_option linter.style.haveILetI false`
warning: ModifiedCartan/SkewTableaux.lean:113:2: Try this: 
  haveI̵

The goal is a proposition, so `have` is preferred over `haveI`.
The difference between `have` and `haveI` is that `haveI` inlines the value.
But this is not relevant for proofs because of proof irrelevance.

Note: This linter can be disabled with `set_option linter.style.haveILetI false`
warning: ModifiedCartan/SkewTableaux.lean:118:2: Try this: 
  letI̵

The goal is a proposition, so `let` is preferred over `letI`.
The difference between `let` and `letI` is that `letI` inlines the value.
But this is not relevant for proofs because of proof irrelevance.

Note: This linter can be disabled with `set_option linter.style.haveILetI false`
⚠ [3891/3947] Replayed ModifiedCartan.SkewAdditions
warning: ModifiedCartan/SkewAdditions.lean:17:44: Variable name `a` is not explicitly referenced.

Hint: The binding can be removed (if unused) or named `_` (if used implicitly). Alternatively, prefix the name with `_` to silence this warning:
  [apply] _a

Note: This linter can be disabled with `set_option linter.unusedVariables false`
warning: ModifiedCartan/SkewAdditions.lean:17:46: Variable name `b` is not explicitly referenced.

Hint: The binding can be removed (if unused) or named `_` (if used implicitly). Alternatively, prefix the name with `_` to silence this warning:
  [apply] _b

Note: This linter can be disabled with `set_option linter.unusedVariables false`
⚠ [3896/3947] Replayed ModifiedCartan.TableauCountRecurrence
warning: ModifiedCartan/TableauCountRecurrence.lean:40:32: `if_pos` has been deprecated: Use `ite_eq_left` instead
⚠ [3907/3947] Replayed ModifiedCartan.TableauCountPositive
warning: ModifiedCartan/TableauCountPositive.lean:50:22: Unused tactic linter: `change partitionSize ν = partitionSize r.enlarged + k` does nothing

Note: This linter can be disabled with `set_option linter.unusedTactic false`
ℹ [3909/3947] Replayed ModifiedCartan.PolynomialODEKernelBound
info: ModifiedCartan/PolynomialODEKernelBound.lean:71:0: 'ModifiedCartan.polynomialDifferential_subspace_finrank_le' depends on axioms: [propext, Classical.choice, Quot.sound]
ℹ [3912/3947] Replayed ModifiedCartan.OpenDiskCounting
info: ModifiedCartan/OpenDiskCounting.lean:163:0: 'ModifiedCartan.finiteDivisorPolynomial_degree_count_bound' depends on axioms: [propext, Classical.choice, Quot.sound]
info: ModifiedCartan/OpenDiskCounting.lean:164:0: 'ModifiedCartan.logCounting_eq_open_disk_sum' depends on axioms: [propext, Classical.choice, Quot.sound]
info: ModifiedCartan/OpenDiskCounting.lean:165:0: 'ModifiedCartan.exponential_factor_center_identity' depends on axioms: [propext, Classical.choice, Quot.sound]
ℹ [3913/3947] Replayed ModifiedCartan.CountingDilation
info: ModifiedCartan/CountingDilation.lean:143:0: 'ModifiedCartan.logCounting_wronskian_dilate' depends on axioms: [propext, Classical.choice, Quot.sound]
info: ModifiedCartan/CountingDilation.lean:144:0: 'ModifiedCartan.log_trailingCoeff_wronskian_dilate' depends on axioms: [propext, Classical.choice, Quot.sound]
ℹ [3914/3947] Replayed ModifiedCartan.RepresentationCenter
info: ModifiedCartan/RepresentationCenter.lean:119:0: 'ModifiedCartan.Paper.eq_centeridentity' depends on axioms: [propext, Classical.choice, Quot.sound]
ℹ [3915/3947] Replayed ModifiedCartan.RepresentationAsymptotics
info: ModifiedCartan/RepresentationAsymptotics.lean:145:0: 'ModifiedCartan.rescaledWronskianPolynomial_degree_small' depends on axioms: [propext, Classical.choice, Quot.sound]
info: ModifiedCartan/RepresentationAsymptotics.lean:146:0: 'ModifiedCartan.Paper.representation_step_one' depends on axioms: [propext, Classical.choice, Quot.sound]
⚠ [3916/3947] Replayed ModifiedCartan.GaugeCoefficientAlgebra
warning: ModifiedCartan/GaugeCoefficientAlgebra.lean:207:51: This simp argument is unused:
  Matrix.one_apply

Hint: Omit it from the simp argument list.
  [apply] simp [finiteJetTransitionMatrix, zeroGaugeJet]

Note: This linter can be disabled with `set_option linter.unusedSimpArgs false`
warning: ModifiedCartan/GaugeCoefficientAlgebra.lean:210:69: This simp argument is unused:
  Matrix.one_apply

Hint: Omit it from the simp argument list.
  [apply] simp [finiteJetTransitionMatrix, Nat.choose_eq_zero_of_lt hlt, hki]

Note: This linter can be disabled with `set_option linter.unusedSimpArgs false`
warning: ModifiedCartan/GaugeCoefficientAlgebra.lean:212:59: This simp argument is unused:
  Matrix.one_apply

Hint: Omit it from the simp argument list.
  [apply] simp [finiteJetTransitionMatrix, zeroGaugeJet, hpos, hki]

Note: This linter can be disabled with `set_option linter.unusedSimpArgs false`
info: ModifiedCartan/GaugeCoefficientAlgebra.lean:245:0: 'ModifiedCartan.canonical_coefficient_triangular_relation' depends on axioms: [propext, Classical.choice, Quot.sound]
info: ModifiedCartan/GaugeCoefficientAlgebra.lean:246:0: 'ModifiedCartan.canonical_normalized_coefficient_adjugate' depends on axioms: [propext, Classical.choice, Quot.sound]
info: ModifiedCartan/GaugeCoefficientAlgebra.lean:247:0: 'ModifiedCartan.canonical_normalized_coefficient_eq_polynomial' depends on axioms: [propext,
 Classical.choice,
 Quot.sound]
ℹ [3917/3947] Replayed ModifiedCartan.CoefficientMeasurability
info: ModifiedCartan/CoefficientMeasurability.lean:43:0: 'ModifiedCartan.fundamentalCoefficient_aestronglyMeasurable' depends on axioms: [propext, Classical.choice, Quot.sound]
info: ModifiedCartan/CoefficientMeasurability.lean:44:0: 'ModifiedCartan.logarithmicJet_aestronglyMeasurable' depends on axioms: [propext, Classical.choice, Quot.sound]
ℹ [3919/3947] Replayed ModifiedCartan.PolynomialApproximationCounting
info: ModifiedCartan/PolynomialApproximationCounting.lean:170:0: 'ModifiedCartan.exists_monic_polynomial_growth_center' depends on axioms: [propext, Classical.choice, Quot.sound]
info: ModifiedCartan/PolynomialApproximationCounting.lean:171:0: 'ModifiedCartan.polynomial_approximation_divisor_count_le' depends on axioms: [propext, Classical.choice, Quot.sound]
ℹ [3920/3947] Replayed ModifiedCartan.RootDistanceSums
info: ModifiedCartan/RootDistanceSums.lean:145:0: 'ModifiedCartan.eLpNorm_scaled_reciprocalDistanceSum_le' depends on axioms: [propext, Classical.choice, Quot.sound]
info: ModifiedCartan/RootDistanceSums.lean:146:0: 'ModifiedCartan.reciprocalDistanceSum_exterior_le' depends on axioms: [propext, Classical.choice, Quot.sound]
info: ModifiedCartan/RootDistanceSums.lean:147:0: 'ModifiedCartan.inner_root_sum_eLpNorm_tendsto_zero' depends on axioms: [propext, Classical.choice, Quot.sound]
info: ModifiedCartan/RootDistanceSums.lean:148:0: 'ModifiedCartan.inner_root_sum_localMeasure_zero' depends on axioms: [propext, Classical.choice, Quot.sound]
ℹ [3921/3947] Replayed ModifiedCartan.SubsetProductBounds
info: ModifiedCartan/SubsetProductBounds.lean:221:0: 'ModifiedCartan.powersetCard_product_difference_le_exp_one' depends on axioms: [propext, Classical.choice, Quot.sound]
info: ModifiedCartan/SubsetProductBounds.lean:222:0: 'ModifiedCartan.norm_marked_powersetCard_product_sum_le' depends on axioms: [propext, Classical.choice, Quot.sound]
⚠ [3925/3947] Replayed ModifiedCartan.YoungPolytabloid
warning: ModifiedCartan/YoungPolytabloid.lean:54:2: Try `simp at hc` instead of `simpa using hc`

Note: This linter can be disabled with `set_option linter.unnecessarySimpa false`
⚠ [3931/4002] Replayed ModifiedCartan.MinorTranslation
warning: ModifiedCartan/MinorTranslation.lean:30:8: `if_pos` has been deprecated: Use `ite_eq_left` instead
⚠ [3934/4002] Replayed ModifiedCartan.SchubertWronskianDegree
warning: ModifiedCartan/SchubertWronskianDegree.lean:30:44: `if_neg` has been deprecated: Use `ite_eq_right` instead
ℹ [3936/4002] Replayed ModifiedCartan.SchubertMonicWronskian
info: ModifiedCartan/SchubertMonicWronskian.lean:69:0: 'ModifiedCartan.normalizedSchubertCoordinate_bot' depends on axioms: [propext, Classical.choice, Quot.sound]
info: ModifiedCartan/SchubertMonicWronskian.lean:70:0: 'ModifiedCartan.schubertMonicWronskian_monic' depends on axioms: [propext, Classical.choice, Quot.sound]
⚠ [3937/4002] Replayed ModifiedCartan.MonicPolynomialParameters
warning: ModifiedCartan/MonicPolynomialParameters.lean:54:2: try 'simp' instead of 'simpa'

Note: This linter can be disabled with `set_option linter.unnecessarySimpa false`
info: ModifiedCartan/MonicPolynomialParameters.lean:59:0: 'ModifiedCartan.complex_monic_eq_prod_linear' depends on axioms: [propext, Classical.choice, Quot.sound]
ℹ [3939/4002] Replayed ModifiedCartan.MonicCircleMean
info: ModifiedCartan/MonicCircleMean.lean:75:0: 'ModifiedCartan.analytic_exp_factor_re_le_log_bound' depends on axioms: [propext, Classical.choice, Quot.sound]
ℹ [3940/4002] Replayed ModifiedCartan.RepresentationBound
info: ModifiedCartan/RepresentationBound.lean:120:0: 'ModifiedCartan.Paper.eq_representationbounds_norm' depends on axioms: [propext, Classical.choice, Quot.sound]
ℹ [3941/4002] Replayed ModifiedCartan.PolynomialRootCount
info: ModifiedCartan/PolynomialRootCount.lean:164:0: 'ModifiedCartan.polynomial_root_list_count' depends on axioms: [propext, Classical.choice, Quot.sound]
info: ModifiedCartan/PolynomialRootCount.lean:165:0: 'ModifiedCartan.exists_normalized_polynomial_root_list' depends on axioms: [propext, Classical.choice, Quot.sound]
info: ModifiedCartan/PolynomialRootCount.lean:166:0: 'ModifiedCartan.polynomial_approximation_root_count_tendsto_zero' depends on axioms: [propext,
 Classical.choice,
 Quot.sound]
ℹ [3944/4002] Replayed ModifiedCartan.LocalRootSeparation
info: ModifiedCartan/LocalRootSeparation.lean:116:0: 'ModifiedCartan.Paper.eq_rootbounds' depends on axioms: [propext, Classical.choice, Quot.sound]
⚠ [4079/4186] Replayed ModifiedCartan.CentralCharacterOperator
warning: ModifiedCartan/CentralCharacterOperator.lean:18:0: automatically included section variable(s) unused in theorem `ModifiedCartan.characterWeightedOperator_commutes`:
  [FiniteDimensional ℂ V]
consider restructuring your `variable` declarations so that the variables are not in scope or explicitly omit them:
  omit [FiniteDimensional ℂ V] in theorem ...

Note: This linter can be disabled with `set_option linter.unusedSectionVars false`
⚠ [4080/4186] Replayed ModifiedCartan.CharacterScalarAction
warning: ModifiedCartan/CharacterScalarAction.lean:13:0: automatically included section variable(s) unused in theorem `ModifiedCartan.characterWeightedOperator_trace`:
  [FiniteDimensional ℂ V]
  [FiniteDimensional ℂ W]
consider restructuring your `variable` declarations so that the variables are not in scope or explicitly omit them:
  omit [FiniteDimensional ℂ V] [FiniteDimensional ℂ W] in theorem ...

Note: This linter can be disabled with `set_option linter.unusedSectionVars false`
warning: ModifiedCartan/CharacterScalarAction.lean:31:2: Try this: 
  letI̵

The goal is a proposition, so `let` is preferred over `letI`.
The difference between `let` and `letI` is that `letI` inlines the value.
But this is not relevant for proofs because of proof irrelevance.

Note: This linter can be disabled with `set_option linter.style.haveILetI false`
warning: ModifiedCartan/CharacterScalarAction.lean:32:2: Try this: 
  letI̵

The goal is a proposition, so `let` is preferred over `letI`.
The difference between `let` and `letI` is that `letI` inlines the value.
But this is not relevant for proofs because of proof irrelevance.

Note: This linter can be disabled with `set_option linter.style.haveILetI false`
warning: ModifiedCartan/CharacterScalarAction.lean:29:0: automatically included section variable(s) unused in theorem `ModifiedCartan.irreducible_finrank_ne_zero`:
  [Fintype G]
consider restructuring your `variable` declarations so that the variables are not in scope or explicitly omit them:
  omit [Fintype G] in theorem ...

Note: This linter can be disabled with `set_option linter.unusedSectionVars false`
warning: ModifiedCartan/CharacterScalarAction.lean:46:2: Try this: 
  letI̵

The goal is a proposition, so `let` is preferred over `letI`.
The difference between `let` and `letI` is that `letI` inlines the value.
But this is not relevant for proofs because of proof irrelevance.

Note: This linter can be disabled with `set_option linter.style.haveILetI false`
warning: ModifiedCartan/CharacterScalarAction.lean:55:8: `if_pos` has been deprecated: Use `ite_eq_left` instead
warning: ModifiedCartan/CharacterScalarAction.lean:62:8: `if_neg` has been deprecated: Use `ite_eq_right` instead
⚠ [4081/4186] Replayed ModifiedCartan.CharacterProjectorBasic
warning: ModifiedCartan/CharacterProjectorBasic.lean:12:0: automatically included section variable(s) unused in theorem `ModifiedCartan.characterWeightedOperator_natural`:
  [FiniteDimensional ℂ V]
consider restructuring your `variable` declarations so that the variables are not in scope or explicitly omit them:
  omit [FiniteDimensional ℂ V] in theorem ...

Note: This linter can be disabled with `set_option linter.unusedSectionVars false`
⚠ [4082/4186] Replayed ModifiedCartan.CharacterProjectorFixed
warning: ModifiedCartan/CharacterProjectorFixed.lean:12:0: automatically included section variable(s) unused in theorem `ModifiedCartan.intertwiner_apply_mem_isotypic`:
  [Fintype G]
  [FiniteDimensional ℂ V]
consider restructuring your `variable` declarations so that the variables are not in scope or explicitly omit them:
  omit [Fintype G] [FiniteDimensional ℂ V] in theorem ...

Note: This linter can be disabled with `set_option linter.unusedSectionVars false`
⚠ [4083/4186] Replayed ModifiedCartan.CharacterOrthogonalInvariant
warning: ModifiedCartan/CharacterOrthogonalInvariant.lean:39:0: automatically included section variable(s) unused in theorem `ModifiedCartan.invariant_orthogonal_of_unitary`:
  [Fintype G]
consider restructuring your `variable` declarations so that the variables are not in scope or explicitly omit them:
  omit [Fintype G] in theorem ...

Note: This linter can be disabled with `set_option linter.unusedSectionVars false`
⚠ [4095/4186] Replayed ModifiedCartan.YoungAlternatingRange
warning: ModifiedCartan/YoungAlternatingRange.lean:23:4: `push_neg` has been deprecated. Prefer using `push Not` instead.
If you'd rather continue using `push_neg` in your project, you can implement it as follows:
```
open Lean.Parser.Tactic in
macro "push_neg" cfg:optConfig loc:(location)? : tactic =>
  `(tactic| push $cfg:optConfig Not $[$loc]?)
```
⚠ [4099/4186] Replayed ModifiedCartan.SpechtRepresentation
warning: ModifiedCartan/SpechtRepresentation.lean:22:2: Try this: 
  letI̵

The goal is a proposition, so `let` is preferred over `letI`.
The difference between `let` and `letI` is that `letI` inlines the value.
But this is not relevant for proofs because of proof irrelevance.

Note: This linter can be disabled with `set_option linter.style.haveILetI false`
⚠ [4104/4186] Replayed ModifiedCartan.YoungFillings
warning: ModifiedCartan/YoungFillings.lean:27:25: try 'simp' instead of 'simpa'

Note: This linter can be disabled with `set_option linter.unnecessarySimpa false`
warning: ModifiedCartan/YoungFillings.lean:78:32: `if_pos` has been deprecated: Use `ite_eq_left` instead
⚠ [4150/4186] Replayed ModifiedCartan.CycleColorings
warning: ModifiedCartan/CycleColorings.lean:20:0: automatically included section variable(s) unused in theorem `ModifiedCartan.permutationCycleClass_apply`:
  [Fintype A]
  [DecidableEq A]
consider restructuring your `variable` declarations so that the variables are not in scope or explicitly omit them:
  omit [Fintype A] [DecidableEq A] in theorem ...

Note: This linter can be disabled with `set_option linter.unusedSectionVars false`
warning: ModifiedCartan/CycleColorings.lean:24:0: automatically included section variable(s) unused in theorem `ModifiedCartan.coloring_pow_eq`:
  [Fintype A]
  [DecidableEq A]
consider restructuring your `variable` declarations so that the variables are not in scope or explicitly omit them:
  omit [Fintype A] [DecidableEq A] in theorem ...

Note: This linter can be disabled with `set_option linter.unusedSectionVars false`
ℹ [4155/4296] Replayed ModifiedCartan.ColumnPartitionMinorOrders
info: ModifiedCartan/ColumnPartitionMinorOrders.lean:58:0: 'ModifiedCartan.columnPartition_order_cycle' depends on axioms: [propext, Classical.choice, Quot.sound]
ℹ [4156/4296] Replayed ModifiedCartan.ColumnMinorCramer
info: ModifiedCartan/ColumnMinorCramer.lean:88:0: 'ModifiedCartan.fundamentalCoefficients_eq_columnMinor' depends on axioms: [propext, Classical.choice, Quot.sound]
ℹ [4161/4296] Replayed ModifiedCartan.PolynomialBasisReduction
info: ModifiedCartan/PolynomialBasisReduction.lean:40:0: 'ModifiedCartan.basis_exists_elementary_subtraction' depends on axioms: [propext, Classical.choice, Quot.sound]
info: ModifiedCartan/PolynomialBasisReduction.lean:41:0: 'ModifiedCartan.polynomial_natDegree_cancel_leading_lt' depends on axioms: [propext, Classical.choice, Quot.sound]
⚠ [4162/4296] Replayed ModifiedCartan.ColoringOrbits
warning: ModifiedCartan/ColoringOrbits.lean:14:11: Variable name `f` is not explicitly referenced.

Hint: The binding can be removed (if unused) or named `_` (if used implicitly). Alternatively, prefix the name with `_` to silence this warning:
  [apply] _f

Note: This linter can be disabled with `set_option linter.unusedVariables false`
warning: ModifiedCartan/ColoringOrbits.lean:15:11: Variable name `σ` is not explicitly referenced.

Hint: The binding can be removed (if unused) or named `_` (if used implicitly). Alternatively, prefix the name with `_` to silence this warning:
  [apply] _σ

Note: This linter can be disabled with `set_option linter.unusedVariables false`
warning: ModifiedCartan/ColoringOrbits.lean:15:13: Variable name `τ` is not explicitly referenced.

Hint: The binding can be removed (if unused) or named `_` (if used implicitly). Alternatively, prefix the name with `_` to silence this warning:
  [apply] _τ

Note: This linter can be disabled with `set_option linter.unusedVariables false`
warning: ModifiedCartan/ColoringOrbits.lean:15:15: Variable name `f` is not explicitly referenced.

Hint: The binding can be removed (if unused) or named `_` (if used implicitly). Alternatively, prefix the name with `_` to silence this warning:
  [apply] _f

Note: This linter can be disabled with `set_option linter.unusedVariables false`
⚠ [4164/4296] Replayed ModifiedCartan.RemovedBoxes
warning: ModifiedCartan/RemovedBoxes.lean:41:11: Variable name `a` is not explicitly referenced.

Hint: The binding can be removed (if unused) or named `_` (if used implicitly). Alternatively, prefix the name with `_` to silence this warning:
  [apply] _a

Note: This linter can be disabled with `set_option linter.unusedVariables false`
warning: ModifiedCartan/RemovedBoxes.lean:42:12: Variable name `a` is not explicitly referenced.

Hint: The binding can be removed (if unused) or named `_` (if used implicitly). Alternatively, prefix the name with `_` to silence this warning:
  [apply] _a

Note: This linter can be disabled with `set_option linter.unusedVariables false`
⚠ [4166/4296] Replayed ModifiedCartan.RemovedPermutations
warning: ModifiedCartan/RemovedPermutations.lean:51:4: Unused tactic linter: `change f ((youngRemovalPermutationEquiv μ b p).val a) = f a` does nothing

Note: This linter can be disabled with `set_option linter.unusedTactic false`
⚠ [4168/4296] Replayed ModifiedCartan.FixedPointPermutationSums
warning: ModifiedCartan/FixedPointPermutationSums.lean:51:12: `dif_pos` has been deprecated: Use `dite_eq_left` instead
⚠ [4169/4296] Replayed ModifiedCartan.CycleWeightedPowers
warning: ModifiedCartan/CycleWeightedPowers.lean:15:0: automatically included section variable(s) unused in theorem `ModifiedCartan.coloring_product_eq_cycle_product`:
  [DecidableEq A]
consider restructuring your `variable` declarations so that the variables are not in scope or explicitly omit them:
  omit [DecidableEq A] in theorem ...

Note: This linter can be disabled with `set_option linter.unusedSectionVars false`
⚠ [4175/4296] Replayed ModifiedCartan.WeightColoringRepresentation
warning: ModifiedCartan/WeightColoringRepresentation.lean:17:11: Variable name `f` is not explicitly referenced.

Hint: The binding can be removed (if unused) or named `_` (if used implicitly). Alternatively, prefix the name with `_` to silence this warning:
  [apply] _f

Note: This linter can be disabled with `set_option linter.unusedVariables false`
warning: ModifiedCartan/WeightColoringRepresentation.lean:18:11: Variable name `σ` is not explicitly referenced.

Hint: The binding can be removed (if unused) or named `_` (if used implicitly). Alternatively, prefix the name with `_` to silence this warning:
  [apply] _σ

Note: This linter can be disabled with `set_option linter.unusedVariables false`
warning: ModifiedCartan/WeightColoringRepresentation.lean:18:13: Variable name `τ` is not explicitly referenced.

Hint: The binding can be removed (if unused) or named `_` (if used implicitly). Alternatively, prefix the name with `_` to silence this warning:
  [apply] _τ

Note: This linter can be disabled with `set_option linter.unusedVariables false`
warning: ModifiedCartan/WeightColoringRepresentation.lean:18:15: Variable name `f` is not explicitly referenced.

Hint: The binding can be removed (if unused) or named `_` (if used implicitly). Alternatively, prefix the name with `_` to silence this warning:
  [apply] _f

Note: This linter can be disabled with `set_option linter.unusedVariables false`
⚠ [4176/4296] Replayed ModifiedCartan.YoungColoringMinimum
warning: ModifiedCartan/YoungColoringMinimum.lean:37:4: `push_neg` has been deprecated. Prefer using `push Not` instead.
If you'd rather continue using `push_neg` in your project, you can implement it as follows:
```
open Lean.Parser.Tactic in
macro "push_neg" cfg:optConfig loc:(location)? : tactic =>
  `(tactic| push $cfg:optConfig Not $[$loc]?)
```
⚠ [4177/4296] Replayed ModifiedCartan.YoungRowDegrees
warning: ModifiedCartan/YoungRowDegrees.lean:30:2: Try this: 
  letI̵

The goal is a proposition, so `let` is preferred over `letI`.
The difference between `let` and `letI` is that `letI` inlines the value.
But this is not relevant for proofs because of proof irrelevance.

Note: This linter can be disabled with `set_option linter.style.haveILetI false`
⚠ [4178/4296] Replayed ModifiedCartan.FinitePartitionDegrees
warning: ModifiedCartan/FinitePartitionDegrees.lean:24:11: Variable name `b` is not explicitly referenced.

Hint: The binding can be removed (if unused) or named `_` (if used implicitly). Alternatively, prefix the name with `_` to silence this warning:
  [apply] _b

Note: This linter can be disabled with `set_option linter.unusedVariables false`
warning: ModifiedCartan/FinitePartitionDegrees.lean:25:12: Variable name `p` is not explicitly referenced.

Hint: The binding can be removed (if unused) or named `_` (if used implicitly). Alternatively, prefix the name with `_` to silence this warning:
  [apply] _p

Note: This linter can be disabled with `set_option linter.unusedVariables false`
info: ModifiedCartan/FinitePartitionDegrees.lean:57:0: 'ModifiedCartan.finiteColorWeight_partitionFiniteDegree' depends on axioms: [propext, Classical.choice, Quot.sound]
info: ModifiedCartan/FinitePartitionDegrees.lean:58:0: 'ModifiedCartan.partitionFiniteDegree_mapDomain' depends on axioms: [propext, Classical.choice, Quot.sound]
ℹ [4192/4296] Replayed ModifiedCartan.SingleVariableSeries
info: ModifiedCartan/SingleVariableSeries.lean:66:0: 'ModifiedCartan.singleVariableSeries_coeff' depends on axioms: [propext, Classical.choice, Quot.sound]
ℹ [4194/4296] Replayed ModifiedCartan.MvDividedPowerNormalization
info: ModifiedCartan/MvDividedPowerNormalization.lean:56:0: 'ModifiedCartan.mvDividedPowerNormalize_first_coeff' depends on axioms: [propext, Classical.choice, Quot.sound]
ℹ [4195/4296] Replayed ModifiedCartan.DividedPowerPolynomials
info: ModifiedCartan/DividedPowerPolynomials.lean:57:0: 'ModifiedCartan.complexDividedPowerPolynomial_jet_zero' depends on axioms: [propext, Classical.choice, Quot.sound]
⚠ [4197/4296] Replayed ModifiedCartan.ClassFunctionScalarAction
warning: ModifiedCartan/ClassFunctionScalarAction.lean:14:0: automatically included section variable(s) unused in theorem `ModifiedCartan.classFunctionOperator_trace`:
  [FiniteDimensional ℂ V]
consider restructuring your `variable` declarations so that the variables are not in scope or explicitly omit them:
  omit [FiniteDimensional ℂ V] in theorem ...

Note: This linter can be disabled with `set_option linter.unusedSectionVars false`
⚠ [4198/4296] Replayed ModifiedCartan.CharacterIrreducibleImages
warning: ModifiedCartan/CharacterIrreducibleImages.lean:24:0: automatically included section variable(s) unused in theorem `ModifiedCartan.intertwiner_apply_mem_isotypic_of_equiv`:
  [FiniteDimensional ℂ W]
consider restructuring your `variable` declarations so that the variables are not in scope or explicitly omit them:
  omit [FiniteDimensional ℂ W] in theorem ...

Note: This linter can be disabled with `set_option linter.unusedSectionVars false`
⚠ [4199/4296] Replayed ModifiedCartan.CharacterSimpleGeneration
warning: ModifiedCartan/CharacterSimpleGeneration.lean:17:2: Try this: 
  letI̵

The goal is a proposition, so `let` is preferred over `letI`.
The difference between `let` and `letI` is that `letI` inlines the value.
But this is not relevant for proofs because of proof irrelevance.

Note: This linter can be disabled with `set_option linter.style.haveILetI false`
⚠ [4200/4296] Replayed ModifiedCartan.GroupSubmoduleIntertwiners
warning: ModifiedCartan/GroupSubmoduleIntertwiners.lean:35:0: automatically included section variable(s) unused in theorem `ModifiedCartan.groupSubmoduleIntertwiner_apply`:
  [Fintype G]
consider restructuring your `variable` declarations so that the variables are not in scope or explicitly omit them:
  omit [Fintype G] in theorem ...

Note: This linter can be disabled with `set_option linter.unusedSectionVars false`
warning: ModifiedCartan/GroupSubmoduleIntertwiners.lean:40:0: automatically included section variable(s) unused in theorem `ModifiedCartan.groupSubmoduleIntertwiner_injective`:
  [Fintype G]
consider restructuring your `variable` declarations so that the variables are not in scope or explicitly omit them:
  omit [Fintype G] in theorem ...

Note: This linter can be disabled with `set_option linter.unusedSectionVars false`
warning: ModifiedCartan/GroupSubmoduleIntertwiners.lean:55:0: automatically included section variable(s) unused in theorem `ModifiedCartan.groupSubmoduleRepresentationIrreducible`:
  [Fintype G]
consider restructuring your `variable` declarations so that the variables are not in scope or explicitly omit them:
  omit [Fintype G] in theorem ...

Note: This linter can be disabled with `set_option linter.unusedSectionVars false`
⚠ [4201/4296] Replayed ModifiedCartan.CharacterProjectorRange
warning: ModifiedCartan/CharacterProjectorRange.lean:23:4: Try this: 
  letI̵

The goal is a proposition, so `let` is preferred over `letI`.
The difference between `let` and `letI` is that `letI` inlines the value.
But this is not relevant for proofs because of proof irrelevance.

Note: This linter can be disabled with `set_option linter.style.haveILetI false`
warning: ModifiedCartan/CharacterProjectorRange.lean:24:4: Try this: 
  letI̵

The goal is a proposition, so `let` is preferred over `letI`.
The difference between `let` and `letI` is that `letI` inlines the value.
But this is not relevant for proofs because of proof irrelevance.

Note: This linter can be disabled with `set_option linter.style.haveILetI false`
warning: ModifiedCartan/CharacterProjectorRange.lean:26:4: Try this: 
  letI̵

The goal is a proposition, so `let` is preferred over `letI`.
The difference between `let` and `letI` is that `letI` inlines the value.
But this is not relevant for proofs because of proof irrelevance.

Note: This linter can be disabled with `set_option linter.style.haveILetI false`
⚠ [4203/4296] Replayed ModifiedCartan.CharacterProjectorOrthogonal
warning: ModifiedCartan/CharacterProjectorOrthogonal.lean:23:45: `if_neg` has been deprecated: Use `ite_eq_right` instead
⚠ [4222/4296] Replayed ModifiedCartan.SpechtFiniteAlphabetRepresentation
warning: ModifiedCartan/SpechtFiniteAlphabetRepresentation.lean:24:2: Try this: 
  letI̵

The goal is a proposition, so `let` is preferred over `letI`.
The difference between `let` and `letI` is that `letI` inlines the value.
But this is not relevant for proofs because of proof irrelevance.

Note: This linter can be disabled with `set_option linter.style.haveILetI false`
⚠ [4223/4296] Replayed ModifiedCartan.SpechtCharacterPairingStep
warning: ModifiedCartan/SpechtCharacterPairingStep.lean:20:2: Try this: 
  letI̵

The goal is a proposition, so `let` is preferred over `letI`.
The difference between `let` and `letI` is that `letI` inlines the value.
But this is not relevant for proofs because of proof irrelevance.

Note: This linter can be disabled with `set_option linter.style.haveILetI false`
warning: ModifiedCartan/SpechtCharacterPairingStep.lean:21:2: Try this: 
  letI̵

The goal is a proposition, so `let` is preferred over `letI`.
The difference between `let` and `letI` is that `letI` inlines the value.
But this is not relevant for proofs because of proof irrelevance.

Note: This linter can be disabled with `set_option linter.style.haveILetI false`
warning: ModifiedCartan/SpechtCharacterPairingStep.lean:22:2: Try this: 
  letI̵

The goal is a proposition, so `let` is preferred over `letI`.
The difference between `let` and `letI` is that `letI` inlines the value.
But this is not relevant for proofs because of proof irrelevance.

Note: This linter can be disabled with `set_option linter.style.haveILetI false`
⚠ [4241/4296] Replayed ModifiedCartan.ClassFunctionRegularCoefficients
warning: ModifiedCartan/ClassFunctionRegularCoefficients.lean:17:4: This simp argument is unused:
  MonoidAlgebra.coeff_smul_apply

Hint: Omit it from the simp argument list.
  [apply] simp [classFunctionOperator, LinearMap.sum_apply, LinearMap.smul_apply, Representation.leftRegular,
    Representation.ofMulAction_single, MonoidAlgebra.coeff_sum, Finsupp.finsetSum_apply, MonoidAlgebra.coeff_single,
    Finsupp.single_apply]

Note: This linter can be disabled with `set_option linter.unusedSimpArgs false`
⚠ [4242/4296] Replayed ModifiedCartan.FixedColoringProduct
warning: ModifiedCartan/FixedColoringProduct.lean:19:11: Variable name `f` is not explicitly referenced.

Hint: The binding can be removed (if unused) or named `_` (if used implicitly). Alternatively, prefix the name with `_` to silence this warning:
  [apply] _f

Note: This linter can be disabled with `set_option linter.unusedVariables false`
warning: ModifiedCartan/FixedColoringProduct.lean:20:12: Variable name `p` is not explicitly referenced.

Hint: The binding can be removed (if unused) or named `_` (if used implicitly). Alternatively, prefix the name with `_` to silence this warning:
  [apply] _p

Note: This linter can be disabled with `set_option linter.unusedVariables false`
warning: ModifiedCartan/FixedColoringProduct.lean:27:2: Try this: 
  letI̵

The goal is a proposition, so `let` is preferred over `letI`.
The difference between `let` and `letI` is that `letI` inlines the value.
But this is not relevant for proofs because of proof irrelevance.

Note: This linter can be disabled with `set_option linter.style.haveILetI false`
ℹ [4248/4359] Replayed ModifiedCartan.StaircaseWeights
info: ModifiedCartan/StaircaseWeights.lean:90:0: 'ModifiedCartan.finiteStaircaseDegree_weight_lt' depends on axioms: [propext, Classical.choice, Quot.sound]
ℹ [4249/4359] Replayed ModifiedCartan.FiniteAlternants
info: ModifiedCartan/FiniteAlternants.lean:51:0: 'ModifiedCartan.finiteAlternant_eq_det' depends on axioms: [propext, Classical.choice, Quot.sound]
ℹ [4250/4359] Replayed ModifiedCartan.AlternantCoefficients
info: ModifiedCartan/AlternantCoefficients.lean:89:0: 'ModifiedCartan.finiteAlternant_partition_coeff' depends on axioms: [propext, Classical.choice, Quot.sound]
ℹ [4251/4359] Replayed ModifiedCartan.OrderedPartitionExponents
info: ModifiedCartan/OrderedPartitionExponents.lean:75:0: 'ModifiedCartan.exists_partitionAlternantExponent' depends on axioms: [propext, Classical.choice, Quot.sound]
info: ModifiedCartan/OrderedPartitionExponents.lean:76:0: 'ModifiedCartan.exists_perm_strictAnti' depends on axioms: [propext, Classical.choice, Quot.sound]
ℹ [4252/4359] Replayed ModifiedCartan.PolynomialDegreeBasis
info: ModifiedCartan/PolynomialDegreeBasis.lean:63:0: 'ModifiedCartan.polynomialBasis_exists_strictMono_natDegree' depends on axioms: [propext, Classical.choice, Quot.sound]
⚠ [4253/4359] Replayed ModifiedCartan.SeparateVariableProducts
warning: ModifiedCartan/SeparateVariableProducts.lean:14:35: This simp argument is unused:
  Finsupp.finsetSum_apply

Hint: Omit it from the simp argument list.
  [apply] simp [singleVariableDegreeSplit, Finsupp.single_apply, eq_comm]

Note: This linter can be disabled with `set_option linter.unusedSimpArgs false`
warning: ModifiedCartan/SeparateVariableProducts.lean:14:60: This simp argument is unused:
  Finsupp.single_apply

Hint: Omit it from the simp argument list.
  [apply] simp [singleVariableDegreeSplit, Finsupp.finsetSum_apply, eq_comm]

Note: This linter can be disabled with `set_option linter.unusedSimpArgs false`
warning: ModifiedCartan/SeparateVariableProducts.lean:14:82: This simp argument is unused:
  eq_comm

Hint: Omit it from the simp argument list.
  [apply] simp [singleVariableDegreeSplit, Finsupp.finsetSum_apply, Finsupp.single_apply]

Note: This linter can be disabled with `set_option linter.unusedSimpArgs false`
info: ModifiedCartan/SeparateVariableProducts.lean:62:0: 'ModifiedCartan.singleVariableSeries_coeff_prod' depends on axioms: [propext, Classical.choice, Quot.sound]
ℹ [4254/4359] Replayed ModifiedCartan.PolynomialDeterminantCoefficients
info: ModifiedCartan/PolynomialDeterminantCoefficients.lean:78:0: 'ModifiedCartan.polynomialAlternant_coeff' depends on axioms: [propext, Classical.choice, Quot.sound]
ℹ [4255/4359] Replayed ModifiedCartan.AlternatingPolynomialExt
info: ModifiedCartan/AlternatingPolynomialExt.lean:69:0: 'ModifiedCartan.alternatingPolynomial_ext' depends on axioms: [propext, Classical.choice, Quot.sound]
⚠ [4275/4359] Replayed ModifiedCartan.SpechtRegularCompleteness
warning: ModifiedCartan/SpechtRegularCompleteness.lean:28:8: `if_pos` has been deprecated: Use `ite_eq_left` instead
warning: ModifiedCartan/SpechtRegularCompleteness.lean:30:8: `if_neg` has been deprecated: Use `ite_eq_right` instead
⚠ [4277/4359] Replayed ModifiedCartan.ClassFunctionSpechtExpansion
warning: ModifiedCartan/ClassFunctionSpechtExpansion.lean:24:6: Try this: 
  letI̵

The goal is a proposition, so `let` is preferred over `letI`.
The difference between `let` and `letI` is that `letI` inlines the value.
But this is not relevant for proofs because of proof irrelevance.

Note: This linter can be disabled with `set_option linter.style.haveILetI false`
⚠ [4278/4359] Replayed ModifiedCartan.SpechtFourierExpansion
warning: ModifiedCartan/SpechtFourierExpansion.lean:17:2: Try this: 
  letI̵

The goal is a proposition, so `let` is preferred over `letI`.
The difference between `let` and `letI` is that `letI` inlines the value.
But this is not relevant for proofs because of proof irrelevance.

Note: This linter can be disabled with `set_option linter.style.haveILetI false`
warning: ModifiedCartan/SpechtFourierExpansion.lean:27:2: Try this: 
  letI̵

The goal is a proposition, so `let` is preferred over `letI`.
The difference between `let` and `letI` is that `letI` inlines the value.
But this is not relevant for proofs because of proof irrelevance.

Note: This linter can be disabled with `set_option linter.style.haveILetI false`
ℹ [4283/4359] Replayed ModifiedCartan.SeriesHomogenization
info: ModifiedCartan/SeriesHomogenization.lean:67:0: 'ModifiedCartan.seriesHomogenization_coeff_coeff' depends on axioms: [propext, Classical.choice, Quot.sound]
ℹ [4284/4359] Replayed ModifiedCartan.FiniteGeometricSeries
info: ModifiedCartan/FiniteGeometricSeries.lean:42:0: 'ModifiedCartan.geometricMvSeries_inverse' depends on axioms: [propext, Classical.choice, Quot.sound]
info: ModifiedCartan/FiniteGeometricSeries.lean:43:0: 'ModifiedCartan.geometricMvSeries_coeff_prod' depends on axioms: [propext, Classical.choice, Quot.sound]
⚠ [4285/4359] Replayed ModifiedCartan.HomogenizedGeometricSeries
warning: ModifiedCartan/HomogenizedGeometricSeries.lean:22:44: Used `tac1 <;> tac2` where `(tac1; tac2)` would suffice

Note: This linter can be disabled with `set_option linter.unnecessarySeqFocus false`
info: ModifiedCartan/HomogenizedGeometricSeries.lean:62:0: 'ModifiedCartan.seriesHomogenization_geometricMvSeries' depends on axioms: [propext, Classical.choice, Quot.sound]
ℹ [4286/4359] Replayed ModifiedCartan.GeometricProductCoefficients
info: ModifiedCartan/GeometricProductCoefficients.lean:51:0: 'ModifiedCartan.geometricPowerSeries_prod_coeff' depends on axioms: [propext, Classical.choice, Quot.sound]
ℹ [4287/4359] Replayed ModifiedCartan.CauchyKernelCoefficients
info: ModifiedCartan/CauchyKernelCoefficients.lean:44:0: 'ModifiedCartan.finiteCauchyCoefficientPolynomial_coeff' depends on axioms: [propext, Classical.choice, Quot.sound]
⚠ [4288/4359] Replayed ModifiedCartan.SeparatedFrobeniusCauchy
warning: ModifiedCartan/SeparatedFrobeniusCauchy.lean:44:13: This simp argument is unused:
  Fintype.card_fin

Hint: Omit it from the simp argument list.
  [apply] simp only [map_sum, map_mul, separateAlphabetPolynomial_rename_inl,
    separateAlphabetPolynomial_rename_inr] at h

Note: This linter can be disabled with `set_option linter.unusedSimpArgs false`
info: ModifiedCartan/SeparatedFrobeniusCauchy.lean:54:0: 'ModifiedCartan.finiteFrobeniusPolynomial_cauchy_separated' depends on axioms: [propext, Classical.choice, Quot.sound]
ℹ [4299/4359] Replayed ModifiedCartan.HomogeneousSeriesCoefficients
info: ModifiedCartan/HomogeneousSeriesCoefficients.lean:35:0: 'ModifiedCartan.homogeneous_polynomial_mul_series_coeff' depends on axioms: [propext, Classical.choice, Quot.sound]
ℹ [4300/4359] Replayed ModifiedCartan.AlternantHomogeneity
info: ModifiedCartan/AlternantHomogeneity.lean:54:0: 'ModifiedCartan.finiteVandermondeAlternant_isHomogeneous' depends on axioms: [propext, Classical.choice, Quot.sound]
info: ModifiedCartan/AlternantHomogeneity.lean:55:0: 'ModifiedCartan.partitionAlternantExponent_degree' depends on axioms: [propext, Classical.choice, Quot.sound]
ℹ [4301/4359] Replayed ModifiedCartan.DeterminantFirstPivot
info: ModifiedCartan/DeterminantFirstPivot.lean:67:0: 'ModifiedCartan.det_first_pivot' depends on axioms: [propext, Classical.choice, Quot.sound]
ℹ [4302/4359] Replayed ModifiedCartan.FiniteCauchyPivot
info: ModifiedCartan/FiniteCauchyPivot.lean:52:0: 'ModifiedCartan.finiteCauchyMatrix_det_succ' depends on axioms: [propext, Classical.choice, Quot.sound]
ℹ [4303/4359] Replayed ModifiedCartan.FiniteCauchyDeterminant
info: ModifiedCartan/FiniteCauchyDeterminant.lean:64:0: 'ModifiedCartan.finiteCauchyMatrix_det_mul_denominator' depends on axioms: [propext, Classical.choice, Quot.sound]
ℹ [4304/4359] Replayed ModifiedCartan.VandermondeAlternantMaps
info: ModifiedCartan/VandermondeAlternantMaps.lean:40:0: 'ModifiedCartan.finiteVandermondeAlternant_map_mul' depends on axioms: [propext, Classical.choice, Quot.sound]
ℹ [4306/4359] Replayed ModifiedCartan.FiniteCauchyRing
info: ModifiedCartan/FiniteCauchyRing.lean:71:0: 'ModifiedCartan.finiteCauchy_inverse_det' depends on axioms: [propext, Classical.choice, Quot.sound]
⚠ [4312/4359] Replayed ModifiedCartan.FiniteCauchySeries
warning: ModifiedCartan/FiniteCauchySeries.lean:36:2: Try this: 
  letI̵

The goal is a proposition, so `let` is preferred over `letI`.
The difference between `let` and `letI` is that `letI` inlines the value.
But this is not relevant for proofs because of proof irrelevance.

Note: This linter can be disabled with `set_option linter.style.haveILetI false`
info: ModifiedCartan/FiniteCauchySeries.lean:44:0: 'ModifiedCartan.finiteCauchySeriesMatrix_coeff_det' depends on axioms: [propext, Classical.choice, Quot.sound]
info: ModifiedCartan/FiniteCauchySeries.lean:45:0: 'ModifiedCartan.finiteCauchySeriesMatrix_det' depends on axioms: [propext, Classical.choice, Quot.sound]
ℹ [4314/4359] Replayed ModifiedCartan.DividedPowerPartitionMinors
info: ModifiedCartan/DividedPowerPartitionMinors.lean:55:0: 'ModifiedCartan.dividedPowerPartitionMinor_eval' depends on axioms: [propext, Classical.choice, Quot.sound]
⚠ [4315/4359] Replayed ModifiedCartan.KPAlphaCoefficients
warning: ModifiedCartan/KPAlphaCoefficients.lean:16:8: `dif_pos` has been deprecated: Use `dite_eq_left` instead
warning: ModifiedCartan/KPAlphaCoefficients.lean:22:8: `dif_neg` has been deprecated: Use `dite_eq_right` instead
warning: ModifiedCartan/KPAlphaCoefficients.lean:60:8: `dif_pos` has been deprecated: Use `dite_eq_left` instead
warning: ModifiedCartan/KPAlphaCoefficients.lean:60:20: `dif_pos` has been deprecated: Use `dite_eq_left` instead
warning: ModifiedCartan/KPAlphaCoefficients.lean:63:8: `dif_neg` has been deprecated: Use `dite_eq_right` instead
warning: ModifiedCartan/KPAlphaCoefficients.lean:63:20: `dif_neg` has been deprecated: Use `dite_eq_right` instead
⚠ [4317/4359] Replayed ModifiedCartan.InducedSpechtClassFunction
warning: ModifiedCartan/InducedSpechtClassFunction.lean:33:8: `dif_pos` has been deprecated: Use `dite_eq_left` instead
warning: ModifiedCartan/InducedSpechtClassFunction.lean:33:44: `dif_pos` has been deprecated: Use `dite_eq_left` instead
warning: ModifiedCartan/InducedSpechtClassFunction.lean:41:8: `dif_neg` has been deprecated: Use `dite_eq_right` instead
warning: ModifiedCartan/InducedSpechtClassFunction.lean:41:20: `dif_neg` has been deprecated: Use `dite_eq_right` instead
warning: ModifiedCartan/InducedSpechtClassFunction.lean:62:8: `dif_pos` has been deprecated: Use `dite_eq_left` instead
warning: ModifiedCartan/InducedSpechtClassFunction.lean:62:49: `dif_pos` has been deprecated: Use `dite_eq_left` instead
warning: ModifiedCartan/InducedSpechtClassFunction.lean:67:8: `dif_neg` has been deprecated: Use `dite_eq_right` instead
warning: ModifiedCartan/InducedSpechtClassFunction.lean:67:20: `dif_neg` has been deprecated: Use `dite_eq_right` instead
⚠ [4318/4359] Replayed ModifiedCartan.SpechtRestrictionPairing
warning: ModifiedCartan/SpechtRestrictionPairing.lean:14:8: `if_pos` has been deprecated: Use `ite_eq_left` instead
warning: ModifiedCartan/SpechtRestrictionPairing.lean:17:8: `if_neg` has been deprecated: Use `ite_eq_right` instead
warning: ModifiedCartan/SpechtRestrictionPairing.lean:22:8: `if_neg` has been deprecated: Use `ite_eq_right` instead
⚠ [4320/4359] Replayed ModifiedCartan.ClassScalarIsotypic
warning: ModifiedCartan/ClassScalarIsotypic.lean:48:4: This simp argument is unused:
  MonoidAlgebra.coeff_smul_apply

Hint: Omit it from the simp argument list.
  [apply] simp [classWeightedOperator, LinearMap.sum_apply, LinearMap.smul_apply, Representation.leftRegular,
    MonoidAlgebra.coeff_sum, Finsupp.finsetSum_apply, MonoidAlgebra.coeff_single, Finsupp.single_apply]

Note: This linter can be disabled with `set_option linter.unusedSimpArgs false`
warning: ModifiedCartan/ClassScalarIsotypic.lean:50:0: automatically included section variable(s) unused in theorem `ModifiedCartan.characterProjector_regular_coefficient`:
  [FiniteDimensional ℂ V]
consider restructuring your `variable` declarations so that the variables are not in scope or explicitly omit them:
  omit [FiniteDimensional ℂ V] in theorem ...

Note: This linter can be disabled with `set_option linter.unusedSectionVars false`
⚠ [4323/4359] Replayed ModifiedCartan.KPAlphaFullInduction
warning: ModifiedCartan/KPAlphaFullInduction.lean:40:0: automatically included section variable(s) unused in theorem `ModifiedCartan.kpSubsetExtension_full`:
  [Fintype A]
consider restructuring your `variable` declarations so that the variables are not in scope or explicitly omit them:
  omit [Fintype A] in theorem ...

Note: This linter can be disabled with `set_option linter.unusedSectionVars false`
⚠ [4325/4359] Replayed ModifiedCartan.CharacterProjectionBound
warning: ModifiedCartan/CharacterProjectionBound.lean:12:0: automatically included section variable(s) unused in theorem `ModifiedCartan.characterWeightedOperator_eq_scaled_projector`:
  [FiniteDimensional ℂ W]
consider restructuring your `variable` declarations so that the variables are not in scope or explicitly omit them:
  omit [FiniteDimensional ℂ W] in theorem ...

Note: This linter can be disabled with `set_option linter.unusedSectionVars false`
⚠ [4326/4359] Replayed ModifiedCartan.IsotypicCopies
warning: ModifiedCartan/IsotypicCopies.lean:29:0: automatically included section variable(s) unused in theorem `ModifiedCartan.nonempty_equiv_intertwiner_range`:
  [Fintype G]
  [FiniteDimensional ℂ V]
consider restructuring your `variable` declarations so that the variables are not in scope or explicitly omit them:
  omit [Fintype G] [FiniteDimensional ℂ V] in theorem ...

Note: This linter can be disabled with `set_option linter.unusedSectionVars false`
⚠ [4327/4359] Replayed ModifiedCartan.SymmetricCharacterProjection
warning: ModifiedCartan/SymmetricCharacterProjection.lean:14:0: automatically included section variable(s) unused in theorem `ModifiedCartan.permutation_character_inv`:
  [FiniteDimensional ℂ V]
consider restructuring your `variable` declarations so that the variables are not in scope or explicitly omit them:
  omit [FiniteDimensional ℂ V] in theorem ...

Note: This linter can be disabled with `set_option linter.unusedSectionVars false`
warning: ModifiedCartan/SymmetricCharacterProjection.lean:26:0: automatically included section variable(s) unused in theorem `ModifiedCartan.permutationCharacterOperator_eq_weighted`:
  [FiniteDimensional ℂ W]
consider restructuring your `variable` declarations so that the variables are not in scope or explicitly omit them:
  omit [FiniteDimensional ℂ W] in theorem ...

Note: This linter can be disabled with `set_option linter.unusedSectionVars false`
⚠ [4328/4359] Replayed ModifiedCartan.KPFullCharacterAction
warning: ModifiedCartan/KPFullCharacterAction.lean:18:0: automatically included section variable(s) unused in theorem `ModifiedCartan.supportedPermutation_univ`:
  [DecidableEq A]
consider restructuring your `variable` declarations so that the variables are not in scope or explicitly omit them:
  omit [DecidableEq A] in theorem ...

Note: This linter can be disabled with `set_option linter.unusedSectionVars false`
warning: ModifiedCartan/KPFullCharacterAction.lean:49:2: Try this: 
  letI̵

The goal is a proposition, so `let` is preferred over `letI`.
The difference between `let` and `letI` is that `letI` inlines the value.
But this is not relevant for proofs because of proof irrelevance.

Note: This linter can be disabled with `set_option linter.style.haveILetI false`
warning: ModifiedCartan/KPFullCharacterAction.lean:50:2: Try this: 
  letI̵

The goal is a proposition, so `let` is preferred over `letI`.
The difference between `let` and `letI` is that `letI` inlines the value.
But this is not relevant for proofs because of proof irrelevance.

Note: This linter can be disabled with `set_option linter.style.haveILetI false`
ℹ [4350/4404] Replayed ModifiedCartan.FormalFrobeniusKernel
info: ModifiedCartan/FormalFrobeniusKernel.lean:48:0: 'ModifiedCartan.finiteCauchyKernelSeries_alternant_coeff' depends on axioms: [propext, Classical.choice, Quot.sound]
ℹ [4351/4404] Replayed ModifiedCartan.AlternantCauchyExpansion
info: ModifiedCartan/AlternantCauchyExpansion.lean:55:0: 'ModifiedCartan.finiteAlternant_frobenius_expansion' depends on axioms: [propext, Classical.choice, Quot.sound]
ℹ [4352/4404] Replayed ModifiedCartan.DividedPowerAlternants
info: ModifiedCartan/DividedPowerAlternants.lean:43:0: 'ModifiedCartan.finiteDividedAlternant_eq_det' depends on axioms: [propext, Classical.choice, Quot.sound]
ℹ [4353/4404] Replayed ModifiedCartan.PolynomialAlternantTranslation
info: ModifiedCartan/PolynomialAlternantTranslation.lean:117:0: 'ModifiedCartan.dividedAlternant_translate_partition_coeff' depends on axioms: [propext, Classical.choice, Quot.sound]
ℹ [4354/4404] Replayed ModifiedCartan.PolynomialSpaceSchubert
info: ModifiedCartan/PolynomialSpaceSchubert.lean:68:0: 'ModifiedCartan.polynomialSpace_exists_schubertFrame' depends on axioms: [propext, Classical.choice, Quot.sound]
info: ModifiedCartan/PolynomialSpaceSchubert.lean:69:0: 'ModifiedCartan.schubertWronskiFibre_partitionSize' depends on axioms: [propext, Classical.choice, Quot.sound]
⚠ [4421/4696] Replayed ModifiedCartan.KPAlphaConjugation
warning: ModifiedCartan/KPAlphaConjugation.lean:12:0: automatically included section variable(s) unused in theorem `ModifiedCartan.kpAlpha_conjugate`:
  [Fintype A]
consider restructuring your `variable` declarations so that the variables are not in scope or explicitly omit them:
  omit [Fintype A] in theorem ...

Note: This linter can be disabled with `set_option linter.unusedSectionVars false`
⚠ [4422/4696] Replayed ModifiedCartan.PermutationStar
warning: ModifiedCartan/PermutationStar.lean:14:0: automatically included section variable(s) unused in theorem `ModifiedCartan.permutationElement_mul`:
  [DecidableEq A]
consider restructuring your `variable` declarations so that the variables are not in scope or explicitly omit them:
  omit [DecidableEq A] in theorem ...

Note: This linter can be disabled with `set_option linter.unusedSectionVars false`
warning: ModifiedCartan/PermutationStar.lean:18:0: automatically included section variable(s) unused in theorem `ModifiedCartan.permutationElement_one`:
  [DecidableEq A]
consider restructuring your `variable` declarations so that the variables are not in scope or explicitly omit them:
  omit [DecidableEq A] in theorem ...

Note: This linter can be disabled with `set_option linter.unusedSectionVars false`
⚠ [4427/4696] Replayed ModifiedCartan.SpechtRestrictionMultiplicity
warning: ModifiedCartan/SpechtRestrictionMultiplicity.lean:30:2: Try this: 
  letI̵

The goal is a proposition, so `let` is preferred over `letI`.
The difference between `let` and `letI` is that `letI` inlines the value.
But this is not relevant for proofs because of proof irrelevance.

Note: This linter can be disabled with `set_option linter.style.haveILetI false`
warning: ModifiedCartan/SpechtRestrictionMultiplicity.lean:51:2: Try this: 
  letI̵

The goal is a proposition, so `let` is preferred over `letI`.
The difference between `let` and `letI` is that `letI` inlines the value.
But this is not relevant for proofs because of proof irrelevance.

Note: This linter can be disabled with `set_option linter.style.haveILetI false`
⚠ [4428/4696] Replayed ModifiedCartan.SizedSubsetInsertion
warning: ModifiedCartan/SizedSubsetInsertion.lean:40:0: automatically included section variable(s) unused in theorem `ModifiedCartan.sum_sizedLetterSubset`:
  [DecidableEq A]
consider restructuring your `variable` declarations so that the variables are not in scope or explicitly omit them:
  omit [DecidableEq A] in theorem ...

Note: This linter can be disabled with `set_option linter.unusedSectionVars false`
warning: ModifiedCartan/SizedSubsetInsertion.lean:45:0: automatically included section variable(s) unused in theorem `ModifiedCartan.sum_sizedLetterSubset_congr`:
  [DecidableEq A]
consider restructuring your `variable` declarations so that the variables are not in scope or explicitly omit them:
  omit [DecidableEq A] in theorem ...

Note: This linter can be disabled with `set_option linter.unusedSectionVars false`
⚠ [4429/4696] Replayed ModifiedCartan.KPSubsetWeights
warning: ModifiedCartan/KPSubsetWeights.lean:51:12: `dif_pos` has been deprecated: Use `dite_eq_left` instead
warning: ModifiedCartan/KPSubsetWeights.lean:52:12: `dif_neg` has been deprecated: Use `dite_eq_right` instead
⚠ [4430/4696] Replayed ModifiedCartan.FiniteInvolutionSum
warning: ModifiedCartan/FiniteInvolutionSum.lean:19:17: `if_pos` has been deprecated: Use `ite_eq_left` instead
warning: ModifiedCartan/FiniteInvolutionSum.lean:19:28: `if_neg` has been deprecated: Use `ite_eq_right` instead
warning: ModifiedCartan/FiniteInvolutionSum.lean:21:19: `if_neg` has been deprecated: Use `ite_eq_right` instead
warning: ModifiedCartan/FiniteInvolutionSum.lean:21:30: `if_pos` has been deprecated: Use `ite_eq_left` instead
warning: ModifiedCartan/FiniteInvolutionSum.lean:22:19: `if_neg` has been deprecated: Use `ite_eq_right` instead
warning: ModifiedCartan/FiniteInvolutionSum.lean:22:30: `if_neg` has been deprecated: Use `ite_eq_right` instead
⚠ [4444/4696] Replayed ModifiedCartan.CommonEigenvectors
warning: ModifiedCartan/CommonEigenvectors.lean:27:6: `push_neg` has been deprecated. Prefer using `push Not` instead.
If you'd rather continue using `push_neg` in your project, you can implement it as follows:
```
open Lean.Parser.Tactic in
macro "push_neg" cfg:optConfig loc:(location)? : tactic =>
  `(tactic| push $cfg:optConfig Not $[$loc]?)
```
warning: ModifiedCartan/CommonEigenvectors.lean:32:6: Try this: 
  letI̵

The goal is a proposition, so `let` is preferred over `letI`.
The difference between `let` and `letI` is that `letI` inlines the value.
But this is not relevant for proofs because of proof irrelevance.

Note: This linter can be disabled with `set_option linter.style.haveILetI false`
⚠ [4447/4696] Replayed ModifiedCartan.KPSubsetInduction
warning: ModifiedCartan/KPSubsetInduction.lean:17:0: automatically included section variable(s) unused in theorem `ModifiedCartan.kpSubsetExtension_erase`:
  [Fintype A]
consider restructuring your `variable` declarations so that the variables are not in scope or explicitly omit them:
  omit [Fintype A] in theorem ...

Note: This linter can be disabled with `set_option linter.unusedSectionVars false`
warning: ModifiedCartan/KPSubsetInduction.lean:64:14: `if_pos` has been deprecated: Use `ite_eq_left` instead
warning: ModifiedCartan/KPSubsetInduction.lean:64:25: `if_pos` has been deprecated: Use `ite_eq_left` instead
warning: ModifiedCartan/KPSubsetInduction.lean:66:14: `if_neg` has been deprecated: Use `ite_eq_right` instead
warning: ModifiedCartan/KPSubsetInduction.lean:66:25: `if_neg` has been deprecated: Use `ite_eq_right` instead
⚠ [4448/4696] Replayed ModifiedCartan.LegalMinorRowCovers
warning: ModifiedCartan/LegalMinorRowCovers.lean:53:11: `if_pos` has been deprecated: Use `ite_eq_left` instead
ℹ [4452/4696] Replayed ModifiedCartan.SchubertChartSlots
info: ModifiedCartan/SchubertChartSlots.lean:65:0: 'ModifiedCartan.schubertChartSlot_card' depends on axioms: [propext, Classical.choice, Quot.sound]
ℹ [4453/4696] Replayed ModifiedCartan.DividedAlternantTranslation
info: ModifiedCartan/DividedAlternantTranslation.lean:96:0: 'ModifiedCartan.finiteDividedAlternant_translation' depends on axioms: [propext, Classical.choice, Quot.sound]
⚠ [4454/4696] Replayed ModifiedCartan.FiniteGroupLinearCoefficients
warning: ModifiedCartan/FiniteGroupLinearCoefficients.lean:17:35: This simp argument is unused:
  MonoidAlgebra.coeff_smul_apply

Hint: Omit it from the simp argument list.
  [apply] simp [MonoidAlgebra.coeff_sum, MonoidAlgebra.coeff_single, Finsupp.finsetSum_apply, Finsupp.single_apply]

Note: This linter can be disabled with `set_option linter.unusedSimpArgs false`
warning: ModifiedCartan/FiniteGroupLinearCoefficients.lean:18:34: This simp argument is unused:
  Finsupp.finsetSum_apply

Hint: Omit it from the simp argument list.
  [apply] simp [MonoidAlgebra.coeff_sum, MonoidAlgebra.coeff_smul_apply, MonoidAlgebra.coeff_single,
    Finsupp.single_apply]

Note: This linter can be disabled with `set_option linter.unusedSimpArgs false`
warning: ModifiedCartan/FiniteGroupLinearCoefficients.lean:18:59: This simp argument is unused:
  Finsupp.single_apply

Hint: Omit it from the simp argument list.
  [apply] simp [MonoidAlgebra.coeff_sum, MonoidAlgebra.coeff_smul_apply, MonoidAlgebra.coeff_single,
    Finsupp.finsetSum_apply]

Note: This linter can be disabled with `set_option linter.unusedSimpArgs false`
info: ModifiedCartan/FiniteGroupLinearCoefficients.lean:61:0: 'ModifiedCartan.finiteGroup_polynomial_relation_linear' depends on axioms: [propext, Classical.choice, Quot.sound]
⚠ [4457/4696] Replayed ModifiedCartan.MarkerAssignmentDegree
warning: ModifiedCartan/MarkerAssignmentDegree.lean:42:78: `if_pos` has been deprecated: Use `ite_eq_left` instead
warning: ModifiedCartan/MarkerAssignmentDegree.lean:46:78: `if_neg` has been deprecated: Use `ite_eq_right` instead
warning: ModifiedCartan/MarkerAssignmentDegree.lean:55:10: `if_pos` has been deprecated: Use `ite_eq_left` instead
warning: ModifiedCartan/MarkerAssignmentDegree.lean:58:10: `if_neg` has been deprecated: Use `ite_eq_right` instead
⚠ [4462/4696] Replayed ModifiedCartan.FixedColoringDirectSum
warning: ModifiedCartan/FixedColoringDirectSum.lean:29:2: Try this: 
  letI̵

The goal is a proposition, so `let` is preferred over `letI`.
The difference between `let` and `letI` is that `letI` inlines the value.
But this is not relevant for proofs because of proof irrelevance.

Note: This linter can be disabled with `set_option linter.style.haveILetI false`
⚠ [4463/4696] Replayed ModifiedCartan.SigmaFiberPermutations
warning: ModifiedCartan/SigmaFiberPermutations.lean:41:17: `if_pos` has been deprecated: Use `ite_eq_left` instead
warning: ModifiedCartan/SigmaFiberPermutations.lean:42:37: `if_true` has been deprecated: Use `ite_true` instead
warning: ModifiedCartan/SigmaFiberPermutations.lean:43:10: `if_neg` has been deprecated: Use `ite_eq_right` instead
warning: ModifiedCartan/SigmaFiberPermutations.lean:41:17: This simp argument is unused:
  if_pos hal

Hint: Omit it from the simp argument list.
  [apply] simp only [sigmaFiberPermutation_other B c a (σ c) (σ a b) hac, List.mem_cons, hal, or_true, if_true]

Note: This linter can be disabled with `set_option linter.unusedSimpArgs false`
warning: ModifiedCartan/SigmaFiberPermutations.lean:57:53: `if_pos` has been deprecated: Use `ite_eq_left` instead
⚠ [4465/4696] Replayed ModifiedCartan.InvariantCycleSets
warning: ModifiedCartan/InvariantCycleSets.lean:14:0: automatically included section variable(s) unused in theorem `ModifiedCartan.mem_permutationCycleUnion`:
  [DecidableEq A]
consider restructuring your `variable` declarations so that the variables are not in scope or explicitly omit them:
  omit [DecidableEq A] in theorem ...

Note: This linter can be disabled with `set_option linter.unusedSectionVars false`
⚠ [4469/4696] Replayed ModifiedCartan.ExtraColorEmbeddings
warning: ModifiedCartan/ExtraColorEmbeddings.lean:16:22: This simp argument is unused:
  Equiv.optionSubtypeNe_symm_self

Hint: Omit it from the simp argument list.
  [apply] simp [extraColorAt]

Note: This linter can be disabled with `set_option linter.unusedSimpArgs false`
⚠ [4471/4696] Replayed ModifiedCartan.TransitivePermutationSign
warning: ModifiedCartan/TransitivePermutationSign.lean:13:4: Try this: 
  letI̵

The goal is a proposition, so `let` is preferred over `letI`.
The difference between `let` and `letI` is that `letI` inlines the value.
But this is not relevant for proofs because of proof irrelevance.

Note: This linter can be disabled with `set_option linter.style.haveILetI false`
warning: ModifiedCartan/TransitivePermutationSign.lean:14:4: Try this: 
  letI̵

The goal is a proposition, so `let` is preferred over `letI`.
The difference between `let` and `letI` is that `letI` inlines the value.
But this is not relevant for proofs because of proof irrelevance.

Note: This linter can be disabled with `set_option linter.style.haveILetI false`
warning: ModifiedCartan/TransitivePermutationSign.lean:18:4: Try this: 
  letI̵

The goal is a proposition, so `let` is preferred over `letI`.
The difference between `let` and `letI` is that `letI` inlines the value.
But this is not relevant for proofs because of proof irrelevance.

Note: This linter can be disabled with `set_option linter.style.haveILetI false`
⚠ [4472/4696] Replayed ModifiedCartan.TransitiveSigmaColorings
warning: ModifiedCartan/TransitiveSigmaColorings.lean:28:2: Try this: 
  letI̵

The goal is a proposition, so `let` is preferred over `letI`.
The difference between `let` and `letI` is that `letI` inlines the value.
But this is not relevant for proofs because of proof irrelevance.

Note: This linter can be disabled with `set_option linter.style.haveILetI false`
⚠ [4474/4696] Replayed ModifiedCartan.SizedPartitionsInSquare
warning: ModifiedCartan/SizedPartitionsInSquare.lean:13:11: Variable name `μ` is not explicitly referenced.

Hint: The binding can be removed (if unused) or named `_` (if used implicitly). Alternatively, prefix the name with `_` to silence this warning:
  [apply] _μ

Note: This linter can be disabled with `set_option linter.unusedVariables false`
warning: ModifiedCartan/SizedPartitionsInSquare.lean:14:12: Variable name `μ` is not explicitly referenced.

Hint: The binding can be removed (if unused) or named `_` (if used implicitly). Alternatively, prefix the name with `_` to silence this warning:
  [apply] _μ

Note: This linter can be disabled with `set_option linter.unusedVariables false`
⚠ [4479/4783] Replayed ModifiedCartan.TotalTranspositionDeletion
warning: ModifiedCartan/TotalTranspositionDeletion.lean:13:0: automatically included section variable(s) unused in theorem `ModifiedCartan.supportedPermutation_extension_swap`:
  [Fintype A]
consider restructuring your `variable` declarations so that the variables are not in scope or explicitly omit them:
  omit [Fintype A] in theorem ...

Note: This linter can be disabled with `set_option linter.unusedSectionVars false`
⚠ [4480/4783] Replayed ModifiedCartan.TotalTranspositionOperator
warning: ModifiedCartan/TotalTranspositionOperator.lean:24:34: This simp argument is unused:
  Representation.asAlgebraHom_single_one

Hint: Omit it from the simp argument list.
  [apply] simp [h]

Note: This linter can be disabled with `set_option linter.unusedSimpArgs false`
⚠ [4481/4783] Replayed ModifiedCartan.SubsetRepresentationOperators
warning: ModifiedCartan/SubsetRepresentationOperators.lean:12:0: automatically included section variable(s) unused in theorem `ModifiedCartan.asAlgebraHom_subsetExtension`:
  [Fintype A]
  [DecidableEq A]
consider restructuring your `variable` declarations so that the variables are not in scope or explicitly omit them:
  omit [Fintype A] [DecidableEq A] in theorem ...

Note: This linter can be disabled with `set_option linter.unusedSectionVars false`
⚠ [4482/4783] Replayed ModifiedCartan.KPAlphaPositive
warning: ModifiedCartan/KPAlphaPositive.lean:16:4: Try this: 
  letI̵

The goal is a proposition, so `let` is preferred over `letI`.
The difference between `let` and `letI` is that `letI` inlines the value.
But this is not relevant for proofs because of proof irrelevance.

Note: This linter can be disabled with `set_option linter.style.haveILetI false`
ℹ [4483/4783] Replayed ModifiedCartan.KPAlphaExpectation
info: ModifiedCartan/KPAlphaExpectation.lean:30:0: 'ModifiedCartan.kpAlpha_expectation_bound' depends on axioms: [propext, Classical.choice, Quot.sound]
ℹ [4484/4783] Replayed ModifiedCartan.KPExpectationExpansion
info: ModifiedCartan/KPExpectationExpansion.lean:44:0: 'ModifiedCartan.kpBeta_expectation_div_product' depends on axioms: [propext, Classical.choice, Quot.sound]
⚠ [4485/4783] Replayed ModifiedCartan.KPAlphaEraseCommutator
warning: ModifiedCartan/KPAlphaEraseCommutator.lean:10:0: automatically included section variable(s) unused in theorem `ModifiedCartan.transpositionElement_comm`:
  [Fintype A]
consider restructuring your `variable` declarations so that the variables are not in scope or explicitly omit them:
  omit [Fintype A] in theorem ...

Note: This linter can be disabled with `set_option linter.unusedSectionVars false`
⚠ [4487/4783] Replayed ModifiedCartan.KPGaudinReduction
warning: ModifiedCartan/KPGaudinReduction.lean:20:0: automatically included section variable(s) unused in theorem `ModifiedCartan.kpGaudin_weight_cancel`:
  [Fintype A]
  [DecidableEq A]
consider restructuring your `variable` declarations so that the variables are not in scope or explicitly omit them:
  omit [Fintype A] [DecidableEq A] in theorem ...

Note: This linter can be disabled with `set_option linter.unusedSectionVars false`
⚠ [4489/4783] Replayed ModifiedCartan.GaudinDegenerationScalar
warning: ModifiedCartan/GaudinDegenerationScalar.lean:40:39: `if_neg` has been deprecated: Use `ite_eq_right` instead
⚠ [4493/4783] Replayed ModifiedCartan.YoungTranspositionScalar
warning: ModifiedCartan/YoungTranspositionScalar.lean:43:2: Try this: 
  letI̵

The goal is a proposition, so `let` is preferred over `letI`.
The difference between `let` and `letI` is that `letI` inlines the value.
But this is not relevant for proofs because of proof irrelevance.

Note: This linter can be disabled with `set_option linter.style.haveILetI false`
⚠ [4501/4783] Replayed ModifiedCartan.IsotypicAnnihilator
warning: ModifiedCartan/IsotypicAnnihilator.lean:36:2: Try this: 
  letI̵

The goal is a proposition, so `let` is preferred over `letI`.
The difference between `let` and `letI` is that `letI` inlines the value.
But this is not relevant for proofs because of proof irrelevance.

Note: This linter can be disabled with `set_option linter.style.haveILetI false`
⚠ [4502/4783] Replayed ModifiedCartan.SpechtAlgebraFaithful
warning: ModifiedCartan/SpechtAlgebraFaithful.lean:24:2: Try this: 
  letI̵

The goal is a proposition, so `let` is preferred over `letI`.
The difference between `let` and `letI` is that `letI` inlines the value.
But this is not relevant for proofs because of proof irrelevance.

Note: This linter can be disabled with `set_option linter.style.haveILetI false`
⚠ [4505/4783] Replayed ModifiedCartan.KPCoefficientGrowthPaths
warning: ModifiedCartan/KPCoefficientGrowthPaths.lean:35:4: Try this: 
  haveI̵

The goal is a proposition, so `have` is preferred over `haveI`.
The difference between `have` and `haveI` is that `haveI` inlines the value.
But this is not relevant for proofs because of proof irrelevance.

Note: This linter can be disabled with `set_option linter.style.haveILetI false`
ℹ [4510/4783] Replayed ModifiedCartan.SymmetricPolynomialSpecialization
info: ModifiedCartan/SymmetricPolynomialSpecialization.lean:62:0: 'ModifiedCartan.symmetricPolynomial_exists_specialization' depends on axioms: [propext, Classical.choice, Quot.sound]
⚠ [4513/4783] Replayed ModifiedCartan.KPColumnSupportedExpansion
warning: ModifiedCartan/KPColumnSupportedExpansion.lean:41:19: `if_true` has been deprecated: Use `ite_true` instead
warning: ModifiedCartan/KPColumnSupportedExpansion.lean:43:19: `if_false` has been deprecated: Use `ite_false` instead
⚠ [4526/4783] Replayed ModifiedCartan.InvariantCycleSubsets
warning: ModifiedCartan/InvariantCycleSubsets.lean:39:0: automatically included section variable(s) unused in theorem `ModifiedCartan.permutationCycleUnion_card`:
  [DecidableEq A]
consider restructuring your `variable` declarations so that the variables are not in scope or explicitly omit them:
  omit [DecidableEq A] in theorem ...

Note: This linter can be disabled with `set_option linter.unusedSectionVars false`
⚠ [4532/4783] Replayed ModifiedCartan.CompositionLaurentWeights
warning: ModifiedCartan/CompositionLaurentWeights.lean:36:4: This simp argument is unused:
  laurentMarkerEquiv_C_C

Hint: Omit it from the simp argument list.
  [apply] simp only [compositionJacobianWeight, map_mul, laurentMarkerEquiv_X, laurentMarkerEquiv_C_T, map_natCast]

Note: This linter can be disabled with `set_option linter.unusedSimpArgs false`
⚠ [4536/4783] Replayed ModifiedCartan.EmbeddingMarkerAssignment
warning: ModifiedCartan/EmbeddingMarkerAssignment.lean:14:35: `dif_pos` has been deprecated: Use `dite_eq_left` instead
warning: ModifiedCartan/EmbeddingMarkerAssignment.lean:23:39: `dif_pos` has been deprecated: Use `dite_eq_left` instead
⚠ [4542/4783] Replayed ModifiedCartan.MarkerSquarefreeJacobian
warning: ModifiedCartan/MarkerSquarefreeJacobian.lean:27:10: `if_neg` has been deprecated: Use `ite_eq_right` instead
warning: ModifiedCartan/MarkerSquarefreeJacobian.lean:43:22: This simp argument is unused:
  ← Finset.sum_filter

Hint: Omit it from the simp argument list.
  [apply] simp

Note: Simp arguments with `←` have the additional effect of removing the other direction from the simp set, even if the simp argument itself is unused. If the hint above does not work, try replacing `←` with `-` to only get that effect and silence this warning.

Note: This linter can be disabled with `set_option linter.unusedSimpArgs false`
⚠ [4547/4783] Replayed ModifiedCartan.ComplementMarkerDegrees
warning: ModifiedCartan/ComplementMarkerDegrees.lean:37:24: Used `tac1 <;> tac2` where `(tac1; tac2)` would suffice

Note: This linter can be disabled with `set_option linter.unnecessarySeqFocus false`
⚠ [4551/4783] Replayed ModifiedCartan.FiniteSubtypeSupports
warning: ModifiedCartan/FiniteSubtypeSupports.lean:70:11: Variable name `a` is not explicitly referenced.

Hint: The binding can be removed (if unused) or named `_` (if used implicitly). Alternatively, prefix the name with `_` to silence this warning:
  [apply] _a

Note: This linter can be disabled with `set_option linter.unusedVariables false`
warning: ModifiedCartan/FiniteSubtypeSupports.lean:71:12: Variable name `a` is not explicitly referenced.

Hint: The binding can be removed (if unused) or named `_` (if used implicitly). Alternatively, prefix the name with `_` to silence this warning:
  [apply] _a

Note: This linter can be disabled with `set_option linter.unusedVariables false`
ℹ [4561/4783] Replayed ModifiedCartan.FiniteFinAlphabetShift
info: ModifiedCartan/FiniteFinAlphabetShift.lean:80:0: 'ModifiedCartan.finiteBernstein_mul_vandermonde' depends on axioms: [propext, Classical.choice, Quot.sound]
ℹ [4563/4783] Replayed ModifiedCartan.FiniteBernsteinCoefficients
info: ModifiedCartan/FiniteBernsteinCoefficients.lean:58:0: 'ModifiedCartan.finiteBernstein_residue_mul_vandermonde' depends on axioms: [propext, Classical.choice, Quot.sound]
⚠ [4565/4783] Replayed ModifiedCartan.FrobeniusCoefficientMultiplicity
warning: ModifiedCartan/FrobeniusCoefficientMultiplicity.lean:18:2: Try this: 
  letI̵

The goal is a proposition, so `let` is preferred over `letI`.
The difference between `let` and `letI` is that `letI` inlines the value.
But this is not relevant for proofs because of proof irrelevance.

Note: This linter can be disabled with `set_option linter.style.haveILetI false`
⚠ [4566/4783] Replayed ModifiedCartan.YoungFrobeniusCoefficients
warning: ModifiedCartan/YoungFrobeniusCoefficients.lean:31:2: Try this: 
  letI̵

The goal is a proposition, so `let` is preferred over `letI`.
The difference between `let` and `letI` is that `letI` inlines the value.
But this is not relevant for proofs because of proof irrelevance.

Note: This linter can be disabled with `set_option linter.style.haveILetI false`
⚠ [4568/4783] Replayed ModifiedCartan.YoungSpechtGenerator
warning: ModifiedCartan/YoungSpechtGenerator.lean:33:2: Try this: 
  letI̵

The goal is a proposition, so `let` is preferred over `letI`.
The difference between `let` and `letI` is that `letI` inlines the value.
But this is not relevant for proofs because of proof irrelevance.

Note: This linter can be disabled with `set_option linter.style.haveILetI false`
⚠ [4572/4783] Replayed ModifiedCartan.FrobeniusAlternantTriangularity
warning: ModifiedCartan/FrobeniusAlternantTriangularity.lean:22:10: `if_pos` has been deprecated: Use `ite_eq_left` instead
warning: ModifiedCartan/FrobeniusAlternantTriangularity.lean:24:10: `if_neg` has been deprecated: Use `ite_eq_right` instead
info: ModifiedCartan/FrobeniusAlternantTriangularity.lean:51:0: 'ModifiedCartan.finiteVandermondeFrobenius_coeff_zero_of_le_ne' depends on axioms: [propext,
 Classical.choice,
 Quot.sound]
info: ModifiedCartan/FrobeniusAlternantTriangularity.lean:52:0: 'ModifiedCartan.finiteVandermondeFrobenius_diagonal_nat' depends on axioms: [propext, Classical.choice, Quot.sound]
ℹ [4573/4783] Replayed ModifiedCartan.WeightedOrthogonalTriangularity
info: ModifiedCartan/WeightedOrthogonalTriangularity.lean:54:0: 'ModifiedCartan.weighted_triangular_orthogonal_identity' depends on axioms: [propext, Classical.choice, Quot.sound]
⚠ [4574/4783] Replayed ModifiedCartan.YoungHeightCollision
warning: ModifiedCartan/YoungHeightCollision.lean:17:2: `push_neg` has been deprecated. Prefer using `push Not` instead.
If you'd rather continue using `push_neg` in your project, you can implement it as follows:
```
open Lean.Parser.Tactic in
macro "push_neg" cfg:optConfig loc:(location)? : tactic =>
  `(tactic| push $cfg:optConfig Not $[$loc]?)
```
info: ModifiedCartan/YoungHeightCollision.lean:32:0: 'ModifiedCartan.youngFirstColumn_color_collision' depends on axioms: [propext, Classical.choice, Quot.sound]
ℹ [4575/4783] Replayed ModifiedCartan.FrobeniusHeightVanishing
info: ModifiedCartan/FrobeniusHeightVanishing.lean:34:0: 'ModifiedCartan.finiteFrobeniusPolynomial_eq_zero_of_height' depends on axioms: [propext, Classical.choice, Quot.sound]
ℹ [4577/4783] Replayed ModifiedCartan.PolynomialJetMatrixGauge
info: ModifiedCartan/PolynomialJetMatrixGauge.lean:73:0: 'ModifiedCartan.polynomialMatrixGauge_exists_identity_jets' depends on axioms: [propext, Classical.choice, Quot.sound]
ℹ [4579/4783] Replayed ModifiedCartan.PolynomialTensorFunctional
info: ModifiedCartan/PolynomialTensorFunctional.lean:88:0: 'ModifiedCartan.polynomialTensorFunctional_alternant' depends on axioms: [propext, Classical.choice, Quot.sound]
ℹ [4580/4783] Replayed ModifiedCartan.AlternatingDualDescent
info: ModifiedCartan/AlternatingDualDescent.lean:84:0: 'ModifiedCartan.alternatingDual_descent' depends on axioms: [propext, Classical.choice, Quot.sound]
ℹ [4581/4783] Replayed ModifiedCartan.AlternatingDualDeterminant
info: ModifiedCartan/AlternatingDualDeterminant.lean:43:0: 'ModifiedCartan.alternatingDual_eq_scalar_det' depends on axioms: [propext, Classical.choice, Quot.sound]
ℹ [4582/4783] Replayed ModifiedCartan.PolynomialPrimitives
info: ModifiedCartan/PolynomialPrimitives.lean:62:0: 'ModifiedCartan.complexPolynomialPrimitive_derivative' depends on axioms: [propext, Classical.choice, Quot.sound]
ℹ [4583/4783] Replayed ModifiedCartan.MinorDimensionStep
info: ModifiedCartan/MinorDimensionStep.lean:76:0: 'ModifiedCartan.partitionPolynomialMinor_cons_constant' depends on axioms: [propext, Classical.choice, Quot.sound]
ℹ [4586/4783] Replayed ModifiedCartan.PolynomialMapDensity
info: ModifiedCartan/PolynomialMapDensity.lean:81:0: 'ModifiedCartan.polynomial_eq_zero_of_zero_on_every_fibre' depends on axioms: [propext, Classical.choice, Quot.sound]
ℹ [4587/4783] Replayed ModifiedCartan.ClosedJointEigenprofiles
info: ModifiedCartan/ClosedJointEigenprofiles.lean:62:0: 'ModifiedCartan.isClosed_commonEigenvector_parameters' depends on axioms: [propext, Classical.choice, Quot.sound]
⚠ [4595/4854] Replayed ModifiedCartan.SpechtCornerDirectSum
warning: ModifiedCartan/SpechtCornerDirectSum.lean:22:0: automatically included section variable(s) unused in theorem `ModifiedCartan.spechtCorner_finrank_sum`:
  [DecidableEq A]
consider restructuring your `variable` declarations so that the variables are not in scope or explicitly omit them:
  omit [DecidableEq A] in theorem ...

Note: This linter can be disabled with `set_option linter.unusedSectionVars false`
⚠ [4597/4854] Replayed ModifiedCartan.JucysMurphyBasisStep
warning: ModifiedCartan/JucysMurphyBasisStep.lean:34:4: Unused tactic linter: `change
  (spechtRepresentationOn μ h).asAlgebraHom (jucysMurphyElement i)
      (spechtCornerEmbedding μ h a p.1 ((D p.1).basis p.2)) =
    e p i • spechtCornerEmbedding μ h a p.1 ((D p.1).basis p.2)` does nothing

Note: This linter can be disabled with `set_option linter.unusedTactic false`
⚠ [4617/4854] Replayed ModifiedCartan.NormalizedGeometricLaurent
warning: ModifiedCartan/NormalizedGeometricLaurent.lean:33:54: Used `tac1 <;> tac2` where `(tac1; tac2)` would suffice

Note: This linter can be disabled with `set_option linter.unnecessarySeqFocus false`
warning: ModifiedCartan/NormalizedGeometricLaurent.lean:33:66: Used `tac1 <;> tac2` where `(tac1; tac2)` would suffice

Note: This linter can be disabled with `set_option linter.unnecessarySeqFocus false`
ℹ [4632/4854] Replayed ModifiedCartan.FrobeniusAlternantOrthogonality
info: ModifiedCartan/FrobeniusAlternantOrthogonality.lean:63:0: 'ModifiedCartan.frobeniusAlternantCoefficient_orthogonality' depends on axioms: [propext, Classical.choice, Quot.sound]
info: ModifiedCartan/FrobeniusAlternantOrthogonality.lean:64:0: 'ModifiedCartan.frobeniusAlternantCoefficient_identity_of_size_le' depends on axioms: [propext,
 Classical.choice,
 Quot.sound]
ℹ [4633/4854] Replayed ModifiedCartan.FittingFrobeniusOrthogonality
info: ModifiedCartan/FittingFrobeniusOrthogonality.lean:65:0: 'ModifiedCartan.frobeniusAlternantCoefficient_identity' depends on axioms: [propext, Classical.choice, Quot.sound]
ℹ [4634/4854] Replayed ModifiedCartan.FiniteFrobeniusSchur
info: ModifiedCartan/FiniteFrobeniusSchur.lean:52:0: 'ModifiedCartan.finiteFrobeniusPolynomial_mul_alternant' depends on axioms: [propext, Classical.choice, Quot.sound]
info: ModifiedCartan/FiniteFrobeniusSchur.lean:53:0: 'ModifiedCartan.finiteFrobeniusPolynomial_schur_determinant' depends on axioms: [propext, Classical.choice, Quot.sound]
ℹ [4635/4854] Replayed ModifiedCartan.FrobeniusBernsteinCoefficients
info: ModifiedCartan/FrobeniusBernsteinCoefficients.lean:32:0: 'ModifiedCartan.finiteFrobeniusBernsteinResidue_mul_vandermonde' depends on axioms: [propext,
 Classical.choice,
 Quot.sound]
ℹ [4641/4854] Replayed ModifiedCartan.SymmetricOrbitPolynomial
info: ModifiedCartan/SymmetricOrbitPolynomial.lean:63:0: 'ModifiedCartan.eval₂_eq_zero_of_symmetricOrbitPolynomial' depends on axioms: [propext, Classical.choice, Quot.sound]
ℹ [4642/4854] Replayed ModifiedCartan.JointEigenvectorDeterminants
info: ModifiedCartan/JointEigenvectorDeterminants.lean:67:0: 'ModifiedCartan.commonEigenvector_iff_forall_det_eq_zero' depends on axioms: [propext, Classical.choice, Quot.sound]
ℹ [4643/4854] Replayed ModifiedCartan.SchubertMinorRatios
info: ModifiedCartan/SchubertMinorRatios.lean:40:0: 'ModifiedCartan.normalizedSchubertCoordinate_div_bot' depends on axioms: [propext, Classical.choice, Quot.sound]
⚠ [4644/4854] Replayed FewInflection.PluckerBounds
warning: FewInflection/PluckerBounds.lean:44:4: try 'simp' instead of 'simpa'

Note: This linter can be disabled with `set_option linter.unnecessarySimpa false`
ℹ [4645/4854] Replayed ModifiedCartan.FiniteMeasureTuples
info: ModifiedCartan/FiniteMeasureTuples.lean:46:0: 'ModifiedCartan.tendstoInMeasure_finite_pi' depends on axioms: [propext, Classical.choice, Quot.sound]
ℹ [4646/4854] Replayed ModifiedCartan.HolomorphicCompactness
info: ModifiedCartan/HolomorphicCompactness.lean:162:0: 'ModifiedCartan.exists_uniformly_convergent_subsequence_of_lipschitzOn' depends on axioms: [propext,
 Classical.choice,
 Quot.sound]
info: ModifiedCartan/HolomorphicCompactness.lean:163:0: 'ModifiedCartan.holomorphic_deriv_bound_on_inner_disk' depends on axioms: [propext, Classical.choice, Quot.sound]
info: ModifiedCartan/HolomorphicCompactness.lean:164:0: 'ModifiedCartan.exists_holomorphic_uniform_limit_on_inner_disk' depends on axioms: [propext,
 Classical.choice,
 Quot.sound]
info: ModifiedCartan/HolomorphicCompactness.lean:165:0: 'ModifiedCartan.exists_simultaneous_holomorphic_uniform_limits' depends on axioms: [propext,
 Classical.choice,
 Quot.sound]
ℹ [4647/4854] Replayed ModifiedCartan.MeasureDilationCompatibility
info: ModifiedCartan/MeasureDilationCompatibility.lean:41:0: 'ModifiedCartan.LocalMeasureConvergence.dilation_compatible' depends on axioms: [propext, Classical.choice, Quot.sound]
ℹ [4648/4854] Replayed ModifiedCartan.AllScaleCauchyBounds
info: ModifiedCartan/AllScaleCauchyBounds.lean:89:0: 'ModifiedCartan.dilation_weight_eq_nat_of_uniform_local_bounds' depends on axioms: [propext,
 Classical.choice,
 Quot.sound]
ℹ [4649/4854] Replayed ModifiedCartan.TwoPowerCauchy
info: ModifiedCartan/TwoPowerCauchy.lean:9:0: pow_le_pow_left₀.{u_2} {M₀ : Type u_2} [MonoidWithZero M₀] [Preorder M₀] {a b : M₀} [PosMulMono M₀] [MulPosMono M₀]
  (ha : 0 ≤ a) (hab : a ≤ b) (n : ℕ) : a ^ n ≤ b ^ n
info: ModifiedCartan/TwoPowerCauchy.lean:62:0: 'ModifiedCartan.norm_iteratedDeriv_le_of_two_power_germ' depends on axioms: [propext, Classical.choice, Quot.sound]
ℹ [4650/4854] Replayed ModifiedCartan.TwoPowerExponents
info: ModifiedCartan/TwoPowerExponents.lean:62:0: 'ModifiedCartan.two_power_exponents_straddle_zero' depends on axioms: [propext, Classical.choice, Quot.sound]
info: ModifiedCartan/TwoPowerExponents.lean:63:0: 'ModifiedCartan.weight_zero_of_two_power_bounds' depends on axioms: [propext, Classical.choice, Quot.sound]
ℹ [4651/4854] Replayed ModifiedCartan.MonomialGerms
info: ModifiedCartan/MonomialGerms.lean:65:0: 'ModifiedCartan.derivative_weight_eq_of_two_power_scale_models' depends on axioms: [propext,
 Classical.choice,
 Quot.sound]
info: ModifiedCartan/MonomialGerms.lean:66:0: 'ModifiedCartan.analytic_eq_monomial_of_deriv_support' depends on axioms: [propext, Classical.choice, Quot.sound]
ℹ [4652/4854] Replayed ModifiedCartan.MonomialExtension
info: ModifiedCartan/MonomialExtension.lean:51:0: 'ModifiedCartan.exists_entire_weighted_monomial_extension' depends on axioms: [propext, Classical.choice, Quot.sound]
info: ModifiedCartan/MonomialExtension.lean:52:0: 'ModifiedCartan.entire_dilation_model_eqOn' depends on axioms: [propext, Classical.choice, Quot.sound]
ℹ [4653/4854] Replayed ModifiedCartan.MeasureDilation
info: ModifiedCartan/MeasureDilation.lean:30:0: 'ModifiedCartan.LocalMeasureConvergence.dilate_const_mul' depends on axioms: [propext, Classical.choice, Quot.sound]
ℹ [4654/4854] Replayed ModifiedCartan.GlobalMeasureModels
info: ModifiedCartan/GlobalMeasureModels.lean:63:0: 'ModifiedCartan.global_localMeasureConvergence_of_scale_models' depends on axioms: [propext,
 Classical.choice,
 Quot.sound]
ℹ [4655/4854] Replayed ModifiedCartan.TwoPowerDiskBound
info: ModifiedCartan/TwoPowerDiskBound.lean:35:0: 'ModifiedCartan.two_power_closed_disk_bound_of_model' depends on axioms: [propext, Classical.choice, Quot.sound]
ℹ [4656/4854] Replayed ModifiedCartan.EventualTaylor
info: ModifiedCartan/EventualTaylor.lean:99:0: 'ModifiedCartan.Paper.eq_taylorerror_eventual' depends on axioms: [propext, Classical.choice, Quot.sound]
info: ModifiedCartan/EventualTaylor.lean:100:0: 'ModifiedCartan.determinant_error_of_taylor_jets' depends on axioms: [propext, Classical.choice, Quot.sound]
ℹ [4657/4854] Replayed ModifiedCartan.SeparatingRadius
info: ModifiedCartan/SeparatingRadius.lean:77:0: 'ModifiedCartan.exists_separating_radius_root_indices' depends on axioms: [propext, Classical.choice, Quot.sound]
ℹ [4658/4854] Replayed ModifiedCartan.ReplacementRootData
info: ModifiedCartan/ReplacementRootData.lean:63:0: 'ModifiedCartan.replacement_root_data' depends on axioms: [propext, Classical.choice, Quot.sound]
ℹ [4659/4854] Replayed ModifiedCartan.SmallPolynomialLog
info: ModifiedCartan/SmallPolynomialLog.lean:108:0: 'ModifiedCartan.Paper.eq_small_polynomial_log' depends on axioms: [propext, Classical.choice, Quot.sound]
ℹ [4660/4854] Replayed ModifiedCartan.PolynomialApproximationLog
info: ModifiedCartan/PolynomialApproximationLog.lean:102:0: 'ModifiedCartan.polynomial_approximation_log_localL1_zero' depends on axioms: [propext, Classical.choice, Quot.sound]
ℹ [4661/4854] Replayed ModifiedCartan.LocalL1Max
info: ModifiedCartan/LocalL1Max.lean:50:0: 'ModifiedCartan.LocalLpConvergence.max' depends on axioms: [propext, Classical.choice, Quot.sound]
info: ModifiedCartan/LocalL1Max.lean:51:0: 'ModifiedCartan.localLpConvergence_finset_sup'' depends on axioms: [propext, Classical.choice, Quot.sound]
ℹ [4662/4854] Replayed ModifiedCartan.LocalL1SmallError
info: ModifiedCartan/LocalL1SmallError.lean:49:0: 'ModifiedCartan.LocalLpConvergence.of_ae_uniform_error' depends on axioms: [propext, Classical.choice, Quot.sound]
ℹ [4663/4854] Replayed ModifiedCartan.NormalizedNormMax
info: ModifiedCartan/NormalizedNormMax.lean:45:0: 'ModifiedCartan.normalized_log_pi_norm_eq_max' depends on axioms: [propext, Classical.choice, Quot.sound]
info: ModifiedCartan/NormalizedNormMax.lean:46:0: 'ModifiedCartan.normalized_log_euclideanNorm_sub_max_bound' depends on axioms: [propext, Classical.choice, Quot.sound]
ℹ [4664/4854] Replayed ModifiedCartan.NormalizedNormLimit
info: ModifiedCartan/NormalizedNormLimit.lean:40:0: 'ModifiedCartan.normalized_euclidean_log_localL1_limit' depends on axioms: [propext, Classical.choice, Quot.sound]
ℹ [4665/4854] Replayed ModifiedCartan.SubharmonicSup
info: ModifiedCartan/SubharmonicSup.lean:42:0: 'ModifiedCartan.IsSubharmonicOn.sup' depends on axioms: [propext, Classical.choice, Quot.sound]
info: ModifiedCartan/SubharmonicSup.lean:43:0: 'ModifiedCartan.isSubharmonicOn_finset_sup' depends on axioms: [propext, Classical.choice, Quot.sound]
ℹ [4666/4854] Replayed ModifiedCartan.FiniteLogMax
info: ModifiedCartan/FiniteLogMax.lean:54:0: 'ModifiedCartan.subharmonic_coordinate_max_nonneg' depends on axioms: [propext, Classical.choice, Quot.sound]
ℹ [4671/4854] Replayed ModifiedCartan.DiskCircleUpper
info: ModifiedCartan/DiskCircleUpper.lean:69:0: 'ModifiedCartan.diskAverage_le_of_circleAverage_le' depends on axioms: [propext, Classical.choice, Quot.sound]
ℹ [4672/4854] Replayed ModifiedCartan.DiskMeanLimits
info: ModifiedCartan/DiskMeanLimits.lean:79:0: 'ModifiedCartan.arbitrary_norm_limit_disk_average_bound' depends on axioms: [propext, Classical.choice, Quot.sound]
⚠ [4673/4854] Replayed ModifiedCartan.SubharmonicOrigin
warning: ModifiedCartan/SubharmonicOrigin.lean:17:5: Variable name `hC` is not explicitly referenced.

Hint: The binding can be removed (if unused) or named `_` (if used implicitly). Alternatively, prefix the name with `_` to silence this warning:
  [apply] _hC

Note: This linter can be disabled with `set_option linter.unusedVariables false`
info: ModifiedCartan/SubharmonicOrigin.lean:85:0: 'ModifiedCartan.subharmonic_origin_bound_of_disk_means' depends on axioms: [propext, Classical.choice, Quot.sound]
ℹ [4674/4854] Replayed ModifiedCartan.OriginBound
info: ModifiedCartan/OriginBound.lean:43:0: 'ModifiedCartan.Paper.eq_origin_bound' depends on axioms: [propext, Classical.choice, Quot.sound]
ℹ [4675/4854] Replayed ModifiedCartan.UnitaryNorm
info: ModifiedCartan/UnitaryNorm.lean:116:0: 'ModifiedCartan.euclideanNorm_vecMul_unitary' depends on axioms: [propext, Classical.choice, Quot.sound]
info: ModifiedCartan/UnitaryNorm.lean:117:0: 'ModifiedCartan.exists_unitary_gram_diagonal' depends on axioms: [propext, Classical.choice, Quot.sound]
info: ModifiedCartan/UnitaryNorm.lean:118:0: 'ModifiedCartan.exists_unitary_positive_column_norms' depends on axioms: [propext, Classical.choice, Quot.sound]
ℹ [4678/4854] Replayed ModifiedCartan.ScaledPolynomialJets
info: ModifiedCartan/ScaledPolynomialJets.lean:88:0: 'ModifiedCartan.exists_polynomial_unitary_jet_lengths' depends on axioms: [propext, Classical.choice, Quot.sound]
info: ModifiedCartan/ScaledPolynomialJets.lean:89:0: 'ModifiedCartan.polynomialMatrixGauge_unitary_wronskian_norm' depends on axioms: [propext, Classical.choice, Quot.sound]
ℹ [4679/4854] Replayed ModifiedCartan.NormalizedFundamentalODE
info: ModifiedCartan/NormalizedFundamentalODE.lean:84:0: 'ModifiedCartan.normalized_ode_weak_gradient_zero' depends on axioms: [propext, Classical.choice, Quot.sound]
ℹ [4680/4854] Replayed ModifiedCartan.NormalizedGradientEquation
info: ModifiedCartan/NormalizedGradientEquation.lean:62:0: 'ModifiedCartan.normalized_ode_weak_gradient_polynomial' depends on axioms: [propext, Classical.choice, Quot.sound]
⚠ [4681/4854] Replayed ModifiedCartan.MonicEquationBound
warning: ModifiedCartan/MonicEquationBound.lean:37:4: `continuousOn_finset_sum` has been deprecated: Use `continuousOn_finsetSum` instead
info: ModifiedCartan/MonicEquationBound.lean:50:0: 'ModifiedCartan.norm_le_of_monic_equation' depends on axioms: [propext, Classical.choice, Quot.sound]
info: ModifiedCartan/MonicEquationBound.lean:51:0: 'ModifiedCartan.monic_equation_gradient_bound_on_compact' depends on axioms: [propext, Classical.choice, Quot.sound]
ℹ [4682/4854] Replayed ModifiedCartan.PolynomialGradientRegularity
info: ModifiedCartan/PolynomialGradientRegularity.lean:42:0: 'ModifiedCartan.IsSubharmonicOn.locallyLipschitzOn_of_gradient_equation' depends on axioms: [propext,
 Classical.choice,
 Quot.sound]
ℹ [4683/4854] Replayed ModifiedCartan.ExponentialLogComparison
info: ModifiedCartan/ExponentialLogComparison.lean:64:0: 'ModifiedCartan.normalized_log_tendsto_of_exponential_close' depends on axioms: [propext, Classical.choice, Quot.sound]
ℹ [4684/4854] Replayed ModifiedCartan.SingularExponentLimits
info: ModifiedCartan/SingularExponentLimits.lean:61:0: 'ModifiedCartan.exists_balanced_finite_limit' depends on axioms: [propext, Classical.choice, Quot.sound]
info: ModifiedCartan/SingularExponentLimits.lean:62:0: 'ModifiedCartan.singular_log_sum_tendsto_zero' depends on axioms: [propext, Classical.choice, Quot.sound]
ℹ [4685/4854] Replayed ModifiedCartan.PolynomialLogMajorant
info: ModifiedCartan/PolynomialLogMajorant.lean:38:0: 'ModifiedCartan.normalized_log_limit_le_of_polynomial_majorant' depends on axioms: [propext,
 Classical.choice,
 Quot.sound]
ℹ [4686/4854] Replayed ModifiedCartan.JetLengthBounds
info: ModifiedCartan/JetLengthBounds.lean:67:0: 'ModifiedCartan.scaledJetLength_le_of_sphere_bound' depends on axioms: [propext, Classical.choice, Quot.sound]
info: ModifiedCartan/JetLengthBounds.lean:68:0: 'ModifiedCartan.derivative_norm_le_scaledJetLength' depends on axioms: [propext, Classical.choice, Quot.sound]
ℹ [4687/4854] Replayed ModifiedCartan.PointJetUpper
info: ModifiedCartan/PointJetUpper.lean:54:0: 'ModifiedCartan.unitary_polynomial_jet_eventual_bound' depends on axioms: [propext, Classical.choice, Quot.sound]
⚠ [4688/4854] Replayed ModifiedCartan.JetLogCompactness
warning: ModifiedCartan/JetLogCompactness.lean:24:2: `push_neg` has been deprecated. Prefer using `push Not` instead.
If you'd rather continue using `push_neg` in your project, you can implement it as follows:
```
open Lean.Parser.Tactic in
macro "push_neg" cfg:optConfig loc:(location)? : tactic =>
  `(tactic| push $cfg:optConfig Not $[$loc]?)
```
info: ModifiedCartan/JetLogCompactness.lean:64:0: 'ModifiedCartan.not_log_collapse_of_jet_log_limit' depends on axioms: [propext, Classical.choice, Quot.sound]
ℹ [4689/4854] Replayed ModifiedCartan.PolynomialInitialBasisExistence
info: ModifiedCartan/PolynomialInitialBasisExistence.lean:63:0: 'ModifiedCartan.polynomialBasis_exists_identity_jets' depends on axioms: [propext, Classical.choice, Quot.sound]
ℹ [4690/4854] Replayed ModifiedCartan.PolynomialInitialBasisCoordinates
info: ModifiedCartan/PolynomialInitialBasisCoordinates.lean:54:0: 'ModifiedCartan.polynomialBasis_existsUnique_identity_jets' depends on axioms: [propext, Classical.choice, Quot.sound]
ℹ [4691/4854] Replayed ModifiedCartan.ReplacedMinorOrders
info: ModifiedCartan/ReplacedMinorOrders.lean:88:0: 'ModifiedCartan.sortedReplacementOrders_partitionSize' depends on axioms: [propext, Classical.choice, Quot.sound]
ℹ [4692/4854] Replayed ModifiedCartan.UnitaryPolynomialBounds
info: ModifiedCartan/UnitaryPolynomialBounds.lean:35:0: 'ModifiedCartan.unitary_polynomial_coordinate_eventual_bound' depends on axioms: [propext, Classical.choice, Quot.sound]
ℹ [4693/4854] Replayed ModifiedCartan.EuclideanTriangle
info: ModifiedCartan/EuclideanTriangle.lean:34:0: 'ModifiedCartan.euclideanNorm_difference_le_of_component_error' depends on axioms: [propext,
 Classical.choice,
 Quot.sound]
ℹ [4694/4854] Replayed ModifiedCartan.LocalMidpointMaximum
info: ModifiedCartan/LocalMidpointMaximum.lean:61:0: 'ModifiedCartan.le_chord_of_continuous_local_midpoint' depends on axioms: [propext, Classical.choice, Quot.sound]
ℹ [4695/4854] Replayed ModifiedCartan.LocalToGlobalConvexity
info: ModifiedCartan/LocalToGlobalConvexity.lean:57:0: 'ModifiedCartan.convexOn_of_continuousOn_locally_convex' depends on axioms: [propext, Classical.choice, Quot.sound]
ℹ [4696/4854] Replayed ModifiedCartan.FiniteGradientConvexity
info: ModifiedCartan/FiniteGradientConvexity.lean:30:0: 'ModifiedCartan.Paper.lem_finite_gradient_convex' depends on axioms: [propext, Classical.choice, Quot.sound]
ℹ [4697/4854] Replayed ModifiedCartan.WeakGradientLogTest
info: ModifiedCartan/WeakGradientLogTest.lean:68:0: 'ModifiedCartan.IsSubharmonicOn.weak_gradient_regularized_log_test' depends on axioms: [propext,
 Classical.choice,
 Quot.sound]
ℹ [4698/4854] Replayed ModifiedCartan.ZeroPhaseTest
info: ModifiedCartan/ZeroPhaseTest.lean:60:0: 'ModifiedCartan.IsSubharmonicOn.weak_gradient_zero_phase_test' depends on axioms: [propext,
 Classical.choice,
 Quot.sound]
ℹ [4699/4854] Replayed ModifiedCartan.VectorLogIntegrability
info: ModifiedCartan/VectorLogIntegrability.lean:58:0: 'ModifiedCartan.integrableOn_log_euclideanNorm_on_compact' depends on axioms: [propext, Classical.choice, Quot.sound]
ℹ [4700/4854] Replayed ModifiedCartan.PolynomialNormCompactness
info: ModifiedCartan/PolynomialNormCompactness.lean:54:0: 'ModifiedCartan.polynomial_norm_localL1_of_measure' depends on axioms: [propext, Classical.choice, Quot.sound]
ℹ [4701/4854] Replayed ModifiedCartan.LogMeasureTransfer
info: ModifiedCartan/LogMeasureTransfer.lean:38:0: 'ModifiedCartan.localMeasure_log_transfer_of_exponential_close' depends on axioms: [propext,
 Classical.choice,
 Quot.sound]
⚠ [4703/4854] Replayed ModifiedCartan.EntireZeroCopies
warning: ModifiedCartan/EntireZeroCopies.lean:56:2: Try this: 
  letI̵

The goal is a proposition, so `let` is preferred over `letI`.
The difference between `let` and `letI` is that `letI` inlines the value.
But this is not relevant for proofs because of proof irrelevance.

Note: This linter can be disabled with `set_option linter.style.haveILetI false`
info: ModifiedCartan/EntireZeroCopies.lean:68:0: 'ModifiedCartan.entireZeroCopies_countable' depends on axioms: [propext, Classical.choice, Quot.sound]
⚠ [4704/4854] Replayed ModifiedCartan.ZeroCopiesCount
warning: ModifiedCartan/ZeroCopiesCount.lean:49:6: `if_pos` has been deprecated: Use `ite_eq_left` instead
warning: ModifiedCartan/ZeroCopiesCount.lean:56:2: Try this: 
  letI̵

The goal is a proposition, so `let` is preferred over `letI`.
The difference between `let` and `letI` is that `letI` inlines the value.
But this is not relevant for proofs because of proof irrelevance.

Note: This linter can be disabled with `set_option linter.style.haveILetI false`
info: ModifiedCartan/ZeroCopiesCount.lean:68:0: 'ModifiedCartan.zeroCopiesInClosedBall_card' depends on axioms: [propext, Classical.choice, Quot.sound]
ℹ [4705/4854] Replayed ModifiedCartan.EnvelopeKernel
info: ModifiedCartan/EnvelopeKernel.lean:68:0: 'ModifiedCartan.envelope_integrand_integrable' depends on axioms: [propext, Classical.choice, Quot.sound]
⚠ [4706/4854] Replayed ModifiedCartan.ReciprocalTailIntegral
warning: ModifiedCartan/ReciprocalTailIntegral.lean:27:30: Variable name `hC` is not explicitly referenced.

Hint: The binding can be removed (if unused) or named `_` (if used implicitly). Alternatively, prefix the name with `_` to silence this warning:
  [apply] _hC

Note: This linter can be disabled with `set_option linter.unusedVariables false`
info: ModifiedCartan/ReciprocalTailIntegral.lean:72:0: 'ModifiedCartan.finite_reciprocal_tail_bound' depends on axioms: [propext, Classical.choice, Quot.sound]
ℹ [4707/4854] Replayed ModifiedCartan.ReciprocalRoots
info: ModifiedCartan/ReciprocalRoots.lean:58:0: 'ModifiedCartan.entire_reciprocal_tail_of_count_bound' depends on axioms: [propext, Classical.choice, Quot.sound]
info: ModifiedCartan/ReciprocalRoots.lean:59:0: 'ModifiedCartan.entire_reciprocal_roots_summable_of_count_bound' depends on axioms: [propext,
 Classical.choice,
 Quot.sound]
ℹ [4708/4854] Replayed ModifiedCartan.MaximumModulus
info: ModifiedCartan/MaximumModulus.lean:87:0: 'ModifiedCartan.maximumModulus_continuousOn' depends on axioms: [propext, Classical.choice, Quot.sound]
info: ModifiedCartan/MaximumModulus.lean:88:0: 'ModifiedCartan.maximumModulus_eq_sphereSup' depends on axioms: [propext, Classical.choice, Quot.sound]
ℹ [4709/4854] Replayed ModifiedCartan.EntireOrder
info: ModifiedCartan/EntireOrder.lean:98:0: 'ModifiedCartan.entireOrder_posLog_isLittleO' depends on axioms: [propext, Classical.choice, Quot.sound]
info: ModifiedCartan/EntireOrder.lean:99:0: 'ModifiedCartan.entireOrder_exists_posLog_power_bound' depends on axioms: [propext, Classical.choice, Quot.sound]
ℹ [4710/4854] Replayed ModifiedCartan.CurveCoordinateCounting
info: ModifiedCartan/CurveCoordinateCounting.lean:105:0: 'ModifiedCartan.coordinate_logCounting_le_characteristic' depends on axioms: [propext, Classical.choice, Quot.sound]
info: ModifiedCartan/CurveCoordinateCounting.lean:106:0: 'ModifiedCartan.coordinate_reciprocal_roots_summable' depends on axioms: [propext, Classical.choice, Quot.sound]
ℹ [4711/4854] Replayed ModifiedCartan.EntireTaylorBounds
info: ModifiedCartan/EntireTaylorBounds.lean:60:0: 'ModifiedCartan.entire_taylorPolynomial_iteratedDeriv_le' depends on axioms: [propext, Classical.choice, Quot.sound]
ℹ [4713/4854] Replayed FewInflection.AffineDilation
info: FewInflection/AffineDilation.lean:116:6: Try this:
  [apply] ring_nf
  
  The `ring` tactic failed to close the goal. Use `ring_nf` to obtain a normal form.
    
  Note that `ring` works primarily in *commutative* rings. If you have a noncommutative ring, abelian group or module, consider using `noncomm_ring`, `abel` or `module` instead.
info: FewInflection/AffineDilation.lean:126:2: Try this:
  [apply] ring_nf
  
  The `ring` tactic failed to close the goal. Use `ring_nf` to obtain a normal form.
    
  Note that `ring` works primarily in *commutative* rings. If you have a noncommutative ring, abelian group or module, consider using `noncomm_ring`, `abel` or `module` instead.
info: FewInflection/AffineDilation.lean:172:6: Try this:
  [apply] ring_nf
  
  The `ring` tactic failed to close the goal. Use `ring_nf` to obtain a normal form.
    
  Note that `ring` works primarily in *commutative* rings. If you have a noncommutative ring, abelian group or module, consider using `noncomm_ring`, `abel` or `module` instead.
⚠ [4716/4854] Replayed FewInflection.MeasureConvergence
warning: FewInflection/MeasureConvergence.lean:32:17: `Set.mem_setOf_eq` has been deprecated: Use `Set.mem_ofPred_eq` instead
warning: FewInflection/MeasureConvergence.lean:53:17: `Set.mem_setOf_eq` has been deprecated: Use `Set.mem_ofPred_eq` instead
warning: FewInflection/MeasureConvergence.lean:249:10: `ofReal_norm_eq_enorm` has been deprecated: Use `ofReal_norm` instead
ℹ [4717/4854] Replayed ModifiedCartan.SystemMaximum
info: ModifiedCartan/SystemMaximum.lean:118:0: 'ModifiedCartan.systemLogMaximum_isLittleO' depends on axioms: [propext, Classical.choice, Quot.sound]
⚠ [4718/4854] Replayed ModifiedCartan.EntireTaylorJets
warning: ModifiedCartan/EntireTaylorJets.lean:23:4: `if_pos` has been deprecated: Use `ite_eq_left` instead
info: ModifiedCartan/EntireTaylorJets.lean:45:0: 'ModifiedCartan.entire_taylorPolynomial_wronskian_zero' depends on axioms: [propext, Classical.choice, Quot.sound]
⚠ [4723/4978] Replayed ModifiedCartan.KPJointEigenspace
warning: ModifiedCartan/KPJointEigenspace.lean:26:2: Try this: 
  letI̵

The goal is a proposition, so `let` is preferred over `letI`.
The difference between `let` and `letI` is that `letI` inlines the value.
But this is not relevant for proofs because of proof irrelevance.

Note: This linter can be disabled with `set_option linter.style.haveILetI false`
ℹ [4725/4978] Replayed ModifiedCartan.CommonEigenspaceAlgebra
info: ModifiedCartan/CommonEigenspaceAlgebra.lean:57:0: 'ModifiedCartan.kp_isCommonEigenspace_iff' depends on axioms: [propext, Classical.choice, Quot.sound]
⚠ [4728/4978] Replayed ModifiedCartan.RightZFactorPolynomial
warning: ModifiedCartan/RightZFactorPolynomial.lean:35:20: Used `tac1 <;> tac2` where `(tac1; tac2)` would suffice

Note: This linter can be disabled with `set_option linter.unnecessarySeqFocus false`
⚠ [4729/4978] Replayed ModifiedCartan.RightZFactorLaurentSeries
warning: ModifiedCartan/RightZFactorLaurentSeries.lean:13:2: Try this: 
  letI̵

The goal is a proposition, so `let` is preferred over `letI`.
The difference between `let` and `letI` is that `letI` inlines the value.
But this is not relevant for proofs because of proof irrelevance.

Note: This linter can be disabled with `set_option linter.style.haveILetI false`
⚠ [4731/4978] Replayed ModifiedCartan.SupportedPowerSumQuadratic
warning: ModifiedCartan/SupportedPowerSumQuadratic.lean:44:12: `MonoidAlgebra.coeff_single_apply` has been deprecated: Use `Finsupp.single_apply` instead

Note: The updated constant has a different type:
  ∀ {α : Type u_1} {M : Type u_5} [inst : Zero M] {a a' : α} {b : M} [inst_1 : Decidable (a = a')],
    (Finsupp.single a b) a' = if a = a' then b else 0
instead of
  ∀ {R : Type u_1} {M : Type u_4} [inst : Semiring R] {a a' : M} {b : R} [inst_1 : Decidable (a = a')],
    (MonoidAlgebra.single a b).coeff a' = if a = a' then b else 0

Note: The updated constant is in a different namespace. Dot notation may need to be changed (e.g., from `x.coeff_single_apply` to `Finsupp.single_apply x`).
warning: ModifiedCartan/SupportedPowerSumQuadratic.lean:44:46: `if_pos` has been deprecated: Use `ite_eq_left` instead
warning: ModifiedCartan/SupportedPowerSumQuadratic.lean:48:14: `if_pos` has been deprecated: Use `ite_eq_left` instead
warning: ModifiedCartan/SupportedPowerSumQuadratic.lean:48:25: `dif_pos` has been deprecated: Use `dite_eq_left` instead
warning: ModifiedCartan/SupportedPowerSumQuadratic.lean:50:14: `if_neg` has been deprecated: Use `ite_eq_right` instead
warning: ModifiedCartan/SupportedPowerSumQuadratic.lean:50:25: `dif_neg` has been deprecated: Use `dite_eq_right` instead
warning: ModifiedCartan/SupportedPowerSumQuadratic.lean:53:12: `MonoidAlgebra.coeff_single_apply` has been deprecated: Use `Finsupp.single_apply` instead

Note: The updated constant has a different type:
  ∀ {α : Type u_1} {M : Type u_5} [inst : Zero M] {a a' : α} {b : M} [inst_1 : Decidable (a = a')],
    (Finsupp.single a b) a' = if a = a' then b else 0
instead of
  ∀ {R : Type u_1} {M : Type u_4} [inst : Semiring R] {a a' : M} {b : R} [inst_1 : Decidable (a = a')],
    (MonoidAlgebra.single a b).coeff a' = if a = a' then b else 0

Note: The updated constant is in a different namespace. Dot notation may need to be changed (e.g., from `x.coeff_single_apply` to `Finsupp.single_apply x`).
warning: ModifiedCartan/SupportedPowerSumQuadratic.lean:53:46: `if_neg` has been deprecated: Use `ite_eq_right` instead
warning: ModifiedCartan/SupportedPowerSumQuadratic.lean:53:82: `dif_neg` has been deprecated: Use `dite_eq_right` instead
⚠ [4733/4978] Replayed ModifiedCartan.AmbientFactorizationLaurentSeries
warning: ModifiedCartan/AmbientFactorizationLaurentSeries.lean:47:2: Try this: 
  letI̵

The goal is a proposition, so `let` is preferred over `letI`.
The difference between `let` and `letI` is that `letI` inlines the value.
But this is not relevant for proofs because of proof irrelevance.

Note: This linter can be disabled with `set_option linter.style.haveILetI false`
warning: ModifiedCartan/AmbientFactorizationLaurentSeries.lean:54:2: Try this: 
  letI̵

The goal is a proposition, so `let` is preferred over `letI`.
The difference between `let` and `letI` is that `letI` inlines the value.
But this is not relevant for proofs because of proof irrelevance.

Note: This linter can be disabled with `set_option linter.style.haveILetI false`
⚠ [4738/4978] Replayed ModifiedCartan.KPJointWronskian
warning: ModifiedCartan/KPJointWronskian.lean:57:4: Try this: 
  letI̵

The goal is a proposition, so `let` is preferred over `letI`.
The difference between `let` and `letI` is that `letI` inlines the value.
But this is not relevant for proofs because of proof irrelevance.

Note: This linter can be disabled with `set_option linter.style.haveILetI false`
ℹ [4740/4978] Replayed ModifiedCartan.KPJointProfileClosed
info: ModifiedCartan/KPJointProfileClosed.lean:81:0: 'ModifiedCartan.isClosed_kpJointProfiles' depends on axioms: [propext, Classical.choice, Quot.sound]
info: ModifiedCartan/KPJointProfileClosed.lean:82:0: 'ModifiedCartan.kpJointEigenspace_ne_bot_of_tendsto' depends on axioms: [propext, Classical.choice, Quot.sound]
ℹ [4741/4978] Replayed ModifiedCartan.PointValueUpper
info: ModifiedCartan/PointValueUpper.lean:51:0: 'ModifiedCartan.log_limit_value_le_singular_exponent' depends on axioms: [propext, Classical.choice, Quot.sound]
ℹ [4742/4978] Replayed ModifiedCartan.PointValueLower
info: ModifiedCartan/PointValueLower.lean:75:0: 'ModifiedCartan.jet_exponent_le_log_limit_value' depends on axioms: [propext, Classical.choice, Quot.sound]
ℹ [4743/4978] Replayed ModifiedCartan.JetAnchoredCompactness
info: ModifiedCartan/JetAnchoredCompactness.lean:85:0: 'ModifiedCartan.exists_common_jet_anchored_log_limits' depends on axioms: [propext, Classical.choice, Quot.sound]
⚠ [4744/4978] Replayed ModifiedCartan.CurveOrderBasic
warning: ModifiedCartan/CurveOrderBasic.lean:18:4: `push_neg` has been deprecated. Prefer using `push Not` instead.
If you'd rather continue using `push_neg` in your project, you can implement it as follows:
```
open Lean.Parser.Tactic in
macro "push_neg" cfg:optConfig loc:(location)? : tactic =>
  `(tactic| push $cfg:optConfig Not $[$loc]?)
```
info: ModifiedCartan/CurveOrderBasic.lean:67:0: 'ModifiedCartan.order_nonneg' depends on axioms: [propext, Classical.choice, Quot.sound]
info: ModifiedCartan/CurveOrderBasic.lean:68:0: 'ModifiedCartan.entireOrder_le_of_posLog_power_bound' depends on axioms: [propext, Classical.choice, Quot.sound]
⚠ [4748/4978] Replayed ModifiedCartan.TaylorWronskianGrowth
warning: ModifiedCartan/TaylorWronskianGrowth.lean:43:17: Variable name `hC` is not explicitly referenced.

Hint: The binding can be removed (if unused) or named `_` (if used implicitly). Alternatively, prefix the name with `_` to silence this warning:
  [apply] _hC

Note: This linter can be disabled with `set_option linter.unusedVariables false`
info: ModifiedCartan/TaylorWronskianGrowth.lean:124:0: 'ModifiedCartan.entire_taylorWronskian_posLog_bound' depends on axioms: [propext, Classical.choice, Quot.sound]
info: ModifiedCartan/TaylorWronskianGrowth.lean:125:0: 'ModifiedCartan.entire_wronskian_posLog_bound' depends on axioms: [propext, Classical.choice, Quot.sound]
ℹ [4749/4978] Replayed ModifiedCartan.ShiftedCombinations
info: ModifiedCartan/ShiftedCombinations.lean:86:0: 'ModifiedCartan.shiftedCombination_entireOrder_le' depends on axioms: [propext, Classical.choice, Quot.sound]
ℹ [4750/4978] Replayed ModifiedCartan.NormalizedCoordinates
info: ModifiedCartan/NormalizedCoordinates.lean:87:0: 'ModifiedCartan.normalizedCoordinates_initialJets' depends on axioms: [propext, Classical.choice, Quot.sound]
info: ModifiedCartan/NormalizedCoordinates.lean:88:0: 'ModifiedCartan.normalizedCoordinates_entireOrder_le' depends on axioms: [propext, Classical.choice, Quot.sound]
info: ModifiedCartan/NormalizedCoordinates.lean:89:0: 'ModifiedCartan.normalizedCoordinates_reconstruct' depends on axioms: [propext, Classical.choice, Quot.sound]
info: ModifiedCartan/NormalizedCoordinates.lean:90:0: 'ModifiedCartan.normalizedCoordinates_wronskian' depends on axioms: [propext, Classical.choice, Quot.sound]
ℹ [4755/4978] Replayed ModifiedCartan.RootMajorantProduct
info: ModifiedCartan/RootMajorantProduct.lean:56:0: 'ModifiedCartan.rootMajorantProduct_eq_exp' depends on axioms: [propext, Classical.choice, Quot.sound]
info: ModifiedCartan/RootMajorantProduct.lean:57:0: 'ModifiedCartan.log_rootMajorantProduct' depends on axioms: [propext, Classical.choice, Quot.sound]
ℹ [4758/4978] Replayed ModifiedCartan.GenusZeroProduct
info: ModifiedCartan/GenusZeroProduct.lean:73:0: 'ModifiedCartan.genusZeroProduct_differentiable' depends on axioms: [propext, Classical.choice, Quot.sound]
info: ModifiedCartan/GenusZeroProduct.lean:74:0: 'ModifiedCartan.genusZeroProduct_norm_le_rootMajorant' depends on axioms: [propext, Classical.choice, Quot.sound]
ℹ [4759/4978] Replayed ModifiedCartan.ZeroCopyLogCounting
info: ModifiedCartan/ZeroCopyLogCounting.lean:75:0: 'ModifiedCartan.entire_logCounting_eq_tsum_zeroCopies' depends on axioms: [propext, Classical.choice, Quot.sound]
⚠ [4760/4978] Replayed ModifiedCartan.CanonicalProductGrowth
warning: ModifiedCartan/CanonicalProductGrowth.lean:23:2: Try this: 
  letI̵

The goal is a proposition, so `let` is preferred over `letI`.
The difference between `let` and `letI` is that `letI` inlines the value.
But this is not relevant for proofs because of proof irrelevance.

Note: This linter can be disabled with `set_option linter.style.haveILetI false`
warning: ModifiedCartan/CanonicalProductGrowth.lean:24:2: Try this: 
  letI̵

The goal is a proposition, so `let` is preferred over `letI`.
The difference between `let` and `letI` is that `letI` inlines the value.
But this is not relevant for proofs because of proof irrelevance.

Note: This linter can be disabled with `set_option linter.style.haveILetI false`
warning: ModifiedCartan/CanonicalProductGrowth.lean:28:31: `Set.mem_setOf_eq` has been deprecated: Use `Set.mem_ofPred_eq` instead
warning: ModifiedCartan/CanonicalProductGrowth.lean:58:31: `Set.mem_setOf_eq` has been deprecated: Use `Set.mem_ofPred_eq` instead
warning: ModifiedCartan/CanonicalProductGrowth.lean:65:18: `if_pos` has been deprecated: Use `ite_eq_left` instead
warning: ModifiedCartan/CanonicalProductGrowth.lean:65:30: `if_neg` has been deprecated: Use `ite_eq_right` instead
warning: ModifiedCartan/CanonicalProductGrowth.lean:68:10: `if_neg` has been deprecated: Use `ite_eq_right` instead
warning: ModifiedCartan/CanonicalProductGrowth.lean:68:22: `if_pos` has been deprecated: Use `ite_eq_left` instead
info: ModifiedCartan/CanonicalProductGrowth.lean:145:0: 'ModifiedCartan.log_rootMajorantProduct_le_split' depends on axioms: [propext, Classical.choice, Quot.sound]
info: ModifiedCartan/CanonicalProductGrowth.lean:146:0: 'ModifiedCartan.Paper.eq_canonical_product_growth' depends on axioms: [propext, Classical.choice, Quot.sound]
info: ModifiedCartan/CanonicalProductGrowth.lean:147:0: 'ModifiedCartan.genusZeroProduct_posLog_power_bound' depends on axioms: [propext, Classical.choice, Quot.sound]
ℹ [4761/4978] Replayed ModifiedCartan.GenusZeroSubproduct
info: ModifiedCartan/GenusZeroSubproduct.lean:72:0: 'ModifiedCartan.genusZeroSubproduct_differentiable' depends on axioms: [propext, Classical.choice, Quot.sound]
info: ModifiedCartan/GenusZeroSubproduct.lean:73:0: 'ModifiedCartan.genusZeroSubproduct_mul_compl' depends on axioms: [propext, Classical.choice, Quot.sound]
ℹ [4762/4978] Replayed ModifiedCartan.EntireCountGrowth
info: ModifiedCartan/EntireCountGrowth.lean:44:0: 'ModifiedCartan.entire_zeroCount_power_bound' depends on axioms: [propext, Classical.choice, Quot.sound]
ℹ [4763/4978] Replayed ModifiedCartan.WronskianReciprocalRoots
info: ModifiedCartan/WronskianReciprocalRoots.lean:66:0: 'ModifiedCartan.normalized_entire_system_reciprocal_roots' depends on axioms: [propext, Classical.choice, Quot.sound]
info: ModifiedCartan/WronskianReciprocalRoots.lean:67:0: 'ModifiedCartan.taylorWronskian_reciprocal_tail_uniform' depends on axioms: [propext, Classical.choice, Quot.sound]
ℹ [4764/4978] Replayed ModifiedCartan.LogCountingLimit
info: ModifiedCartan/LogCountingLimit.lean:71:0: 'ModifiedCartan.logCounting_tendsto_of_uniform_sphere' depends on axioms: [propext, Classical.choice, Quot.sound]
ℹ [4765/4978] Replayed ModifiedCartan.WronskianUniform
info: ModifiedCartan/WronskianUniform.lean:75:0: 'ModifiedCartan.taylorWronskian_tendstoLocallyUniformlyOn' depends on axioms: [propext, Classical.choice, Quot.sound]
ℹ [4766/4978] Replayed ModifiedCartan.ExceptionalRadii
info: ModifiedCartan/ExceptionalRadii.lean:61:0: 'ModifiedCartan.entire_ae_sphere_no_zero' depends on axioms: [propext, Classical.choice, Quot.sound]
info: ModifiedCartan/ExceptionalRadii.lean:62:0: 'ModifiedCartan.taylorWronskian_logCounting_ae_tendsto' depends on axioms: [propext, Classical.choice, Quot.sound]
ℹ [4767/4978] Replayed ModifiedCartan.EntirePoissonBound
info: ModifiedCartan/EntirePoissonBound.lean:78:0: 'ModifiedCartan.entire_posLog_maximumModulus_le_three_characteristic' depends on axioms: [propext,
 Classical.choice,
 Quot.sound]
⚠ [4768/4978] Replayed ModifiedCartan.WeightedZeroCounting
warning: ModifiedCartan/WeightedZeroCounting.lean:16:26: `if_neg` has been deprecated: Use `ite_eq_right` instead
warning: ModifiedCartan/WeightedZeroCounting.lean:72:28: `if_neg` has been deprecated: Use `ite_eq_right` instead
info: ModifiedCartan/WeightedZeroCounting.lean:88:0: 'ModifiedCartan.entire_logCounting_eq_tsum_weights' depends on axioms: [propext, Classical.choice, Quot.sound]
ℹ [4769/4978] Replayed ModifiedCartan.TranslatedZeroCopies
info: ModifiedCartan/TranslatedZeroCopies.lean:56:0: 'ModifiedCartan.zeroCopiesTranslateEquiv' depends on axioms: [propext, Classical.choice, Quot.sound]
info: ModifiedCartan/TranslatedZeroCopies.lean:57:0: 'ModifiedCartan.translated_logCounting_eq_tsum' depends on axioms: [propext, Classical.choice, Quot.sound]
⚠ [4770/4978] Replayed ModifiedCartan.TranslationWeightBound
warning: ModifiedCartan/TranslationWeightBound.lean:30:28: `if_pos` has been deprecated: Use `ite_eq_left` instead
warning: ModifiedCartan/TranslationWeightBound.lean:41:28: `if_neg` has been deprecated: Use `ite_eq_right` instead
info: ModifiedCartan/TranslationWeightBound.lean:55:0: 'ModifiedCartan.rootCountingWeight_translate_bound' depends on axioms: [propext, Classical.choice, Quot.sound]
⚠ [4771/4978] Replayed ModifiedCartan.RootKernelPrimitive
warning: ModifiedCartan/RootKernelPrimitive.lean:27:2: Used `tac1 <;> tac2` where `(tac1; tac2)` would suffice

Note: This linter can be disabled with `set_option linter.unnecessarySeqFocus false`
warning: ModifiedCartan/RootKernelPrimitive.lean:51:8: Unused tactic linter: `ring` does nothing

Note: This linter can be disabled with `set_option linter.unusedTactic false`
warning: ModifiedCartan/RootKernelPrimitive.lean:51:8: this tactic is never executed

Note: This linter can be disabled with `set_option linter.unreachableTactic false`
warning: ModifiedCartan/RootKernelPrimitive.lean:40:4: Used `tac1 <;> tac2` where `(tac1; tac2)` would suffice

Note: This linter can be disabled with `set_option linter.unnecessarySeqFocus false`
info: ModifiedCartan/RootKernelPrimitive.lean:76:0: 'ModifiedCartan.root_log_kernel_integrable_and_integral' depends on axioms: [propext, Classical.choice, Quot.sound]
ℹ [4772/4978] Replayed ModifiedCartan.RootKernel
info: ModifiedCartan/RootKernel.lean:48:0: 'ModifiedCartan.root_kernel_identity' depends on axioms: [propext, Classical.choice, Quot.sound]
ℹ [4773/4978] Replayed ModifiedCartan.PolynomialRootLogCounting
info: ModifiedCartan/PolynomialRootLogCounting.lean:74:0: 'ModifiedCartan.polynomial_root_list_logCounting' depends on axioms: [propext, Classical.choice, Quot.sound]
info: ModifiedCartan/PolynomialRootLogCounting.lean:75:0: 'ModifiedCartan.polynomial_root_list_kernel_integral' depends on axioms: [propext, Classical.choice, Quot.sound]
⚠ [4774/4978] Replayed ModifiedCartan.CountingPowerEnvelope
warning: ModifiedCartan/CountingPowerEnvelope.lean:19:2: Try this: 
  letI̵

The goal is a proposition, so `let` is preferred over `letI`.
The difference between `let` and `letI` is that `letI` inlines the value.
But this is not relevant for proofs because of proof irrelevance.

Note: This linter can be disabled with `set_option linter.style.haveILetI false`
info: ModifiedCartan/CountingPowerEnvelope.lean:86:0: 'ModifiedCartan.logCounting_le_power_envelope' depends on axioms: [propext, Classical.choice, Quot.sound]
info: ModifiedCartan/CountingPowerEnvelope.lean:87:0: 'ModifiedCartan.power_counting_kernel_integrable' depends on axioms: [propext, Classical.choice, Quot.sound]
ℹ [4775/4978] Replayed ModifiedCartan.IntegrableSum
info: ModifiedCartan/IntegrableSum.lean:35:0: 'ModifiedCartan.integrable_real_tsum_of_summable_integral_norm' depends on axioms: [propext,
 Classical.choice,
 Quot.sound]
⚠ [4776/4978] Replayed ModifiedCartan.RootConvolution
warning: ModifiedCartan/RootConvolution.lean:22:2: Try this: 
  letI̵

The goal is a proposition, so `let` is preferred over `letI`.
The difference between `let` and `letI` is that `letI` inlines the value.
But this is not relevant for proofs because of proof irrelevance.

Note: This linter can be disabled with `set_option linter.style.haveILetI false`
info: ModifiedCartan/RootConvolution.lean:66:0: 'ModifiedCartan.entire_root_product_convolution' depends on axioms: [propext, Classical.choice, Quot.sound]
info: ModifiedCartan/RootConvolution.lean:67:0: 'ModifiedCartan.normalized_wronskian_product_convolution' depends on axioms: [propext, Classical.choice, Quot.sound]
⚠ [4777/4978] Replayed ModifiedCartan.EnvelopeConstantLimit
warning: ModifiedCartan/EnvelopeConstantLimit.lean:17:87: Used `tac1 <;> tac2` where `(tac1; tac2)` would suffice

Note: This linter can be disabled with `set_option linter.unnecessarySeqFocus false`
info: ModifiedCartan/EnvelopeConstantLimit.lean:64:0: 'ModifiedCartan.envelopeConstant_tendsto_one' depends on axioms: [propext, Classical.choice, Quot.sound]
ℹ [4778/4978] Replayed ModifiedCartan.EnvelopeRadii
info: ModifiedCartan/EnvelopeRadii.lean:75:0: 'ModifiedCartan.exists_power_envelope_sequence' depends on axioms: [propext, Classical.choice, Quot.sound]
ℹ [4779/4978] Replayed ModifiedCartan.EnvelopeIntegration
info: ModifiedCartan/EnvelopeIntegration.lean:74:0: 'ModifiedCartan.integral_envelope_at_radius' depends on axioms: [propext, Classical.choice, Quot.sound]
ℹ [4780/4978] Replayed ModifiedCartan.Envelope
info: ModifiedCartan/Envelope.lean:29:0: 'ModifiedCartan.Paper.lem_envelope' depends on axioms: [propext, Classical.choice, Quot.sound]
ℹ [4781/4978] Replayed ModifiedCartan.PolynomialSequence
info: ModifiedCartan/PolynomialSequence.lean:11:0: tsum_eq_sum.{u_1, u_2} {α : Type u_1} {β : Type u_2} [AddCommMonoid α] [TopologicalSpace α] {f : β → α}
  {L : SummationFilter β} [L.LeAtTop] {s : Finset β} (hf : ∀ b ∉ s, f b = 0) : ∑'[L] (b : β), f b = ∑ b ∈ s, f b
info: ModifiedCartan/PolynomialSequence.lean:12:0: Real.rpow_natCast (x : ℝ) (n : ℕ) : x ^ ↑n = x ^ n
info: ModifiedCartan/PolynomialSequence.lean:13:0: exists_nat_gt.{u_1} {R : Type u_1} [Semiring R] [PartialOrder R] [IsStrictOrderedRing R] [Archimedean R] (x : R) :
  ∃ n, x < ↑n
info: ModifiedCartan/PolynomialSequence.lean:68:0: 'ModifiedCartan.iteratedDeriv_zero_of_power_sequence' depends on axioms: [propext, Classical.choice, Quot.sound]
info: ModifiedCartan/PolynomialSequence.lean:69:0: 'ModifiedCartan.entire_polynomial_of_power_sequence' depends on axioms: [propext, Classical.choice, Quot.sound]
⚠ [4782/4978] Replayed ModifiedCartan.NormalizedMonomials
warning: ModifiedCartan/NormalizedMonomials.lean:31:8: `if_neg` has been deprecated: Use `ite_eq_right` instead
info: ModifiedCartan/NormalizedMonomials.lean:51:0: 'ModifiedCartan.normalized_system_eq_monomials_of_power_sequence' depends on axioms: [propext,
 Classical.choice,
 Quot.sound]
⚠ [4783/4978] Replayed ModifiedCartan.AbsorptionConstants
warning: ModifiedCartan/AbsorptionConstants.lean:17:8: Unused tactic linter: `ring` does nothing

Note: This linter can be disabled with `set_option linter.unusedTactic false`
warning: ModifiedCartan/AbsorptionConstants.lean:17:8: this tactic is never executed

Note: This linter can be disabled with `set_option linter.unreachableTactic false`
info: ModifiedCartan/AbsorptionConstants.lean:39:0: 'ModifiedCartan.exists_small_absorption_coefficient' depends on axioms: [propext, Classical.choice, Quot.sound]
info: ModifiedCartan/AbsorptionConstants.lean:40:0: 'ModifiedCartan.exists_envelope_exponent_for_ratio' depends on axioms: [propext, Classical.choice, Quot.sound]
ℹ [4785/4978] Replayed ModifiedCartan.Tonelli
info: ModifiedCartan/Tonelli.lean:21:0: 'ModifiedCartan.Paper.lem_Tonelli' depends on axioms: [propext, Classical.choice, Quot.sound]
ℹ [4786/4978] Replayed ModifiedCartan.NormalizedLogUpper
info: ModifiedCartan/NormalizedLogUpper.lean:40:0: 'ModifiedCartan.normalized_log_eventually_small_on_unit_disk' depends on axioms: [propext, Classical.choice, Quot.sound]
ℹ [4787/4978] Replayed ModifiedCartan.PeakScaleQuantization
info: ModifiedCartan/PeakScaleQuantization.lean:31:0: 'ModifiedCartan.admissibleOrder_of_nonzero_scale_model' depends on axioms: [propext, Classical.choice, Quot.sound]
ℹ [4788/4978] Replayed ModifiedCartan.AdmissibleInterval
info: ModifiedCartan/AdmissibleInterval.lean:37:0: 'ModifiedCartan.admissible_interval_eq' depends on axioms: [propext, Classical.choice, Quot.sound]
ℹ [4789/4978] Replayed ModifiedCartan.QuotientWronskian
info: ModifiedCartan/QuotientWronskian.lean:88:0: 'ModifiedCartan.rescaled_negative_norm_le_quotient_wronskian' depends on axioms: [propext, Classical.choice, Quot.sound]
ℹ [4790/4978] Replayed ModifiedCartan.PolynomialValueSpan
info: ModifiedCartan/PolynomialValueSpan.lean:47:0: 'ModifiedCartan.polynomialCombination_coeff_mem' depends on axioms: [propext, Classical.choice, Quot.sound]
⚠ [4791/4978] Replayed ModifiedCartan.KPGeneratedCommutative
warning: ModifiedCartan/KPGeneratedCommutative.lean:17:2: Try this: 
  letI̵

The goal is a proposition, so `let` is preferred over `letI`.
The difference between `let` and `letI` is that `letI` inlines the value.
But this is not relevant for proofs because of proof irrelevance.

Note: This linter can be disabled with `set_option linter.style.haveILetI false`
ℹ [4792/4978] Replayed ModifiedCartan.BetheAlgebra
info: ModifiedCartan/BetheAlgebra.lean:101:0: 'ModifiedCartan.betheAlgebra_eq_adjoin_coefficients' depends on axioms: [propext, Classical.choice, Quot.sound]
info: ModifiedCartan/BetheAlgebra.lean:102:0: 'ModifiedCartan.betheAlgebra_le_kpGeneratedAlgebra' depends on axioms: [propext, Classical.choice, Quot.sound]
ℹ [4793/4978] Replayed ModifiedCartan.KPPolynomialParameters
info: ModifiedCartan/KPPolynomialParameters.lean:83:0: 'ModifiedCartan.kpParameterEvaluation_ext_pos_real' depends on axioms: [propext, Classical.choice, Quot.sound]
ℹ [4794/4978] Replayed ModifiedCartan.KPParameterBetheAlgebra
info: ModifiedCartan/KPParameterBetheAlgebra.lean:91:0: 'ModifiedCartan.kpParameterBetheAlgebra_isMulCommutative' depends on axioms: [propext, Classical.choice, Quot.sound]
ℹ [4797/4978] Replayed ModifiedCartan.ColumnMinorDifferentialEquation
info: ModifiedCartan/ColumnMinorDifferentialEquation.lean:55:0: 'ModifiedCartan.polynomial_columnMinor_differential_identity' depends on axioms: [propext, Classical.choice, Quot.sound]
ℹ [4798/4978] Replayed ModifiedCartan.PolynomialODEJetMatrix
info: ModifiedCartan/PolynomialODEJetMatrix.lean:87:0: 'ModifiedCartan.polynomialODEJetMatrix_det' depends on axioms: [propext, Classical.choice, Quot.sound]
ℹ [4799/4978] Replayed ModifiedCartan.PolynomialCoefficientMinors
info: ModifiedCartan/PolynomialCoefficientMinors.lean:91:0: 'ModifiedCartan.partitionCoefficientMinor_map' depends on axioms: [propext, Classical.choice, Quot.sound]
info: ModifiedCartan/PolynomialCoefficientMinors.lean:92:0: 'ModifiedCartan.partitionCoefficientMinor_smul' depends on axioms: [propext, Classical.choice, Quot.sound]
info: ModifiedCartan/PolynomialCoefficientMinors.lean:93:0: 'ModifiedCartan.partitionCoefficientMinor_eq_eval' depends on axioms: [propext, Classical.choice, Quot.sound]
ℹ [4800/4978] Replayed ModifiedCartan.KPRealJointActionExt
info: ModifiedCartan/KPRealJointActionExt.lean:47:0: 'ModifiedCartan.kpRealJointAction_ext' depends on axioms: [propext, Classical.choice, Quot.sound]
⚠ [4807/4978] Replayed ModifiedCartan.BlockSuccessorClassification
warning: ModifiedCartan/BlockSuccessorClassification.lean:81:11: Variable name `σ` is not explicitly referenced.

Hint: The binding can be removed (if unused) or named `_` (if used implicitly). Alternatively, prefix the name with `_` to silence this warning:
  [apply] _σ

Note: This linter can be disabled with `set_option linter.unusedVariables false`
⚠ [4815/4978] Replayed ModifiedCartan.PairSubsetSum
warning: ModifiedCartan/PairSubsetSum.lean:17:35: This simp argument is unused:
  hji

Hint: Omit it from the simp argument list.
  [apply] simp [Finset.mem_powersetCard, Ne.symm hji]

Note: This linter can be disabled with `set_option linter.unusedSimpArgs false`
⚠ [4817/4978] Replayed ModifiedCartan.SpechtIrreducibleExhaustion
warning: ModifiedCartan/SpechtIrreducibleExhaustion.lean:19:43: `if_neg` has been deprecated: Use `ite_eq_right` instead
⚠ [4818/4978] Replayed ModifiedCartan.SpechtCharacterProjection
warning: ModifiedCartan/SpechtCharacterProjection.lean:19:2: Try this: 
  letI̵

The goal is a proposition, so `let` is preferred over `letI`.
The difference between `let` and `letI` is that `letI` inlines the value.
But this is not relevant for proofs because of proof irrelevance.

Note: This linter can be disabled with `set_option linter.style.haveILetI false`
warning: ModifiedCartan/SpechtCharacterProjection.lean:32:2: Try this: 
  letI̵

The goal is a proposition, so `let` is preferred over `letI`.
The difference between `let` and `letI` is that `letI` inlines the value.
But this is not relevant for proofs because of proof irrelevance.

Note: This linter can be disabled with `set_option linter.style.haveILetI false`
ℹ [4828/5015] Replayed ModifiedCartan.KPJointLinearValue
info: ModifiedCartan/KPJointLinearValue.lean:28:0: 'ModifiedCartan.exists_kpJointLinearValue' depends on axioms: [propext, Classical.choice, Quot.sound]
⚠ [4832/5015] Replayed ModifiedCartan.KPColumnLaurentExpansion
warning: ModifiedCartan/KPColumnLaurentExpansion.lean:20:20: This simp argument is unused:
  Finset.sum_mul

Hint: Omit it from the simp argument list.
  [apply] simp only [supportedColumnLaurentSeries, kpBeta_column_supported, MonoidAlgebra.coeff_sum,
    Finsupp.finsetSum_apply, map_sum, Finset.mul_sum]

Note: This linter can be disabled with `set_option linter.unusedSimpArgs false`
warning: ModifiedCartan/KPColumnLaurentExpansion.lean:30:40: This simp argument is unused:
  Finsupp.single_apply

Hint: Omit it from the simp argument list.
  [apply] simp [MonoidAlgebra.coeff_single, hg]

Note: This linter can be disabled with `set_option linter.unusedSimpArgs false`
info: ModifiedCartan/KPColumnLaurentExpansion.lean:40:0: 'ModifiedCartan.evaluatedColumnLaurentSeries_eq_sum' depends on axioms: [propext, Classical.choice, Quot.sound]
⚠ [4833/5015] Replayed ModifiedCartan.SupportedPowerSumEvaluation
warning: ModifiedCartan/SupportedPowerSumEvaluation.lean:23:26: This simp argument is unused:
  zero_mul

Hint: Omit it from the simp argument list.
  [apply] simp only [MonoidAlgebra.coeff_single, Finsupp.single_apply, hg, ite_true, ite_false, map_zero, mul_zero,
    evaluateSupportedMarkers_monomial, finiteCyclePolynomial, map_mul]

Note: This linter can be disabled with `set_option linter.unusedSimpArgs false`
warning: ModifiedCartan/SupportedPowerSumEvaluation.lean:24:15: Used `tac1 <;> tac2` where `(tac1; tac2)` would suffice

Note: This linter can be disabled with `set_option linter.unnecessarySeqFocus false`
⚠ [4836/5015] Replayed ModifiedCartan.SupportedQuadraticMarkerCoefficients
warning: ModifiedCartan/SupportedQuadraticMarkerCoefficients.lean:21:38: This simp argument is unused:
  Finsupp.single_apply

Hint: Omit it from the simp argument list.
  [apply] simp [MonoidAlgebra.coeff_single, hm, hd]

Note: This linter can be disabled with `set_option linter.unusedSimpArgs false`
ℹ [4841/5015] Replayed ModifiedCartan.KPQuadraticFrobeniusExpansion
info: ModifiedCartan/KPQuadraticFrobeniusExpansion.lean:52:0: 'ModifiedCartan.evaluatedSupportedProduct_frobenius' depends on axioms: [propext, Classical.choice, Quot.sound]
ℹ [4842/5015] Replayed ModifiedCartan.KPFrobeniusBernsteinResidue
info: ModifiedCartan/KPFrobeniusBernsteinResidue.lean:36:0: 'ModifiedCartan.kpFrobeniusBernstein_residue' depends on axioms: [propext, Classical.choice, Quot.sound]
ℹ [4843/5015] Replayed ModifiedCartan.KPJointBernsteinResidue
info: ModifiedCartan/KPJointBernsteinResidue.lean:62:0: 'ModifiedCartan.kpJointFrobeniusBernstein_residue' depends on axioms: [propext, Classical.choice, Quot.sound]
ℹ [4844/5015] Replayed ModifiedCartan.KPJointAlternantContraction
info: ModifiedCartan/KPJointAlternantContraction.lean:49:0: 'ModifiedCartan.kpJointAlternant_contraction' depends on axioms: [propext, Classical.choice, Quot.sound]
ℹ [4845/5015] Replayed ModifiedCartan.PartitionAlternatingPolynomial
info: ModifiedCartan/PartitionAlternatingPolynomial.lean:87:0: 'ModifiedCartan.kpJointAlternatingPolynomial_ne_zero' depends on axioms: [propext, Classical.choice, Quot.sound]
info: ModifiedCartan/PartitionAlternatingPolynomial.lean:88:0: 'ModifiedCartan.kpJointAlternatingPolynomial_first_contraction' depends on axioms: [propext,
 Classical.choice,
 Quot.sound]
ℹ [4846/5015] Replayed ModifiedCartan.KPJointDividedContraction
info: ModifiedCartan/KPJointDividedContraction.lean:41:0: 'ModifiedCartan.kpJointDividedPolynomial_first_contraction' depends on axioms: [propext, Classical.choice, Quot.sound]
ℹ [4847/5015] Replayed ModifiedCartan.KPDividedPolynomialTranslation
info: ModifiedCartan/KPDividedPolynomialTranslation.lean:92:0: 'ModifiedCartan.finitePartitionDividedPolynomial_translation' depends on axioms: [propext, Classical.choice, Quot.sound]
ℹ [4848/5015] Replayed ModifiedCartan.PolynomialAlternantMinors
info: ModifiedCartan/PolynomialAlternantMinors.lean:51:0: 'ModifiedCartan.finitePartitionDividedPolynomial_representation_minor' depends on axioms: [propext,
 Classical.choice,
 Quot.sound]
ℹ [4849/5015] Replayed ModifiedCartan.PolynomialJetSupport
info: ModifiedCartan/PolynomialJetSupport.lean:62:0: 'ModifiedCartan.polynomialJetDet_zero_of_order_sum_gt' depends on axioms: [propext, Classical.choice, Quot.sound]
ℹ [4850/5015] Replayed ModifiedCartan.MvPolynomialTranslationJets
info: ModifiedCartan/MvPolynomialTranslationJets.lean:84:0: 'ModifiedCartan.finSuccEquiv_translate_factorial_coeff' depends on axioms: [propext, Classical.choice, Quot.sound]
⚠ [4851/5015] Replayed ModifiedCartan.PolynomialJetDegreeProfile
warning: ModifiedCartan/PolynomialJetDegreeProfile.lean:69:12: `if_pos` has been deprecated: Use `ite_eq_left` instead
info: ModifiedCartan/PolynomialJetDegreeProfile.lean:75:0: 'ModifiedCartan.polynomial_natDegree_eq_of_identity_jets_support' depends on axioms: [propext,
 Classical.choice,
 Quot.sound]
ℹ [4852/5015] Replayed ModifiedCartan.SchubertFrameReconstruction
info: ModifiedCartan/SchubertFrameReconstruction.lean:60:0: 'ModifiedCartan.polynomialSchubertFrame_exists_of_minor_support' depends on axioms: [propext,
 Classical.choice,
 Quot.sound]
ℹ [4853/5015] Replayed ModifiedCartan.SchubertChartPolynomials
info: ModifiedCartan/SchubertChartPolynomials.lean:112:0: 'ModifiedCartan.schubertChartSpace_mem' depends on axioms: [propext, Classical.choice, Quot.sound]
ℹ [4854/5015] Replayed ModifiedCartan.SchubertCoordinatePolynomials
info: ModifiedCartan/SchubertCoordinatePolynomials.lean:120:0: 'ModifiedCartan.normalizedSchubertCoordinate_chart' depends on axioms: [propext, Classical.choice, Quot.sound]
info: ModifiedCartan/SchubertCoordinatePolynomials.lean:121:0: 'ModifiedCartan.schubertWronskiCoefficientPolynomial_eval' depends on axioms: [propext, Classical.choice, Quot.sound]
ℹ [4855/5015] Replayed ModifiedCartan.KPJointShiftedContraction
info: ModifiedCartan/KPJointShiftedContraction.lean:55:0: 'ModifiedCartan.kpJointDividedPolynomial_translated_contraction' depends on axioms: [propext,
 Classical.choice,
 Quot.sound]
ℹ [4856/5015] Replayed ModifiedCartan.TranslatedDifferentialKernel
info: ModifiedCartan/TranslatedDifferentialKernel.lean:63:0: 'ModifiedCartan.kpJointDividedPolynomial_differential_eq_zero' depends on axioms: [propext,
 Classical.choice,
 Quot.sound]
ℹ [4857/5015] Replayed ModifiedCartan.PolynomialLinearCoefficients
info: ModifiedCartan/PolynomialLinearCoefficients.lean:61:0: 'ModifiedCartan.polynomialFirstDifferential_linearCoefficientMap' depends on axioms: [propext,
 Classical.choice,
 Quot.sound]
ℹ [4858/5015] Replayed ModifiedCartan.PolynomialCoefficientSpace
info: ModifiedCartan/PolynomialCoefficientSpace.lean:80:0: 'ModifiedCartan.polynomialCoefficientSpace_finrank_le' depends on axioms: [propext, Classical.choice, Quot.sound]
ℹ [4859/5015] Replayed ModifiedCartan.PolynomialTensorContraction
info: ModifiedCartan/PolynomialTensorContraction.lean:90:0: 'ModifiedCartan.polynomialTensorFunctional_first' depends on axioms: [propext, Classical.choice, Quot.sound]
ℹ [4860/5015] Replayed ModifiedCartan.PartitionAlternatingDualForm
info: ModifiedCartan/PartitionAlternatingDualForm.lean:84:0: 'ModifiedCartan.finitePartitionAlternatingDualForm_annihilator' depends on axioms: [propext,
 Classical.choice,
 Quot.sound]
ℹ [4861/5015] Replayed ModifiedCartan.PolynomialAlternantSeparation
info: ModifiedCartan/PolynomialAlternantSeparation.lean:97:0: 'ModifiedCartan.polynomialBasis_subspace_eq_of_alternant_eq' depends on axioms: [propext, Classical.choice, Quot.sound]
ℹ [4862/5015] Replayed ModifiedCartan.SchubertCoordinateInjectivity
info: ModifiedCartan/SchubertCoordinateInjectivity.lean:85:0: 'ModifiedCartan.polynomialSchubertSpace_eq_of_coordinates' depends on axioms: [propext, Classical.choice, Quot.sound]
ℹ [4863/5015] Replayed ModifiedCartan.SchubertChartSurjectivity
info: ModifiedCartan/SchubertChartSurjectivity.lean:78:0: 'ModifiedCartan.polynomialSchubertSpace_exists_chart' depends on axioms: [propext, Classical.choice, Quot.sound]
ℹ [4864/5015] Replayed ModifiedCartan.KPJointCoefficientSpace
info: ModifiedCartan/KPJointCoefficientSpace.lean:77:0: 'ModifiedCartan.kpJointCoefficientSpace_finrank_le' depends on axioms: [propext, Classical.choice, Quot.sound]
info: ModifiedCartan/KPJointCoefficientSpace.lean:78:0: 'ModifiedCartan.kpJointCoefficientSpace_ne_bot' depends on axioms: [propext, Classical.choice, Quot.sound]
ℹ [4865/5015] Replayed ModifiedCartan.KPJointCoefficientDimension
info: ModifiedCartan/KPJointCoefficientDimension.lean:55:0: 'ModifiedCartan.kpJointCoefficientSpace_finrank_eq' depends on axioms: [propext, Classical.choice, Quot.sound]
ℹ [4866/5015] Replayed ModifiedCartan.KPJointDecomposability
info: ModifiedCartan/KPJointDecomposability.lean:58:0: 'ModifiedCartan.kpJointDividedPolynomial_decomposable' depends on axioms: [propext, Classical.choice, Quot.sound]
ℹ [4867/5015] Replayed ModifiedCartan.KPJointValueNormalization
info: ModifiedCartan/KPJointValueNormalization.lean:48:0: 'ModifiedCartan.kpJointValuePolynomial_top' depends on axioms: [propext, Classical.choice, Quot.sound]
ℹ [4868/5015] Replayed ModifiedCartan.KPJointPolynomialTuple
info: ModifiedCartan/KPJointPolynomialTuple.lean:66:0: 'ModifiedCartan.kpJointPolynomialTuple_exists' depends on axioms: [propext, Classical.choice, Quot.sound]
info: ModifiedCartan/KPJointPolynomialTuple.lean:67:0: 'ModifiedCartan.kpJointPolynomialTuple_normalized' depends on axioms: [propext, Classical.choice, Quot.sound]
ℹ [4869/5015] Replayed ModifiedCartan.KPJointSchubertSpace
info: ModifiedCartan/KPJointSchubertSpace.lean:44:0: 'ModifiedCartan.kpJointSchubertSpace_exists_card_dimension' depends on axioms: [propext, Classical.choice, Quot.sound]
ℹ [4870/5015] Replayed ModifiedCartan.KPJointWronskiFibre
info: ModifiedCartan/KPJointWronskiFibre.lean:33:0: 'ModifiedCartan.kpJointWronskiFibre_exists_card_dimension' depends on axioms: [propext, Classical.choice, Quot.sound]
ℹ [4871/5015] Replayed ModifiedCartan.SchubertDimensionStep
info: ModifiedCartan/SchubertDimensionStep.lean:89:0: 'ModifiedCartan.polynomialSchubertFrame_raise_dimension' depends on axioms: [propext, Classical.choice, Quot.sound]
info: ModifiedCartan/SchubertDimensionStep.lean:90:0: 'ModifiedCartan.polynomialSchubertFrame_lower_dimension' depends on axioms: [propext, Classical.choice, Quot.sound]
ℹ [4872/5015] Replayed ModifiedCartan.SchubertDimensionTransfer
info: ModifiedCartan/SchubertDimensionTransfer.lean:52:0: 'ModifiedCartan.polynomialSchubertFrame_exists_dimension' depends on axioms: [propext, Classical.choice, Quot.sound]
ℹ [4873/5015] Replayed ModifiedCartan.KPForwardCorrespondence
info: ModifiedCartan/KPForwardCorrespondence.lean:57:0: 'ModifiedCartan.kpJointSchubertSpace_exists' depends on axioms: [propext, Classical.choice, Quot.sound]
info: ModifiedCartan/KPForwardCorrespondence.lean:58:0: 'ModifiedCartan.kpJointWronskiFibre_exists' depends on axioms: [propext, Classical.choice, Quot.sound]
ℹ [4874/5015] Replayed ModifiedCartan.KPWronskiMapDominance
info: ModifiedCartan/KPWronskiMapDominance.lean:85:0: 'ModifiedCartan.kpJointSchubertChart_exists' depends on axioms: [propext, Classical.choice, Quot.sound]
info: ModifiedCartan/KPWronskiMapDominance.lean:86:0: 'ModifiedCartan.polynomial_eq_zero_of_kpJointSchubertCharts' depends on axioms: [propext, Classical.choice, Quot.sound]
ℹ [4875/5015] Replayed ModifiedCartan.KPSymmetricEquationTransfer
info: ModifiedCartan/KPSymmetricEquationTransfer.lean:51:0: 'ModifiedCartan.kpSymmetricEquation_vanishes_on_wronskiFibre' depends on axioms: [propext, Classical.choice, Quot.sound]
ℹ [4876/5015] Replayed ModifiedCartan.KPParameterPermutation
info: ModifiedCartan/KPParameterPermutation.lean:78:0: 'ModifiedCartan.kpJointEigenspace_permute_ne_bot_iff' depends on axioms: [propext, Classical.choice, Quot.sound]
ℹ [4877/5015] Replayed ModifiedCartan.KPPolynomialEquationTransfer
info: ModifiedCartan/KPPolynomialEquationTransfer.lean:64:0: 'ModifiedCartan.kpPolynomialEquation_vanishes_on_wronskiFibre' depends on axioms: [propext,
 Classical.choice,
 Quot.sound]
ℹ [4878/5015] Replayed ModifiedCartan.FiniteKPJointEquation
info: ModifiedCartan/FiniteKPJointEquation.lean:72:0: 'ModifiedCartan.kpJointEigenspace_chart_ne_bot_iff_finite_det' depends on axioms: [propext,
 Classical.choice,
 Quot.sound]
ℹ [4879/5015] Replayed ModifiedCartan.KPEquationPolynomials
info: ModifiedCartan/KPEquationPolynomials.lean:119:0: 'ModifiedCartan.kpEquationDeterminantPolynomial_eval₂' depends on axioms: [propext, Classical.choice, Quot.sound]
ℹ [4880/5015] Replayed ModifiedCartan.KPInverseCorrespondence
info: ModifiedCartan/KPInverseCorrespondence.lean:68:0: 'ModifiedCartan.kpJointEigenspace_of_schubertWronskiFibre' depends on axioms: [propext, Classical.choice, Quot.sound]
ℹ [4881/5015] Replayed ModifiedCartan.KPCorrespondenceEigenspaces
info: ModifiedCartan/KPCorrespondenceEigenspaces.lean:93:0: 'ModifiedCartan.Paper.lem_KP_correspondence_ii' depends on axioms: [propext, Classical.choice, Quot.sound]
ℹ [4882/5015] Replayed ModifiedCartan.KPSchubertUnitVector
info: ModifiedCartan/KPSchubertUnitVector.lean:56:0: 'ModifiedCartan.schubertWronskiFibre_exists_unit_kpEigenvector' depends on axioms: [propext,
 Classical.choice,
 Quot.sound]
ℹ [4883/5015] Replayed ModifiedCartan.KPSchubertConstantVector
info: ModifiedCartan/KPSchubertConstantVector.lean:56:0: 'ModifiedCartan.schubertWronskiFibre_exists_unit_kpEigenvector_all' depends on axioms: [propext,
 Classical.choice,
 Quot.sound]
ℹ [4884/5015] Replayed ModifiedCartan.SchubertUniversalMinors
info: ModifiedCartan/SchubertUniversalMinors.lean:84:0: 'ModifiedCartan.schubertUniversalMinors' depends on axioms: [propext, Classical.choice, Quot.sound]
info: ModifiedCartan/SchubertUniversalMinors.lean:85:0: 'ModifiedCartan.schubertMinor_norm_le' depends on axioms: [propext, Classical.choice, Quot.sound]
ℹ [4885/5015] Replayed ModifiedCartan.UniversalPolynomialMinors
info: ModifiedCartan/UniversalPolynomialMinors.lean:74:0: 'ModifiedCartan.Paper.lem_universal_minors' depends on axioms: [propext, Classical.choice, Quot.sound]
info: ModifiedCartan/UniversalPolynomialMinors.lean:75:0: 'ModifiedCartan.Paper.eq_minor_es_bound' depends on axioms: [propext, Classical.choice, Quot.sound]
ℹ [4886/5015] Replayed ModifiedCartan.InitialPolynomialJetBounds
info: ModifiedCartan/InitialPolynomialJetBounds.lean:83:0: 'ModifiedCartan.initialPolynomialBasis_jet_norm_le' depends on axioms: [propext, Classical.choice, Quot.sound]
ℹ [4887/5015] Replayed ModifiedCartan.GenusZeroZeros
info: ModifiedCartan/GenusZeroZeros.lean:57:0: 'ModifiedCartan.genusZeroProduct_eq_zero_iff' depends on axioms: [propext, Classical.choice, Quot.sound]
ℹ [4888/5015] Replayed ModifiedCartan.GenusZeroMultiplicity
info: ModifiedCartan/GenusZeroMultiplicity.lean:88:0: 'ModifiedCartan.genusZeroProduct_factor_fiber' depends on axioms: [propext, Classical.choice, Quot.sound]
info: ModifiedCartan/GenusZeroMultiplicity.lean:89:0: 'ModifiedCartan.genusZeroProduct_analyticOrderAt' depends on axioms: [propext, Classical.choice, Quot.sound]
ℹ [4889/5015] Replayed ModifiedCartan.GenusZeroGauge
info: ModifiedCartan/GenusZeroGauge.lean:84:0: 'ModifiedCartan.exists_genusZeroProduct_exp_factor' depends on axioms: [propext, Classical.choice, Quot.sound]
ℹ [4890/5015] Replayed ModifiedCartan.GaugedCoordinateBounds
info: ModifiedCartan/GaugedCoordinateBounds.lean:136:0: 'ModifiedCartan.gaugedCoordinates_characteristic_le' depends on axioms: [propext, Classical.choice, Quot.sound]
info: ModifiedCartan/GaugedCoordinateBounds.lean:137:0: 'ModifiedCartan.coordinate_genusZeroProduct_power_bound' depends on axioms: [propext, Classical.choice, Quot.sound]
info: ModifiedCartan/GaugedCoordinateBounds.lean:138:0: 'ModifiedCartan.gaugedCoordinates_posLog_power_bound' depends on axioms: [propext, Classical.choice, Quot.sound]
ℹ [4891/5015] Replayed ModifiedCartan.SmallOrderGauge
info: ModifiedCartan/SmallOrderGauge.lean:43:0: 'ModifiedCartan.exists_small_order_entire_gauge' depends on axioms: [propext, Classical.choice, Quot.sound]
⚠ [4892/5015] Replayed ModifiedCartan.ExponentialGauge
warning: ModifiedCartan/ExponentialGauge.lean:32:51: Variable name `z` is not explicitly referenced.

Hint: The binding can be removed (if unused) or named `_` (if used implicitly). Alternatively, prefix the name with `_` to silence this warning:
  [apply] _z

Note: This linter can be disabled with `set_option linter.unusedVariables false`
info: ModifiedCartan/ExponentialGauge.lean:61:0: 'ModifiedCartan.characteristic_scalarGauge' depends on axioms: [propext, Classical.choice, Quot.sound]
info: ModifiedCartan/ExponentialGauge.lean:62:0: 'ModifiedCartan.exponentialGauge_ramification' depends on axioms: [propext, Classical.choice, Quot.sound]
info: ModifiedCartan/ExponentialGauge.lean:63:0: 'ModifiedCartan.exponentialGauge_exists_regular_point' depends on axioms: [propext, Classical.choice, Quot.sound]
ℹ [4893/5015] Replayed ModifiedCartan.NormalizedCharacteristic
info: ModifiedCartan/NormalizedCharacteristic.lean:111:0: 'ModifiedCartan.normalizedCoordinates_characteristic_bound' depends on axioms: [propext, Classical.choice, Quot.sound]
ℹ [4894/5015] Replayed ModifiedCartan.WronskianCountingIntegralLimit
info: ModifiedCartan/WronskianCountingIntegralLimit.lean:50:0: 'ModifiedCartan.taylorWronskian_counting_integral_tendsto' depends on axioms: [propext, Classical.choice, Quot.sound]
ℹ [4895/5015] Replayed ModifiedCartan.PolynomialNormalForm
info: ModifiedCartan/PolynomialNormalForm.lean:13:0: Fintype.linearIndependent_iff.{u', u_2, u_4} {ι : Type u'} {R : Type u_2} {M : Type u_4} [Ring R] [AddCommGroup M]
  [Module R M] {v : ι → M} [Fintype ι] : LinearIndependent R v ↔ ∀ (g : ι → R), ∑ i, g i • v i = 0 → ∀ (i : ι), g i = 0
info: ModifiedCartan/PolynomialNormalForm.lean:14:0: Fin.sum_univ_eq_sum_range.{u_1} {α : Type u_1} [AddCommMonoid α] (f : ℕ → α) (n : ℕ) :
  ∑ i, f ↑i = ∑ i ∈ Finset.range n, f i
info: ModifiedCartan/PolynomialNormalForm.lean:15:0: Matrix.isUnit_iff_isUnit_det.{u', v} {n : Type u'} {α : Type v} [Fintype n] [DecidableEq n] [CommRing α]
  (A : Matrix n n α) : IsUnit A ↔ IsUnit A.det
info: ModifiedCartan/PolynomialNormalForm.lean:143:0: 'ModifiedCartan.powerExpansion_matrix_isUnit' depends on axioms: [propext, Classical.choice, Quot.sound]
info: ModifiedCartan/PolynomialNormalForm.lean:144:0: 'ModifiedCartan.rationalNormalForm_of_polynomial_degree_bound' depends on axioms: [propext,
 Classical.choice,
 Quot.sound]
info: ModifiedCartan/PolynomialNormalForm.lean:145:0: 'ModifiedCartan.gaugedCurve_polynomialRepresentation_of_normalized_polynomials' depends on axioms: [propext,
 Classical.choice,
 Quot.sound]
info: ModifiedCartan/PolynomialNormalForm.lean:146:0: 'ModifiedCartan.gaugedCurve_rationalNormalForm_of_normalized_monomials' depends on axioms: [propext,
 Classical.choice,
 Quot.sound]
info: ModifiedCartan/PolynomialNormalForm.lean:147:0: 'ModifiedCartan.rationalNormalForm_of_matrixGauge' depends on axioms: [propext, Classical.choice, Quot.sound]
ℹ [4896/5015] Replayed ModifiedCartan.KPPolynomialCoefficientAction
info: ModifiedCartan/KPPolynomialCoefficientAction.lean:66:0: 'ModifiedCartan.kpBetaPowerCoefficient_action' depends on axioms: [propext, Classical.choice, Quot.sound]
ℹ [4898/5015] Replayed ModifiedCartan.KPParameterDifferentialCoefficients
info: ModifiedCartan/KPParameterDifferentialCoefficients.lean:91:0: 'ModifiedCartan.kpParameterColumnPolynomial_zero' depends on axioms: [propext, Classical.choice, Quot.sound]
info: ModifiedCartan/KPParameterDifferentialCoefficients.lean:92:0: 'ModifiedCartan.kpParameterDifferentialCoefficients_leading' depends on axioms: [propext, Classical.choice, Quot.sound]
ℹ [4899/5015] Replayed ModifiedCartan.SchubertColumnDifferentialEquation
info: ModifiedCartan/SchubertColumnDifferentialEquation.lean:68:0: 'ModifiedCartan.schubert_columnValues_differential_identity' depends on axioms: [propext, Classical.choice, Quot.sound]
ℹ [4900/5015] Replayed ModifiedCartan.PolynomialODEAdjugate
info: ModifiedCartan/PolynomialODEAdjugate.lean:81:0: 'ModifiedCartan.polynomialODEJetMatrix_ofFn_adjugate_solution' depends on axioms: [propext,
 Classical.choice,
 Quot.sound]
⚠ [4901/5015] Replayed ModifiedCartan.SchubertDegreeInitialCoefficients
warning: ModifiedCartan/SchubertDegreeInitialCoefficients.lean:40:11: `if_pos` has been deprecated: Use `ite_eq_left` instead
warning: ModifiedCartan/SchubertDegreeInitialCoefficients.lean:40:26: `if_pos` has been deprecated: Use `ite_eq_left` instead
warning: ModifiedCartan/SchubertDegreeInitialCoefficients.lean:42:10: `if_pos` has been deprecated: Use `ite_eq_left` instead
warning: ModifiedCartan/SchubertDegreeInitialCoefficients.lean:43:8: `if_neg` has been deprecated: Use `ite_eq_right` instead
warning: ModifiedCartan/SchubertDegreeInitialCoefficients.lean:45:10: `if_pos` has been deprecated: Use `ite_eq_left` instead
warning: ModifiedCartan/SchubertDegreeInitialCoefficients.lean:52:14: `if_neg` has been deprecated: Use `ite_eq_right` instead
warning: ModifiedCartan/SchubertDegreeInitialCoefficients.lean:53:10: `if_neg` has been deprecated: Use `ite_eq_right` instead
info: ModifiedCartan/SchubertDegreeInitialCoefficients.lean:77:0: 'ModifiedCartan.PolynomialSchubertFrame.natDegree_le' depends on axioms: [propext, Classical.choice, Quot.sound]
info: ModifiedCartan/SchubertDegreeInitialCoefficients.lean:78:0: 'ModifiedCartan.polynomialODE_identityJets_adjugate_solution' depends on axioms: [propext, Classical.choice, Quot.sound]
ℹ [4902/5015] Replayed ModifiedCartan.KPParameterCharacters
info: ModifiedCartan/KPParameterCharacters.lean:113:0: 'ModifiedCartan.kpParameterDifferentialCoefficients_character' depends on axioms: [propext,
 Classical.choice,
 Quot.sound]
ℹ [4903/5015] Replayed ModifiedCartan.PolynomialODEAdjugateMap
info: ModifiedCartan/PolynomialODEAdjugateMap.lean:60:0: 'ModifiedCartan.polynomialODEAdjugatePolynomial_map' depends on axioms: [propext, Classical.choice, Quot.sound]
ℹ [4904/5015] Replayed ModifiedCartan.KPJointInitialBasis
info: ModifiedCartan/KPJointInitialBasis.lean:56:0: 'ModifiedCartan.kpJoint_identityBasis_exists' depends on axioms: [propext, Classical.choice, Quot.sound]
⚠ [4913/5015] Replayed FewInflection.PolynomialSpaces
warning: FewInflection/PolynomialSpaces.lean:57:48: This simp argument is unused:
  smul_eq_mul

Hint: Omit it from the simp argument list.
  [apply] simp only [Pi.zero_apply, Finset.sum_apply]

Note: This linter can be disabled with `set_option linter.unusedSimpArgs false`
⚠ [4920/5015] Replayed FewInflection.PolynomialRootMinors
warning: FewInflection/PolynomialRootMinors.lean:78:4: try 'simp' instead of 'simpa'

Note: This linter can be disabled with `set_option linter.unnecessarySimpa false`
warning: FewInflection/PolynomialRootMinors.lean:73:37: This simp argument is unused:
  add_comm

Hint: Omit it from the simp argument list.
  [apply] simp [sub_eq_add_neg, add_assoc, add_left_comm]

Note: This linter can be disabled with `set_option linter.unusedSimpArgs false`
warning: FewInflection/PolynomialRootMinors.lean:73:47: This simp argument is unused:
  add_left_comm

Hint: Omit it from the simp argument list.
  [apply] simp [sub_eq_add_neg, add_assoc, add_comm]

Note: This linter can be disabled with `set_option linter.unusedSimpArgs false`
⚠ [4926/5015] Replayed FewInflection.Nevanlinna.PoissonKernelBounds
warning: FewInflection/Nevanlinna/PoissonKernelBounds.lean:268:12: This simp argument is unused:
  norm_div

Hint: Omit it from the simp argument list.
  [apply] simp [norm_mul, Complex.norm_natCast, div_eq_mul_inv, mul_assoc]

Note: This linter can be disabled with `set_option linter.unusedSimpArgs false`
warning: FewInflection/Nevanlinna/PoissonKernelBounds.lean:268:22: This simp argument is unused:
  norm_mul

Hint: Omit it from the simp argument list.
  [apply] simp [norm_div, Complex.norm_natCast, div_eq_mul_inv, mul_assoc]

Note: This linter can be disabled with `set_option linter.unusedSimpArgs false`
warning: FewInflection/Nevanlinna/PoissonKernelBounds.lean:268:32: This simp argument is unused:
  Complex.norm_natCast

Hint: Omit it from the simp argument list.
  [apply] simp [norm_div, norm_mul, div_eq_mul_inv, mul_assoc]

Note: This linter can be disabled with `set_option linter.unusedSimpArgs false`
warning: FewInflection/Nevanlinna/PoissonKernelBounds.lean:322:22: This simp argument is unused:
  norm_mul

Hint: Omit it from the simp argument list.
  [apply] simp [Complex.norm_intCast, Real.norm_eq_abs]

Note: This linter can be disabled with `set_option linter.unusedSimpArgs false`
warning: FewInflection/Nevanlinna/PoissonKernelBounds.lean:322:54: This simp argument is unused:
  Real.norm_eq_abs

Hint: Omit it from the simp argument list.
  [apply] simp [norm_mul, Complex.norm_intCast]

Note: This linter can be disabled with `set_option linter.unusedSimpArgs false`
warning: FewInflection/Nevanlinna/PoissonKernelBounds.lean:364:18: This simp argument is unused:
  norm_mul

Hint: Omit it from the simp argument list.
  [apply] simp [norm_div, norm_pow, Complex.norm_natCast, div_eq_mul_inv, mul_assoc, mul_left_comm, mul_comm]

Note: This linter can be disabled with `set_option linter.unusedSimpArgs false`
warning: FewInflection/Nevanlinna/PoissonKernelBounds.lean:364:28: This simp argument is unused:
  norm_div

Hint: Omit it from the simp argument list.
  [apply] simp [norm_mul, norm_pow, Complex.norm_natCast, div_eq_mul_inv, mul_assoc, mul_left_comm, mul_comm]

Note: This linter can be disabled with `set_option linter.unusedSimpArgs false`
warning: FewInflection/Nevanlinna/PoissonKernelBounds.lean:364:48: This simp argument is unused:
  Complex.norm_natCast

Hint: Omit it from the simp argument list.
  [apply] simp [norm_mul, norm_div, norm_pow, div_eq_mul_inv, mul_assoc, mul_left_comm, mul_comm]

Note: This linter can be disabled with `set_option linter.unusedSimpArgs false`
⚠ [4932/5015] Replayed FewInflection.Nevanlinna.PoissonLogFactor
warning: FewInflection/Nevanlinna/PoissonLogFactor.lean:48:2: Try this: 
  letI̵

The goal is a proposition, so `let` is preferred over `letI`.
The difference between `let` and `letI` is that `letI` inlines the value.
But this is not relevant for proofs because of proof irrelevance.

Note: This linter can be disabled with `set_option linter.style.haveILetI false`
⚠ [4940/5015] Replayed FewInflection.Nevanlinna.AbsoluteDivisorCount
warning: FewInflection/Nevanlinna/AbsoluteDivisorCount.lean:172:18: `if_pos` has been deprecated: Use `ite_eq_left` instead
⚠ [4941/5015] Replayed FewInflection.Nevanlinna.CharacteristicMassBound
warning: FewInflection/Nevanlinna/CharacteristicMassBound.lean:117:51: Variable name `hR` is not explicitly referenced.

Hint: The binding can be removed (if unused) or named `_` (if used implicitly). Alternatively, prefix the name with `_` to silence this warning:
  [apply] _hR

Note: This linter can be disabled with `set_option linter.unusedVariables false`
warning: FewInflection/Nevanlinna/CharacteristicMassBound.lean:187:39: This simp argument is unused:
  dist_comm

Hint: Omit it from the simp argument list.
  [apply] simp [Metric.mem_ball, dist_eq_norm]

Note: This linter can be disabled with `set_option linter.unusedSimpArgs false`
⚠ [4942/5015] Replayed FewInflection.Nevanlinna.PoissonHigherDerivative
warning: FewInflection/Nevanlinna/PoissonHigherDerivative.lean:54:6: Try this: intro a z hz
ℹ [4943/5015] Replayed FewInflection.ExplicitExamples
info: FewInflection/ExplicitExamples.lean:393:2: Try this:
  [apply] ring_nf
  
  The `ring` tactic failed to close the goal. Use `ring_nf` to obtain a normal form.
    
  Note that `ring` works primarily in *commutative* rings. If you have a noncommutative ring, abelian group or module, consider using `noncomm_ring`, `abel` or `module` instead.
⚠ [4945/5015] Replayed FewInflection.ExplicitExponentialFamily
warning: FewInflection/ExplicitExponentialFamily.lean:57:39: This simp argument is unused:
  mul_left_comm

Hint: Omit it from the simp argument list.
  [apply] simp [exponentialRate, mul_comm, mul_assoc]

Note: This linter can be disabled with `set_option linter.unusedSimpArgs false`
warning: FewInflection/ExplicitExponentialFamily.lean:57:54: This simp argument is unused:
  mul_assoc

Hint: Omit it from the simp argument list.
  [apply] simp [exponentialRate, mul_comm, mul_left_comm]

Note: This linter can be disabled with `set_option linter.unusedSimpArgs false`
warning: FewInflection/ExplicitExponentialFamily.lean:159:39: This simp argument is unused:
  Curve.vector

Hint: Omit it from the simp argument list.
  [apply] simp only [exponentialFamilyCurve, exponentialFamily, Complex.norm_exp]

Note: This linter can be disabled with `set_option linter.unusedSimpArgs false`
info: FewInflection/ExplicitExponentialFamily.lean:240:4: Try this:
  [apply] ring_nf
  
  The `ring` tactic failed to close the goal. Use `ring_nf` to obtain a normal form.
    
  Note that `ring` works primarily in *commutative* rings. If you have a noncommutative ring, abelian group or module, consider using `noncomm_ring`, `abel` or `module` instead.
ℹ [4947/5015] Replayed ModifiedCartan.PolynomialCoefficientExpansion
info: ModifiedCartan/PolynomialCoefficientExpansion.lean:86:0: 'ModifiedCartan.Paper.prop_polynomialcoeff' depends on axioms: [propext, Classical.choice, Quot.sound]
ℹ [4948/5015] Replayed ModifiedCartan.PolynomialFamilyExpansion
info: ModifiedCartan/PolynomialFamilyExpansion.lean:51:0: 'ModifiedCartan.polynomialFamily_product_expansion' depends on axioms: [propext, Classical.choice, Quot.sound]
ℹ [4949/5015] Replayed ModifiedCartan.LocalCoefficientSplit
info: ModifiedCartan/LocalCoefficientSplit.lean:267:0: 'ModifiedCartan.rootSubsetSum_split' depends on axioms: [propext, Classical.choice, Quot.sound]
info: ModifiedCartan/LocalCoefficientSplit.lean:268:0: 'ModifiedCartan.norm_interiorRootSubsetSum_le' depends on axioms: [propext, Classical.choice, Quot.sound]
info: ModifiedCartan/LocalCoefficientSplit.lean:269:0: 'ModifiedCartan.exteriorRootSubsetSum_analytic' depends on axioms: [propext, Classical.choice, Quot.sound]
info: ModifiedCartan/LocalCoefficientSplit.lean:270:0: 'ModifiedCartan.interiorRootSubsetSum_localMeasure_zero' depends on axioms: [propext, Classical.choice, Quot.sound]
ℹ [4950/5015] Replayed ModifiedCartan.SmallRootPoleSums
info: ModifiedCartan/SmallRootPoleSums.lean:111:0: 'ModifiedCartan.finite_root_distance_sum_localMeasure_zero' depends on axioms: [propext, Classical.choice, Quot.sound]
info: ModifiedCartan/SmallRootPoleSums.lean:112:0: 'ModifiedCartan.finite_pole_sum_normalized_localMeasure_zero' depends on axioms: [propext, Classical.choice, Quot.sound]
ℹ [4951/5015] Replayed ModifiedCartan.PolynomialGaugeSmallness
info: ModifiedCartan/PolynomialGaugeSmallness.lean:127:0: 'ModifiedCartan.polynomial_logDeriv_jet_eq_root_sum_ae' depends on axioms: [propext, Classical.choice, Quot.sound]
info: ModifiedCartan/PolynomialGaugeSmallness.lean:128:0: 'ModifiedCartan.canonicalLogDerivative_eq_polynomial' depends on axioms: [propext, Classical.choice, Quot.sound]
info: ModifiedCartan/PolynomialGaugeSmallness.lean:129:0: 'ModifiedCartan.Paper.eq_gaugesmall' depends on axioms: [propext, Classical.choice, Quot.sound]
ℹ [4952/5015] Replayed ModifiedCartan.CanonicalJetSmallness
info: ModifiedCartan/CanonicalJetSmallness.lean:134:0: 'ModifiedCartan.canonical_logarithmicJet_normalized_eq_partition' depends on axioms: [propext,
 Classical.choice,
 Quot.sound]
info: ModifiedCartan/CanonicalJetSmallness.lean:135:0: 'ModifiedCartan.canonical_logarithmicJet_localMeasure_zero' depends on axioms: [propext, Classical.choice, Quot.sound]
ℹ [4953/5015] Replayed ModifiedCartan.LocalCoefficientCompactness
info: ModifiedCartan/LocalCoefficientCompactness.lean:196:0: 'ModifiedCartan.Paper.eq_splitcoeff' depends on axioms: [propext, Classical.choice, Quot.sound]
info: ModifiedCartan/LocalCoefficientCompactness.lean:197:0: 'ModifiedCartan.Paper.local_coefficient_relative_compactness' depends on axioms: [propext, Classical.choice, Quot.sound]
ℹ [4954/5015] Replayed ModifiedCartan.LocalCompactness
info: ModifiedCartan/LocalCompactness.lean:158:0: 'ModifiedCartan.Paper.eq_gaugecomparison' depends on axioms: [propext, Classical.choice, Quot.sound]
info: ModifiedCartan/LocalCompactness.lean:159:0: 'ModifiedCartan.Paper.prop_localcompact' depends on axioms: [propext, Classical.choice, Quot.sound]
ℹ [4955/5015] Replayed ModifiedCartan.CanonicalCompactness
info: ModifiedCartan/CanonicalCompactness.lean:56:0: 'ModifiedCartan.canonical_coefficient_relative_compactness_eventual' depends on axioms: [propext,
 Classical.choice,
 Quot.sound]
ℹ [4956/5015] Replayed ModifiedCartan.RescaledRepresentation
info: ModifiedCartan/RescaledRepresentation.lean:97:0: 'ModifiedCartan.Paper.prop_representation' depends on axioms: [propext, Classical.choice, Quot.sound]
ℹ [4957/5015] Replayed ModifiedCartan.ArbitraryCoefficientCompactness
info: ModifiedCartan/ArbitraryCoefficientCompactness.lean:54:0: 'ModifiedCartan.arbitrary_coefficient_relative_compactness' depends on axioms: [propext, Classical.choice, Quot.sound]
ℹ [4958/5015] Replayed ModifiedCartan.ArbitraryLimitModels
info: ModifiedCartan/ArbitraryLimitModels.lean:64:0: 'ModifiedCartan.arbitrary_coefficient_limit_scale_models' depends on axioms: [propext, Classical.choice, Quot.sound]
ℹ [4959/5015] Replayed ModifiedCartan.ArbitraryEntireModels
info: ModifiedCartan/ArbitraryEntireModels.lean:63:0: 'ModifiedCartan.arbitrary_coefficient_entire_models' depends on axioms: [propext, Classical.choice, Quot.sound]
ℹ [4960/5015] Replayed ModifiedCartan.ArbitraryCoefficients
info: ModifiedCartan/ArbitraryCoefficients.lean:94:0: 'ModifiedCartan.Paper.eq_arbitrary_coefficients' depends on axioms: [propext, Classical.choice, Quot.sound]
info: ModifiedCartan/ArbitraryCoefficients.lean:95:0: 'ModifiedCartan.Paper.eq_monomial_coefficients' depends on axioms: [propext, Classical.choice, Quot.sound]
ℹ [4961/5015] Replayed ModifiedCartan.EventualCoefficientComparison
info: ModifiedCartan/EventualCoefficientComparison.lean:98:0: 'ModifiedCartan.Paper.eq_gaugecomparison_eventual' depends on axioms: [propext, Classical.choice, Quot.sound]
info: ModifiedCartan/EventualCoefficientComparison.lean:99:0: 'ModifiedCartan.cramer_comparison_of_polynomial_approximation' depends on axioms: [propext,
 Classical.choice,
 Quot.sound]
ℹ [4962/5015] Replayed ModifiedCartan.ReplacementTaylorData
info: ModifiedCartan/ReplacementTaylorData.lean:101:0: 'ModifiedCartan.replacement_taylor_data' depends on axioms: [propext, Classical.choice, Quot.sound]
ℹ [4963/5015] Replayed ModifiedCartan.ReplacementCoefficientData
info: ModifiedCartan/ReplacementCoefficientData.lean:84:0: 'ModifiedCartan.replacement_scaled_coefficient_comparison' depends on axioms: [propext, Classical.choice, Quot.sound]
ℹ [4964/5015] Replayed ModifiedCartan.PolynomialReplacement
info: ModifiedCartan/PolynomialReplacement.lean:150:0: 'ModifiedCartan.Paper.lem_replacement' depends on axioms: [propext, Classical.choice, Quot.sound]
ℹ [4965/5015] Replayed ModifiedCartan.ReplacementSubsequence
info: ModifiedCartan/ReplacementSubsequence.lean:41:0: 'ModifiedCartan.PolynomialReplacementData.comp_tendsto' depends on axioms: [propext, Classical.choice, Quot.sound]
ℹ [4966/5015] Replayed ModifiedCartan.RescaledZeroCoefficients
info: ModifiedCartan/RescaledZeroCoefficients.lean:80:0: 'ModifiedCartan.rescaled_fundamental_coefficients_zero' depends on axioms: [propext, Classical.choice, Quot.sound]
ℹ [4967/5015] Replayed ModifiedCartan.EventualWronskianSum
info: ModifiedCartan/EventualWronskianSum.lean:67:0: 'ModifiedCartan.log_sum_nonneg_of_monic_wronskians' depends on axioms: [propext, Classical.choice, Quot.sound]
ℹ [4968/5015] Replayed ModifiedCartan.ReplacementLogLimits
info: ModifiedCartan/ReplacementLogLimits.lean:77:0: 'ModifiedCartan.PolynomialReplacementData.exists_log_limits' depends on axioms: [propext, Classical.choice, Quot.sound]
ℹ [4969/5015] Replayed ModifiedCartan.GoodCenters
info: ModifiedCartan/GoodCenters.lean:92:0: 'ModifiedCartan.PolynomialReplacementData.exists_good_centers' depends on axioms: [propext,
 Classical.choice,
 Quot.sound]
ℹ [4970/5015] Replayed ModifiedCartan.ArbitraryRadiusData
info: ModifiedCartan/ArbitraryRadiusData.lean:105:0: 'ModifiedCartan.GoodCenterData.limsup_lt_top' depends on axioms: [propext, Classical.choice, Quot.sound]
ℹ [4971/5015] Replayed ModifiedCartan.ArbitraryPolynomialCoefficients
info: ModifiedCartan/ArbitraryPolynomialCoefficients.lean:48:0: 'ModifiedCartan.ArbitraryRadiusLimitData.polynomial_coefficient_limit' depends on axioms: [propext,
 Classical.choice,
 Quot.sound]
⚠ [4972/5015] Replayed ModifiedCartan.UnitaryPolynomialCoefficients
warning: ModifiedCartan/UnitaryPolynomialCoefficients.lean:48:2: Unused tactic linter: `change
  FewInflection.fundamentalCoefficients n (fun j w => (d.polynomial (ns ν) j).eval w) z i / _ = _` does nothing

Note: This linter can be disabled with `set_option linter.unusedTactic false`
info: ModifiedCartan/UnitaryPolynomialCoefficients.lean:53:0: 'ModifiedCartan.ArbitraryRadiusLimitData.unitary_polynomial_coefficient_limit' depends on axioms: [propext,
 Classical.choice,
 Quot.sound]
ℹ [4973/5015] Replayed ModifiedCartan.UnitaryComponentGradient
info: ModifiedCartan/UnitaryComponentGradient.lean:40:0: 'ModifiedCartan.ArbitraryRadiusLimitData.unitary_component_gradient_equation' depends on axioms: [propext,
 Classical.choice,
 Quot.sound]
ℹ [4974/5015] Replayed ModifiedCartan.InitialPolynomialTaylorCoefficients
info: ModifiedCartan/InitialPolynomialTaylorCoefficients.lean:75:0: 'ModifiedCartan.initialPolynomialBasis_taylorCoeff_norm_le' depends on axioms: [propext, Classical.choice, Quot.sound]
ℹ [4975/5015] Replayed ModifiedCartan.PolynomialInitialBasisMajorant
info: ModifiedCartan/PolynomialInitialBasisMajorant.lean:73:0: 'ModifiedCartan.Paper.prop_initial_basis' depends on axioms: [propext, Classical.choice, Quot.sound]
ℹ [4976/5015] Replayed ModifiedCartan.PolynomialInitialValueBound
info: ModifiedCartan/PolynomialInitialValueBound.lean:82:0: 'ModifiedCartan.Paper.eq_initial_value_bound' depends on axioms: [propext, Classical.choice, Quot.sound]
ℹ [4977/5015] Replayed ModifiedCartan.PointInitialValue
info: ModifiedCartan/PointInitialValue.lean:70:0: 'ModifiedCartan.polynomial_matrix_initial_value_bound' depends on axioms: [propext, Classical.choice, Quot.sound]
ℹ [4978/5015] Replayed ModifiedCartan.PointInitialCoarse
info: ModifiedCartan/PointInitialCoarse.lean:36:0: 'ModifiedCartan.polynomial_matrix_initial_value_coarse_bound' depends on axioms: [propext, Classical.choice, Quot.sound]
ℹ [4979/5015] Replayed ModifiedCartan.GoodCenterComponentValue
info: ModifiedCartan/GoodCenterComponentValue.lean:60:0: 'ModifiedCartan.ArbitraryRadiusLimitData.unitary_component_value_at_good_center' depends on axioms: [propext,
 Classical.choice,
 Quot.sound]
ℹ [4980/5015] Replayed ModifiedCartan.UnitaryLogBalance
info: ModifiedCartan/UnitaryLogBalance.lean:76:0: 'ModifiedCartan.ArbitraryRadiusLimitData.unitary_norm_and_sum_limits' depends on axioms: [propext,
 Classical.choice,
 Quot.sound]
ℹ [4981/5015] Replayed ModifiedCartan.ReplacementNormProperties
info: ModifiedCartan/ReplacementNormProperties.lean:79:0: 'ModifiedCartan.PolynomialReplacementData.polynomial_coordinate_bound' depends on axioms: [propext,
 Classical.choice,
 Quot.sound]
ℹ [4982/5015] Replayed ModifiedCartan.PointSingularExponents
info: ModifiedCartan/PointSingularExponents.lean:56:0: 'ModifiedCartan.ArbitraryRadiusLimitData.exists_singular_exponents' depends on axioms: [propext,
 Classical.choice,
 Quot.sound]
ℹ [4983/5015] Replayed ModifiedCartan.BasisAtPoint
info: ModifiedCartan/BasisAtPoint.lean:73:0: 'ModifiedCartan.Paper.lem_basis_at_point' depends on axioms: [propext, Classical.choice, Quot.sound]
ℹ [4984/5015] Replayed ModifiedCartan.UnitaryComponentRegularity
info: ModifiedCartan/UnitaryComponentRegularity.lean:55:0: 'ModifiedCartan.ArbitraryRadiusLimitData.unitary_component_regular' depends on axioms: [propext,
 Classical.choice,
 Quot.sound]
info: ModifiedCartan/UnitaryComponentRegularity.lean:56:0: 'ModifiedCartan.ArbitraryRadiusLimitData.norm_limit_continuous' depends on axioms: [propext,
 Classical.choice,
 Quot.sound]
⚠ [4985/5015] Replayed ModifiedCartan.PointwiseUnitaryBalance
warning: ModifiedCartan/PointwiseUnitaryBalance.lean:34:2: Unused tactic linter: `change v z = (u z).toReal` does nothing

Note: This linter can be disabled with `set_option linter.unusedTactic false`
info: ModifiedCartan/PointwiseUnitaryBalance.lean:62:0: 'ModifiedCartan.ArbitraryRadiusLimitData.unitary_component_real_gradient' depends on axioms: [propext,
 Classical.choice,
 Quot.sound]
info: ModifiedCartan/PointwiseUnitaryBalance.lean:63:0: 'ModifiedCartan.ArbitraryRadiusLimitData.unitary_component_sum_nonneg' depends on axioms: [propext,
 Classical.choice,
 Quot.sound]
ℹ [4986/5015] Replayed ModifiedCartan.PolynomialNormLimit
info: ModifiedCartan/PolynomialNormLimit.lean:47:0: 'ModifiedCartan.Paper.eq_polynomial_norm' depends on axioms: [propext, Classical.choice, Quot.sound]
ℹ [4987/5015] Replayed ModifiedCartan.NormalizedRadialMean
info: ModifiedCartan/NormalizedRadialMean.lean:32:0: 'ModifiedCartan.PolynomialReplacementData.normalized_radial_mean' depends on axioms: [propext,
 Classical.choice,
 Quot.sound]
ℹ [4988/5015] Replayed ModifiedCartan.ArbitraryRadiusConstruction
info: ModifiedCartan/ArbitraryRadiusConstruction.lean:140:0: 'ModifiedCartan.exists_arbitrary_radius_limits_normalized' depends on axioms: [propext, Classical.choice, Quot.sound]
info: ModifiedCartan/ArbitraryRadiusConstruction.lean:141:0: 'ModifiedCartan.Paper.exists_arbitrary_radius_limits' depends on axioms: [propext, Classical.choice, Quot.sound]
ℹ [4989/5015] Replayed ModifiedCartan.PolynomialNormalizedMajorant
info: ModifiedCartan/PolynomialNormalizedMajorant.lean:57:0: 'ModifiedCartan.normalized_polynomial_tuple_majorant' depends on axioms: [propext, Classical.choice, Quot.sound]
ℹ [4990/5015] Replayed ModifiedCartan.PolynomialIntegralMajorant
info: ModifiedCartan/PolynomialIntegralMajorant.lean:37:0: 'ModifiedCartan.normalized_polynomial_tuple_integral_majorant' depends on axioms: [propext,
 Classical.choice,
 Quot.sound]
⚠ [4991/5015] Replayed ModifiedCartan.EntireMajorant
warning: ModifiedCartan/EntireMajorant.lean:57:17: This simp argument is unused:
  hj

Hint: Omit it from the simp argument list.
  [apply] simp [hj0, Ne.symm hj, hv, rootMajorantProduct]

Note: This linter can be disabled with `set_option linter.unusedSimpArgs false`
info: ModifiedCartan/EntireMajorant.lean:65:0: 'ModifiedCartan.entire_component_integral_majorant' depends on axioms: [propext, Classical.choice, Quot.sound]
info: ModifiedCartan/EntireMajorant.lean:66:0: 'ModifiedCartan.Paper.lem_entire_majorant' depends on axioms: [propext, Classical.choice, Quot.sound]
ℹ [4992/5015] Replayed ModifiedCartan.Convolution
info: ModifiedCartan/Convolution.lean:59:0: 'ModifiedCartan.Paper.cor_convolution' depends on axioms: [propext, Classical.choice, Quot.sound]
ℹ [4993/5015] Replayed ModifiedCartan.TranslatedCounting
info: ModifiedCartan/TranslatedCounting.lean:13:0: Summable.tsum_le_tsum.{u_1, u_3} {ι : Type u_1} {α : Type u_3} {L : SummationFilter ι} [AddCommMonoid α] [Preorder α]
  [IsOrderedAddMonoid α] [TopologicalSpace α] [OrderClosedTopology α] {f g : ι → α} [L.NeBot] (h : ∀ (i : ι), f i ≤ g i)
  (hf : Summable f L) (hg : Summable g L) : ∑'[L] (i : ι), f i ≤ ∑'[L] (i : ι), g i
info: ModifiedCartan/TranslatedCounting.lean:14:0: Summable.tsum_add.{u_1, u_2} {α : Type u_1} {β : Type u_2} [AddCommMonoid α] [TopologicalSpace α] {f g : β → α}
  {L : SummationFilter β} [T2Space α] [ContinuousAdd α] [L.NeBot] (hf : Summable f L) (hg : Summable g L) :
  ∑'[L] (b : β), (f b + g b) = ∑'[L] (b : β), f b + ∑'[L] (b : β), g b
info: ModifiedCartan/TranslatedCounting.lean:15:0: Summable.mul_left.{u_1, u_3} {ι : Type u_1} {α : Type u_3} {L : SummationFilter ι} [NonUnitalNonAssocSemiring α]
  [TopologicalSpace α] [IsTopologicalSemiring α] {f : ι → α} (a : α) (hf : Summable f L) : Summable (fun i => a * f i) L
info: ModifiedCartan/TranslatedCounting.lean:81:0: 'ModifiedCartan.translated_logCounting_bound' depends on axioms: [propext, Classical.choice, Quot.sound]
info: ModifiedCartan/TranslatedCounting.lean:82:0: 'ModifiedCartan.normalizedCoordinates_counting_bound' depends on axioms: [propext, Classical.choice, Quot.sound]
ℹ [4994/5015] Replayed ModifiedCartan.SmallOrderCoordinates
info: ModifiedCartan/SmallOrderCoordinates.lean:51:0: 'ModifiedCartan.Paper.lem_small_order_coordinates' depends on axioms: [propext, Classical.choice, Quot.sound]
ℹ [4995/5015] Replayed ModifiedCartan.SystemDivisorMajorant
info: ModifiedCartan/SystemDivisorMajorant.lean:68:0: 'ModifiedCartan.system_divisor_majorant_of_eventual_bound' depends on axioms: [propext, Classical.choice, Quot.sound]
info: ModifiedCartan/SystemDivisorMajorant.lean:69:0: 'ModifiedCartan.small_order_divisor_majorant' depends on axioms: [propext, Classical.choice, Quot.sound]
⚠ [4996/5015] Replayed ModifiedCartan.ConvolutionAbsorption
warning: ModifiedCartan/ConvolutionAbsorption.lean:37:24: Used `tac1 <;> tac2` where `(tac1; tac2)` would suffice

Note: This linter can be disabled with `set_option linter.unnecessarySeqFocus false`
info: ModifiedCartan/ConvolutionAbsorption.lean:67:0: 'ModifiedCartan.constant_counting_kernel' depends on axioms: [propext, Classical.choice, Quot.sound]
info: ModifiedCartan/ConvolutionAbsorption.lean:68:0: 'ModifiedCartan.system_absorption_at_radius' depends on axioms: [propext, Classical.choice, Quot.sound]
⚠ [4997/5015] Replayed ModifiedCartan.SystemPowerSequence
warning: ModifiedCartan/SystemPowerSequence.lean:16:24: Used `tac1 <;> tac2` where `(tac1; tac2)` would suffice

Note: This linter can be disabled with `set_option linter.unnecessarySeqFocus false`
info: ModifiedCartan/SystemPowerSequence.lean:60:0: 'ModifiedCartan.system_power_sequence_of_divisor_majorant' depends on axioms: [propext, Classical.choice, Quot.sound]
ℹ [4998/5015] Replayed ModifiedCartan.SmallOrderClassification
info: ModifiedCartan/SmallOrderClassification.lean:62:0: 'ModifiedCartan.Paper.prop_small_order' depends on axioms: [propext, Classical.choice, Quot.sound]
ℹ [4999/5015] Replayed ModifiedCartan.ZeroOrderRamification
info: ModifiedCartan/ZeroOrderRamification.lean:82:0: 'ModifiedCartan.zero_order_polynomial_of_eventual_ratio_bound' depends on axioms: [propext,
 Classical.choice,
 Quot.sound]
info: ModifiedCartan/ZeroOrderRamification.lean:83:0: 'ModifiedCartan.Paper.prop_zero_order_ramification' depends on axioms: [propext, Classical.choice, Quot.sound]
info: ModifiedCartan/ZeroOrderRamification.lean:84:0: 'ModifiedCartan.Paper.cor_zero_ratio' depends on axioms: [propext, Classical.choice, Quot.sound]
ℹ [5000/5015] Replayed ModifiedCartan.PeakConstantSign
info: ModifiedCartan/PeakConstantSign.lean:101:0: 'ModifiedCartan.peak_coordinate_constant_nonpos' depends on axioms: [propext, Classical.choice, Quot.sound]
ℹ [5001/5015] Replayed ModifiedCartan.RepresentationMeanContradiction
info: ModifiedCartan/RepresentationMeanContradiction.lean:78:0: 'ModifiedCartan.representation_mean_contradicts_nonpositive_constants' depends on axioms: [propext,
 Classical.choice,
 Quot.sound]
⚠ [5002/5015] Replayed ModifiedCartan.PeakNonvanishing
warning: ModifiedCartan/PeakNonvanishing.lean:125:2: `push_neg` has been deprecated. Prefer using `push Not` instead.
If you'd rather continue using `push_neg` in your project, you can implement it as follows:
```
open Lean.Parser.Tactic in
macro "push_neg" cfg:optConfig loc:(location)? : tactic =>
  `(tactic| push $cfg:optConfig Not $[$loc]?)
```
info: ModifiedCartan/PeakNonvanishing.lean:133:0: 'ModifiedCartan.peak_coefficient_limit_nonzero' depends on axioms: [propext, Classical.choice, Quot.sound]
ℹ [5003/5015] Replayed ModifiedCartan.PeakCoefficientCompactness
info: ModifiedCartan/PeakCoefficientCompactness.lean:55:0: 'ModifiedCartan.peak_coefficient_relative_compactness' depends on axioms: [propext, Classical.choice, Quot.sound]
ℹ [5004/5015] Replayed ModifiedCartan.PeakLimitScaleModels
info: ModifiedCartan/PeakLimitScaleModels.lean:66:0: 'ModifiedCartan.peak_coefficient_limit_scale_models' depends on axioms: [propext, Classical.choice, Quot.sound]
ℹ [5005/5015] Replayed ModifiedCartan.Indices
info: ModifiedCartan/Indices.lean:65:0: 'ModifiedCartan.positive_index_order_admissible' depends on axioms: [propext, Classical.choice, Quot.sound]
info: ModifiedCartan/Indices.lean:66:0: 'ModifiedCartan.Paper.prop_indices' depends on axioms: [propext, Classical.choice, Quot.sound]
ℹ [5006/5015] Replayed ModifiedCartan.SchubertAdjugateReconstruction
info: ModifiedCartan/SchubertAdjugateReconstruction.lean:76:0: 'ModifiedCartan.schubert_columnValues_adjugate_solution' depends on axioms: [propext, Classical.choice, Quot.sound]
info: ModifiedCartan/SchubertAdjugateReconstruction.lean:77:0: 'ModifiedCartan.schubert_columnValues_adjugate_minor' depends on axioms: [propext, Classical.choice, Quot.sound]
ℹ [5007/5015] Replayed ModifiedCartan.KPParameterAdjugateReconstruction
info: ModifiedCartan/KPParameterAdjugateReconstruction.lean:145:0: 'ModifiedCartan.kpParameterODEDeterminant_eval_ne_zero' depends on axioms: [propext, Classical.choice, Quot.sound]
info: ModifiedCartan/KPParameterAdjugateReconstruction.lean:146:0: 'ModifiedCartan.kpParameterAdjugatePolynomial_character' depends on axioms: [propext, Classical.choice, Quot.sound]
info: ModifiedCartan/KPParameterAdjugateReconstruction.lean:147:0: 'ModifiedCartan.kpParameterScalarODEJetMatrix_det' depends on axioms: [propext, Classical.choice, Quot.sound]
ℹ [5008/5015] Replayed ModifiedCartan.KPAdjugateMinorCharacters
info: ModifiedCartan/KPAdjugateMinorCharacters.lean:50:0: 'ModifiedCartan.kpParameterAdjugateMinor_character' depends on axioms: [propext, Classical.choice, Quot.sound]
ℹ [5009/5015] Replayed ModifiedCartan.KPUniversalAdjugateIdentity
info: ModifiedCartan/KPUniversalAdjugateIdentity.lean:62:0: 'ModifiedCartan.kpParameterAdjugateMinor_positive' depends on axioms: [propext, Classical.choice, Quot.sound]
info: ModifiedCartan/KPUniversalAdjugateIdentity.lean:63:0: 'ModifiedCartan.kpParameterAdjugateMinor_identity' depends on axioms: [propext, Classical.choice, Quot.sound]
⚠ [5010/5015] Replayed ModifiedCartan.BetheAlgebraIdentification
warning: ModifiedCartan/BetheAlgebraIdentification.lean:42:2: Try this: intro i _ h
info: ModifiedCartan/BetheAlgebraIdentification.lean:62:0: 'ModifiedCartan.kpBeta_zero_mem_bethe_of_prod_ne_zero' depends on axioms: [propext, Classical.choice, Quot.sound]
info: ModifiedCartan/BetheAlgebraIdentification.lean:63:0: 'ModifiedCartan.kpGeneratedAlgebra_eq_betheAlgebra' depends on axioms: [propext, Classical.choice, Quot.sound]
ℹ [5011/5015] Replayed ModifiedCartan.KPCorrespondence
info: ModifiedCartan/KPCorrespondence.lean:46:0: 'ModifiedCartan.Paper.lem_KP_correspondence' depends on axioms: [propext, Classical.choice, Quot.sound]
⚠ [5012/5015] Built ModifiedCartan.InversePullbackAE (19s)
warning: ModifiedCartan/InversePullbackAE.lean:19:16: `_root_.not_imp` has been deprecated: Use `Classical.not_imp` instead
warning: ModifiedCartan/InversePullbackAE.lean:31:28: `_root_.not_imp` has been deprecated: Use `Classical.not_imp` instead
info: ModifiedCartan/InversePullbackAE.lean:60:0: 'ModifiedCartan.ae_comp_of_differentiable_inverse' depends on axioms: [propext, Classical.choice, Quot.sound]
info: ModifiedCartan/InversePullbackAE.lean:61:0: 'ModifiedCartan.LocalLpConvergence.continuousOn_mul' depends on axioms: [propext, Classical.choice, Quot.sound]
ℹ [5013/5015] Built ModifiedCartan.AnalyticLogPullback (19s)
info: ModifiedCartan/AnalyticLogPullback.lean:86:0: 'ModifiedCartan.normalizedLog_inverse_pullback_subharmonic' depends on axioms: [propext, Classical.choice, Quot.sound]
info: ModifiedCartan/AnalyticLogPullback.lean:87:0: 'ModifiedCartan.normalizedLog_inverse_pullback_gradient' depends on axioms: [propext, Classical.choice, Quot.sound]
✔ [5014/5015] Built ModifiedCartan (17s)
Build completed successfully (5015 jobs).
