⚠ [3478/3513] Replayed FewInflection.DerivativeMinors
warning: FewInflection/DerivativeMinors.lean:123:41: This simp argument is unused:
  dotProduct

Hint: Omit it from the simp argument list.
  [apply] simp [D, M, Matrix.diagonal_apply]

Note: This linter can be disabled with `set_option linter.unusedSimpArgs false`
ℹ [3486/3513] Replayed ModifiedCartan.CorrectedLinearFactor
info: ModifiedCartan/CorrectedLinearFactor.lean:58:0: 'ModifiedCartan.exists_polynomial_approx_on_closedBall' depends on axioms: [propext, Classical.choice, Quot.sound]
info: ModifiedCartan/CorrectedLinearFactor.lean:59:0: 'ModifiedCartan.exists_corrected_linear_factor' depends on axioms: [propext, Classical.choice, Quot.sound]
⚠ [3492/3513] Replayed FewInflection.Nevanlinna
warning: FewInflection/Nevanlinna.lean:104:44: Used `tac1 <;> tac2` where `(tac1; tac2)` would suffice

Note: This linter can be disabled with `set_option linter.unnecessarySeqFocus false`
warning: FewInflection/Nevanlinna.lean:147:4: Unused tactic linter: `change meromorphicOrderAt (f.coord j)⁻¹ u ≠ (⊤ : WithTop ℤ)` does nothing

Note: This linter can be disabled with `set_option linter.unusedTactic false`
warning: FewInflection/Nevanlinna.lean:213:44: Used `tac1 <;> tac2` where `(tac1; tac2)` would suffice

Note: This linter can be disabled with `set_option linter.unnecessarySeqFocus false`
warning: FewInflection/Nevanlinna.lean:223:63: Used `tac1 <;> tac2` where `(tac1; tac2)` would suffice

Note: This linter can be disabled with `set_option linter.unnecessarySeqFocus false`
ℹ [3592/3669] Replayed ModifiedCartan.DivisorPolynomial
info: ModifiedCartan/DivisorPolynomial.lean:130:0: 'ModifiedCartan.exists_monic_polynomial_exp_factor_on_ball' depends on axioms: [propext, Classical.choice, Quot.sound]
⚠ [3593/3669] Replayed ModifiedCartan.EntireZeroCopies
warning: ModifiedCartan/EntireZeroCopies.lean:56:2: Try this: 
  letI̵

The goal is a proposition, so `let` is preferred over `letI`.
The difference between `let` and `letI` is that `letI` inlines the value.
But this is not relevant for proofs because of proof irrelevance.

Note: This linter can be disabled with `set_option linter.style.haveILetI false`
info: ModifiedCartan/EntireZeroCopies.lean:68:0: 'ModifiedCartan.entireZeroCopies_countable' depends on axioms: [propext, Classical.choice, Quot.sound]
ℹ [3598/3669] Replayed ModifiedCartan.RootMajorantProduct
info: ModifiedCartan/RootMajorantProduct.lean:56:0: 'ModifiedCartan.rootMajorantProduct_eq_exp' depends on axioms: [propext, Classical.choice, Quot.sound]
info: ModifiedCartan/RootMajorantProduct.lean:57:0: 'ModifiedCartan.log_rootMajorantProduct' depends on axioms: [propext, Classical.choice, Quot.sound]
ℹ [3605/3669] Replayed ModifiedCartan.GenusZeroProduct
info: ModifiedCartan/GenusZeroProduct.lean:73:0: 'ModifiedCartan.genusZeroProduct_differentiable' depends on axioms: [propext, Classical.choice, Quot.sound]
info: ModifiedCartan/GenusZeroProduct.lean:74:0: 'ModifiedCartan.genusZeroProduct_norm_le_rootMajorant' depends on axioms: [propext, Classical.choice, Quot.sound]
ℹ [3606/3669] Replayed ModifiedCartan.GenusZeroSubproduct
info: ModifiedCartan/GenusZeroSubproduct.lean:72:0: 'ModifiedCartan.genusZeroSubproduct_differentiable' depends on axioms: [propext, Classical.choice, Quot.sound]
info: ModifiedCartan/GenusZeroSubproduct.lean:73:0: 'ModifiedCartan.genusZeroSubproduct_mul_compl' depends on axioms: [propext, Classical.choice, Quot.sound]
⚠ [3607/3669] Replayed ModifiedCartan.ZeroCopiesCount
warning: ModifiedCartan/ZeroCopiesCount.lean:49:6: `if_pos` has been deprecated: Use `ite_eq_left` instead
warning: ModifiedCartan/ZeroCopiesCount.lean:56:2: Try this: 
  letI̵

The goal is a proposition, so `let` is preferred over `letI`.
The difference between `let` and `letI` is that `letI` inlines the value.
But this is not relevant for proofs because of proof irrelevance.

Note: This linter can be disabled with `set_option linter.style.haveILetI false`
info: ModifiedCartan/ZeroCopiesCount.lean:68:0: 'ModifiedCartan.zeroCopiesInClosedBall_card' depends on axioms: [propext, Classical.choice, Quot.sound]
ℹ [3608/3669] Replayed ModifiedCartan.EnvelopeKernel
info: ModifiedCartan/EnvelopeKernel.lean:68:0: 'ModifiedCartan.envelope_integrand_integrable' depends on axioms: [propext, Classical.choice, Quot.sound]
⚠ [3609/3669] Replayed ModifiedCartan.ReciprocalTailIntegral
warning: ModifiedCartan/ReciprocalTailIntegral.lean:27:30: Variable name `hC` is not explicitly referenced.

Hint: The binding can be removed (if unused) or named `_` (if used implicitly). Alternatively, prefix the name with `_` to silence this warning:
  [apply] _hC

Note: This linter can be disabled with `set_option linter.unusedVariables false`
info: ModifiedCartan/ReciprocalTailIntegral.lean:72:0: 'ModifiedCartan.finite_reciprocal_tail_bound' depends on axioms: [propext, Classical.choice, Quot.sound]
ℹ [3610/3669] Replayed ModifiedCartan.ReciprocalRoots
info: ModifiedCartan/ReciprocalRoots.lean:58:0: 'ModifiedCartan.entire_reciprocal_tail_of_count_bound' depends on axioms: [propext, Classical.choice, Quot.sound]
info: ModifiedCartan/ReciprocalRoots.lean:59:0: 'ModifiedCartan.entire_reciprocal_roots_summable_of_count_bound' depends on axioms: [propext,
 Classical.choice,
 Quot.sound]
ℹ [3614/3669] Replayed ModifiedCartan.MaximumModulus
info: ModifiedCartan/MaximumModulus.lean:87:0: 'ModifiedCartan.maximumModulus_continuousOn' depends on axioms: [propext, Classical.choice, Quot.sound]
info: ModifiedCartan/MaximumModulus.lean:88:0: 'ModifiedCartan.maximumModulus_eq_sphereSup' depends on axioms: [propext, Classical.choice, Quot.sound]
ℹ [3615/3669] Replayed ModifiedCartan.EntireOrder
info: ModifiedCartan/EntireOrder.lean:98:0: 'ModifiedCartan.entireOrder_posLog_isLittleO' depends on axioms: [propext, Classical.choice, Quot.sound]
info: ModifiedCartan/EntireOrder.lean:99:0: 'ModifiedCartan.entireOrder_exists_posLog_power_bound' depends on axioms: [propext, Classical.choice, Quot.sound]
ℹ [3616/3669] Replayed ModifiedCartan.EntireTaylorBounds
info: ModifiedCartan/EntireTaylorBounds.lean:60:0: 'ModifiedCartan.entire_taylorPolynomial_iteratedDeriv_le' depends on axioms: [propext, Classical.choice, Quot.sound]
⚠ [3619/3669] Replayed FewInflection.FundamentalAnalytic
warning: FewInflection/FundamentalAnalytic.lean:208:35: This simp argument is unused:
  hW

Hint: Omit it from the simp argument list.
  [apply] simp [fundamentalCoefficients, not_ne_iff.mp hW]

Note: This linter can be disabled with `set_option linter.unusedSimpArgs false`
⚠ [3622/3669] Replayed FewInflection.Dilation
info: FewInflection/Dilation.lean:118:2: Try this:
  [apply] ring_nf
  
  The `ring` tactic failed to close the goal. Use `ring_nf` to obtain a normal form.
    
  Note that `ring` works primarily in *commutative* rings. If you have a noncommutative ring, abelian group or module, consider using `noncomm_ring`, `abel` or `module` instead.
warning: FewInflection/Dilation.lean:155:37: Variable name `ht` is not explicitly referenced.

Hint: The binding can be removed (if unused) or named `_` (if used implicitly). Alternatively, prefix the name with `_` to silence this warning:
  [apply] _ht

Note: This linter can be disabled with `set_option linter.unusedVariables false`
ℹ [3623/3669] Replayed FewInflection.AffineDilation
info: FewInflection/AffineDilation.lean:116:6: Try this:
  [apply] ring_nf
  
  The `ring` tactic failed to close the goal. Use `ring_nf` to obtain a normal form.
    
  Note that `ring` works primarily in *commutative* rings. If you have a noncommutative ring, abelian group or module, consider using `noncomm_ring`, `abel` or `module` instead.
info: FewInflection/AffineDilation.lean:126:2: Try this:
  [apply] ring_nf
  
  The `ring` tactic failed to close the goal. Use `ring_nf` to obtain a normal form.
    
  Note that `ring` works primarily in *commutative* rings. If you have a noncommutative ring, abelian group or module, consider using `noncomm_ring`, `abel` or `module` instead.
info: FewInflection/AffineDilation.lean:172:6: Try this:
  [apply] ring_nf
  
  The `ring` tactic failed to close the goal. Use `ring_nf` to obtain a normal form.
    
  Note that `ring` works primarily in *commutative* rings. If you have a noncommutative ring, abelian group or module, consider using `noncomm_ring`, `abel` or `module` instead.
⚠ [3629/3669] Replayed FewInflection.MeasureConvergence
warning: FewInflection/MeasureConvergence.lean:32:17: `Set.mem_setOf_eq` has been deprecated: Use `Set.mem_ofPred_eq` instead
warning: FewInflection/MeasureConvergence.lean:53:17: `Set.mem_setOf_eq` has been deprecated: Use `Set.mem_ofPred_eq` instead
warning: FewInflection/MeasureConvergence.lean:249:10: `ofReal_norm_eq_enorm` has been deprecated: Use `ofReal_norm` instead
⚠ [3631/3669] Replayed ModifiedCartan.TaylorWronskianGrowth
warning: ModifiedCartan/TaylorWronskianGrowth.lean:43:17: Variable name `hC` is not explicitly referenced.

Hint: The binding can be removed (if unused) or named `_` (if used implicitly). Alternatively, prefix the name with `_` to silence this warning:
  [apply] _hC

Note: This linter can be disabled with `set_option linter.unusedVariables false`
info: ModifiedCartan/TaylorWronskianGrowth.lean:124:0: 'ModifiedCartan.entire_taylorWronskian_posLog_bound' depends on axioms: [propext, Classical.choice, Quot.sound]
info: ModifiedCartan/TaylorWronskianGrowth.lean:125:0: 'ModifiedCartan.entire_wronskian_posLog_bound' depends on axioms: [propext, Classical.choice, Quot.sound]
ℹ [3632/3669] Replayed ModifiedCartan.EntireCountGrowth
info: ModifiedCartan/EntireCountGrowth.lean:44:0: 'ModifiedCartan.entire_zeroCount_power_bound' depends on axioms: [propext, Classical.choice, Quot.sound]
⚠ [3633/3669] Replayed ModifiedCartan.EntireTaylorJets
warning: ModifiedCartan/EntireTaylorJets.lean:23:4: `if_pos` has been deprecated: Use `ite_eq_left` instead
info: ModifiedCartan/EntireTaylorJets.lean:45:0: 'ModifiedCartan.entire_taylorPolynomial_wronskian_zero' depends on axioms: [propext, Classical.choice, Quot.sound]
ℹ [3634/3669] Replayed ModifiedCartan.WronskianReciprocalRoots
info: ModifiedCartan/WronskianReciprocalRoots.lean:66:0: 'ModifiedCartan.normalized_entire_system_reciprocal_roots' depends on axioms: [propext, Classical.choice, Quot.sound]
info: ModifiedCartan/WronskianReciprocalRoots.lean:67:0: 'ModifiedCartan.taylorWronskian_reciprocal_tail_uniform' depends on axioms: [propext, Classical.choice, Quot.sound]
ℹ [3635/3669] Replayed ModifiedCartan.LogCountingLimit
info: ModifiedCartan/LogCountingLimit.lean:71:0: 'ModifiedCartan.logCounting_tendsto_of_uniform_sphere' depends on axioms: [propext, Classical.choice, Quot.sound]
ℹ [3636/3669] Replayed ModifiedCartan.WronskianUniform
info: ModifiedCartan/WronskianUniform.lean:75:0: 'ModifiedCartan.taylorWronskian_tendstoLocallyUniformlyOn' depends on axioms: [propext, Classical.choice, Quot.sound]
ℹ [3637/3669] Replayed ModifiedCartan.ExceptionalRadii
info: ModifiedCartan/ExceptionalRadii.lean:61:0: 'ModifiedCartan.entire_ae_sphere_no_zero' depends on axioms: [propext, Classical.choice, Quot.sound]
info: ModifiedCartan/ExceptionalRadii.lean:62:0: 'ModifiedCartan.taylorWronskian_logCounting_ae_tendsto' depends on axioms: [propext, Classical.choice, Quot.sound]
ℹ [3638/3669] Replayed ModifiedCartan.GenusZeroZeros
info: ModifiedCartan/GenusZeroZeros.lean:57:0: 'ModifiedCartan.genusZeroProduct_eq_zero_iff' depends on axioms: [propext, Classical.choice, Quot.sound]
ℹ [3639/3669] Replayed ModifiedCartan.GenusZeroMultiplicity
info: ModifiedCartan/GenusZeroMultiplicity.lean:88:0: 'ModifiedCartan.genusZeroProduct_factor_fiber' depends on axioms: [propext, Classical.choice, Quot.sound]
info: ModifiedCartan/GenusZeroMultiplicity.lean:89:0: 'ModifiedCartan.genusZeroProduct_analyticOrderAt' depends on axioms: [propext, Classical.choice, Quot.sound]
⚠ [3640/3669] Replayed ModifiedCartan.CorrectedDivisorFactor
warning: ModifiedCartan/CorrectedDivisorFactor.lean:33:39: `if_neg` has been deprecated: Use `ite_eq_right` instead
warning: ModifiedCartan/CorrectedDivisorFactor.lean:54:41: `if_neg` has been deprecated: Use `ite_eq_right` instead
warning: ModifiedCartan/CorrectedDivisorFactor.lean:61:30: `if_neg` has been deprecated: Use `ite_eq_right` instead
info: ModifiedCartan/CorrectedDivisorFactor.lean:67:0: 'ModifiedCartan.correctedDivisorFactor_analyticOrderAt' depends on axioms: [propext, Classical.choice, Quot.sound]
info: ModifiedCartan/CorrectedDivisorFactor.lean:68:0: 'ModifiedCartan.correctedDivisorFactor_half_disk_bound' depends on axioms: [propext, Classical.choice, Quot.sound]
⚠ [3641/3669] Replayed ModifiedCartan.DivisorCopies
warning: ModifiedCartan/DivisorCopies.lean:20:2: Try this: 
  letI̵

The goal is a proposition, so `let` is preferred over `letI`.
The difference between `let` and `letI` is that `letI` inlines the value.
But this is not relevant for proofs because of proof irrelevance.

Note: This linter can be disabled with `set_option linter.style.haveILetI false`
info: ModifiedCartan/DivisorCopies.lean:64:0: 'ModifiedCartan.divisorCopies_countable' depends on axioms: [propext, Classical.choice, Quot.sound]
info: ModifiedCartan/DivisorCopies.lean:65:0: 'ModifiedCartan.divisorCopies_finite_in_closedBall' depends on axioms: [propext, Classical.choice, Quot.sound]
⚠ [3642/3669] Replayed ModifiedCartan.DivisorEntireProduct
warning: ModifiedCartan/DivisorEntireProduct.lean:10:0: Definition `ModifiedCartan.divisorCopiesEncoding` of class type is semireducible. Most type class instances should be instance-reducible, so consider marking this
definition with `@[instance_reducible]`. If it is intentionally semireducible, this warning can be disabled with `set_option warn.classDefReducibility false`.
info: ModifiedCartan/DivisorEntireProduct.lean:123:0: 'ModifiedCartan.divisorEntireProduct_differentiable' depends on axioms: [propext, Classical.choice, Quot.sound]
info: ModifiedCartan/DivisorEntireProduct.lean:124:0: 'ModifiedCartan.divisorEntireSubproduct_ne_zero' depends on axioms: [propext, Classical.choice, Quot.sound]
ℹ [3643/3669] Replayed ModifiedCartan.DivisorEntireMultiplicity
info: ModifiedCartan/DivisorEntireMultiplicity.lean:85:0: 'ModifiedCartan.divisorEntireProduct_analyticOrderAt' depends on axioms: [propext, Classical.choice, Quot.sound]
info: ModifiedCartan/DivisorEntireMultiplicity.lean:86:0: 'ModifiedCartan.exists_entire_with_nonnegative_divisor' depends on axioms: [propext, Classical.choice, Quot.sound]
ℹ [3645/3669] Replayed ModifiedCartan.GlobalMeromorphicPair
info: ModifiedCartan/GlobalMeromorphicPair.lean:101:0: 'ModifiedCartan.global_reduced_pair_of_finite_orders' depends on axioms: [propext, Classical.choice, Quot.sound]
info: ModifiedCartan/GlobalMeromorphicPair.lean:102:0: 'ModifiedCartan.global_reduced_pair_of_meromorphic' depends on axioms: [propext, Classical.choice, Quot.sound]
ℹ [3646/3669] Replayed ModifiedCartan.StrongGrowthIndices
info: ModifiedCartan/StrongGrowthIndices.lean:99:0: 'ModifiedCartan.strongUpperIndex_uniform_upper' depends on axioms: [propext, Classical.choice, Quot.sound]
info: ModifiedCartan/StrongGrowthIndices.lean:100:0: 'ModifiedCartan.strongLowerIndex_uniform_lower' depends on axioms: [propext, Classical.choice, Quot.sound]
ℹ [3647/3669] Replayed ModifiedCartan.OrdinaryGrowthOrders
info: ModifiedCartan/OrdinaryGrowthOrders.lean:69:0: 'ModifiedCartan.upperGrowthOrder_le_of_log_upper' depends on axioms: [propext, Classical.choice, Quot.sound]
info: ModifiedCartan/OrdinaryGrowthOrders.lean:70:0: 'ModifiedCartan.le_lowerGrowthOrder_of_log_lower' depends on axioms: [propext, Classical.choice, Quot.sound]
ℹ [3648/3669] Replayed ModifiedCartan.ScalarDefinitions
info: ModifiedCartan/ScalarDefinitions.lean:70:0: 'ModifiedCartan.scalarTranscendental_finite_orders' depends on axioms: [propext, Classical.choice, Quot.sound]
⚠ [3649/3669] Replayed ModifiedCartan.ScalarCurveLift
warning: ModifiedCartan/ScalarCurveLift.lean:86:4: `push_neg` has been deprecated. Prefer using `push Not` instead.
If you'd rather continue using `push_neg` in your project, you can implement it as follows:
```
open Lean.Parser.Tactic in
macro "push_neg" cfg:optConfig loc:(location)? : tactic =>
  `(tactic| push $cfg:optConfig Not $[$loc]?)
```
info: ModifiedCartan/ScalarCurveLift.lean:95:0: 'ModifiedCartan.exists_scalar_curve_lift' depends on axioms: [propext, Classical.choice, Quot.sound]
⚠ [3650/3669] Replayed FewInflection.Gauge
warning: FewInflection/Gauge.lean:52:4: `push_neg` has been deprecated. Prefer using `push Not` instead.
If you'd rather continue using `push_neg` in your project, you can implement it as follows:
```
open Lean.Parser.Tactic in
macro "push_neg" cfg:optConfig loc:(location)? : tactic =>
  `(tactic| push $cfg:optConfig Not $[$loc]?)
```
warning: FewInflection/Gauge.lean:93:38: This simp argument is unused:
  Finset.sum_mul

Hint: Omit it from the simp argument list.
  [apply] simp [matrixGauge, smul_eq_mul, Finset.mul_sum, mul_comm, mul_left_comm, mul_assoc] at hz

Note: This linter can be disabled with `set_option linter.unusedSimpArgs false`
warning: FewInflection/Gauge.lean:94:33: This simp argument is unused:
  mul_assoc

Hint: Omit it from the simp argument list.
  [apply] simp [matrixGauge, smul_eq_mul, Finset.sum_mul, Finset.mul_sum, mul_comm, mul_left_comm] at hz

Note: This linter can be disabled with `set_option linter.unusedSimpArgs false`
⚠ [3651/3669] Replayed FewInflection.ScalarWronskian
warning: FewInflection/ScalarWronskian.lean:33:8: `if_pos` has been deprecated: Use `ite_eq_left` instead
⚠ [3652/3669] Replayed FewInflection.CanonicalLocalGauge
warning: FewInflection/CanonicalLocalGauge.lean:88:2: Try this: 
  letI̵

The goal is a proposition, so `let` is preferred over `letI`.
The difference between `let` and `letI` is that `letI` inlines the value.
But this is not relevant for proofs because of proof irrelevance.

Note: This linter can be disabled with `set_option linter.style.haveILetI false`
ℹ [3659/3669] Replayed ModifiedCartan.InversePullbackBound
info: ModifiedCartan/InversePullbackBound.lean:53:0: 'ModifiedCartan.eLpNorm_one_comp_le_of_inverse' depends on axioms: [propext, Classical.choice, Quot.sound]
ℹ [3660/3669] Replayed ModifiedCartan.InversePullbackConvergence
info: ModifiedCartan/InversePullbackConvergence.lean:80:0: 'ModifiedCartan.LocalLpConvergence.comp_inverse' depends on axioms: [propext, Classical.choice, Quot.sound]
⚠ [3661/3669] Replayed ModifiedCartan.InversePullbackAE
warning: ModifiedCartan/InversePullbackAE.lean:19:16: `_root_.not_imp` has been deprecated: Use `Classical.not_imp` instead
warning: ModifiedCartan/InversePullbackAE.lean:31:28: `_root_.not_imp` has been deprecated: Use `Classical.not_imp` instead
info: ModifiedCartan/InversePullbackAE.lean:60:0: 'ModifiedCartan.ae_comp_of_differentiable_inverse' depends on axioms: [propext, Classical.choice, Quot.sound]
info: ModifiedCartan/InversePullbackAE.lean:61:0: 'ModifiedCartan.LocalLpConvergence.continuousOn_mul' depends on axioms: [propext, Classical.choice, Quot.sound]
ℹ [3663/3669] Replayed ModifiedCartan.LogAreaJensen
info: ModifiedCartan/LogAreaJensen.lean:110:0: 'ModifiedCartan.integral_norm_log_ball_le_of_log_upper' depends on axioms: [propext, Classical.choice, Quot.sound]
ℹ [3665/3782] Replayed ModifiedCartan.ScalarRamificationBridge
info: ModifiedCartan/ScalarRamificationBridge.lean:100:0: 'ModifiedCartan.scalarCriticalDivisor_eq_wronskian' depends on axioms: [propext, Classical.choice, Quot.sound]
info: ModifiedCartan/ScalarRamificationBridge.lean:101:0: 'ModifiedCartan.scalarRamification_eq_curve' depends on axioms: [propext, Classical.choice, Quot.sound]
ℹ [3666/3782] Replayed ModifiedCartan.ScalarSphereProjection
info: ModifiedCartan/ScalarSphereProjection.lean:127:0: 'ModifiedCartan.scalarSphereProjection_path_bound' depends on axioms: [propext, Classical.choice, Quot.sound]
ℹ [3667/3782] Replayed ModifiedCartan.ScalarSphereValues
info: ModifiedCartan/ScalarSphereValues.lean:156:0: 'ModifiedCartan.scalarSphereImage_eq_range' depends on axioms: [propext, Classical.choice, Quot.sound]
info: ModifiedCartan/ScalarSphereValues.lean:157:0: 'ModifiedCartan.scalarSphereValue_injective' depends on axioms: [propext, Classical.choice, Quot.sound]
info: ModifiedCartan/ScalarSphereValues.lean:158:0: 'ModifiedCartan.scalarSphereValue_tendsto_subseq' depends on axioms: [propext, Classical.choice, Quot.sound]
⚠ [3738/3782] Replayed ModifiedCartan.SobolevLocality
warning: ModifiedCartan/SobolevLocality.lean:46:6: `dif_pos` has been deprecated: Use `dite_eq_left` instead
warning: ModifiedCartan/SobolevLocality.lean:105:2: Try this: 
  letI̵

The goal is a proposition, so `let` is preferred over `letI`.
The difference between `let` and `letI` is that `letI` inlines the value.
But this is not relevant for proofs because of proof irrelevance.

Note: This linter can be disabled with `set_option linter.style.haveILetI false`
⚠ [3761/3986] Replayed ModifiedCartan.LocalLogHypotheses
warning: ModifiedCartan/LocalLogHypotheses.lean:19:2: `push_neg` has been deprecated. Prefer using `push Not` instead.
If you'd rather continue using `push_neg` in your project, you can implement it as follows:
```
open Lean.Parser.Tactic in
macro "push_neg" cfg:optConfig loc:(location)? : tactic =>
  `(tactic| push $cfg:optConfig Not $[$loc]?)
```
⚠ [3784/3986] Replayed ModifiedCartan.LogDerivativeLimit
warning: ModifiedCartan/LogDerivativeLimit.lean:59:57: `if_pos` has been deprecated: Use `ite_eq_left` instead
warning: ModifiedCartan/LogDerivativeLimit.lean:62:36: `if_false` has been deprecated: Use `ite_false` instead
ℹ [3797/3986] Replayed ModifiedCartan.FiniteSubsequenceExtraction
info: ModifiedCartan/FiniteSubsequenceExtraction.lean:36:0: 'ModifiedCartan.finite_subsequence_extraction' depends on axioms: [propext, Quot.sound]
⚠ [3798/3986] Replayed ModifiedCartan.MeasureLimitTransfer
warning: ModifiedCartan/MeasureLimitTransfer.lean:25:24: `Set.mem_setOf_eq` has been deprecated: Use `Set.mem_ofPred_eq` instead
info: ModifiedCartan/MeasureLimitTransfer.lean:28:65: Try this:
  [apply] abel_nf
warning: ModifiedCartan/MeasureLimitTransfer.lean:28:61: Used `tac1 <;> tac2` where `(tac1; tac2)` would suffice

Note: This linter can be disabled with `set_option linter.unnecessarySeqFocus false`
info: ModifiedCartan/MeasureLimitTransfer.lean:116:0: 'ModifiedCartan.tendstoInMeasure_add' depends on axioms: [propext, Classical.choice, Quot.sound]
info: ModifiedCartan/MeasureLimitTransfer.lean:117:0: 'ModifiedCartan.uniformlyOn_localMeasureConvergence' depends on axioms: [propext, Classical.choice, Quot.sound]
ℹ [3799/3986] Replayed ModifiedCartan.LocalMeasureUniqueness
info: ModifiedCartan/LocalMeasureUniqueness.lean:27:0: 'ModifiedCartan.LocalMeasureConvergence.ae_unique' depends on axioms: [propext, Classical.choice, Quot.sound]
ℹ [3800/3986] Replayed ModifiedCartan.WeakGradientZeroTests
info: ModifiedCartan/WeakGradientZeroTests.lean:61:0: 'ModifiedCartan.HasWeakComplexGradient.integral_mul_fderiv_zero' depends on axioms: [propext,
 Classical.choice,
 Quot.sound]
ℹ [3801/3986] Replayed ModifiedCartan.WeakGradientDirectional
info: ModifiedCartan/WeakGradientDirectional.lean:51:0: 'ModifiedCartan.HasWeakComplexGradient.integral_mul_fderiv' depends on axioms: [propext, Classical.choice, Quot.sound]
ℹ [3802/3986] Replayed ModifiedCartan.WeakGradientConvolution
info: ModifiedCartan/WeakGradientConvolution.lean:47:0: 'ModifiedCartan.HasWeakComplexGradient.fderiv_convolution_apply' depends on axioms: [propext,
 Classical.choice,
 Quot.sound]
ℹ [3803/3986] Replayed ModifiedCartan.WeakGradientSmoothBound
info: ModifiedCartan/WeakGradientSmoothBound.lean:56:0: 'ModifiedCartan.HasWeakComplexGradient.norm_fderiv_convolution_le' depends on axioms: [propext,
 Classical.choice,
 Quot.sound]
ℹ [3804/3986] Replayed ModifiedCartan.WeakGradientSmoothing
info: ModifiedCartan/WeakGradientSmoothing.lean:47:0: 'ModifiedCartan.HasWeakComplexGradient.fderiv_convolution_eq_zero' depends on axioms: [propext,
 Classical.choice,
 Quot.sound]
ℹ [3805/3986] Replayed ModifiedCartan.WeakZeroCutoff
info: ModifiedCartan/WeakZeroCutoff.lean:52:0: 'ModifiedCartan.weak_zero_smooth_constant' depends on axioms: [propext, Classical.choice, Quot.sound]
ℹ [3808/3986] Replayed ModifiedCartan.WeakGradientConstancy
info: ModifiedCartan/WeakGradientConstancy.lean:70:0: 'ModifiedCartan.HasWeakComplexGradient.exists_ae_const_of_gradient_ae_zero' depends on axioms: [propext,
 Classical.choice,
 Quot.sound]
ℹ [3809/3986] Replayed ModifiedCartan.WeakGradientLipschitz
info: ModifiedCartan/WeakGradientLipschitz.lean:73:0: 'ModifiedCartan.HasWeakComplexGradient.exists_lipschitz_rep_on_ball' depends on axioms: [propext,
 Classical.choice,
 Quot.sound]
ℹ [3810/3986] Replayed ModifiedCartan.WeakGradientLocalConstancy
info: ModifiedCartan/WeakGradientLocalConstancy.lean:44:0: 'ModifiedCartan.HasWeakComplexGradient.exists_const_of_ae_zero' depends on axioms: [propext,
 Classical.choice,
 Quot.sound]
ℹ [3812/3986] Replayed ModifiedCartan.SecondOrderTaylor
info: ModifiedCartan/SecondOrderTaylor.lean:23:0: 'ModifiedCartan.second_order_integral_taylor' depends on axioms: [propext, Classical.choice, Quot.sound]
⚠ [3813/3986] Replayed ModifiedCartan.QuadraticTrace
warning: ModifiedCartan/QuadraticTrace.lean:16:36: `ContinuousLinearMap.add_apply` has been deprecated: Use `add_apply` instead

Note: The updated constant is in a different namespace. Dot notation may need to be changed (e.g., from `x.add_apply` to `add_apply x`).
warning: ModifiedCartan/QuadraticTrace.lean:17:8: `ContinuousLinearMap.smul_apply` has been deprecated: Use `smul_apply` instead

Note: The updated constant is in a different namespace. Dot notation may need to be changed (e.g., from `x.smul_apply` to `smul_apply x`).
info: ModifiedCartan/QuadraticTrace.lean:68:0: 'ModifiedCartan.second_derivative_quarter_turn' depends on axioms: [propext, Classical.choice, Quot.sound]
⚠ [3814/3986] Replayed ModifiedCartan.SecondOrderTaylorBound
warning: ModifiedCartan/SecondOrderTaylorBound.lean:34:15: `ContinuousLinearMap.sub_apply` has been deprecated: Use `sub_apply` instead

Note: The updated constant is in a different namespace. Dot notation may need to be changed (e.g., from `x.sub_apply` to `sub_apply x`).
warning: ModifiedCartan/SecondOrderTaylorBound.lean:89:16: `ContinuousLinearMap.sub_apply` has been deprecated: Use `sub_apply` instead

Note: The updated constant is in a different namespace. Dot notation may need to be changed (e.g., from `x.sub_apply` to `sub_apply x`).
info: ModifiedCartan/SecondOrderTaylorBound.lean:94:0: 'ModifiedCartan.exists_second_order_taylor_error_bound' depends on axioms: [propext, Classical.choice, Quot.sound]
⚠ [3815/3986] Replayed ModifiedCartan.QuarterMeanBound
warning: ModifiedCartan/QuarterMeanBound.lean:30:22: `ContinuousLinearMap.neg_apply` has been deprecated: Use `neg_apply` instead

Note: The updated constant is in a different namespace. Dot notation may need to be changed (e.g., from `x.neg_apply` to `neg_apply x`).
info: ModifiedCartan/QuarterMeanBound.lean:37:0: 'ModifiedCartan.exists_quarter_mean_upper_bound' depends on axioms: [propext, Classical.choice, Quot.sound]
ℹ [3816/3986] Replayed ModifiedCartan.WeakGradientHalfPlane
info: ModifiedCartan/WeakGradientHalfPlane.lean:44:0: 'ModifiedCartan.HasWeakComplexGradient.fderiv_convolution_apply_le' depends on axioms: [propext,
 Classical.choice,
 Quot.sound]
ℹ [3817/3986] Replayed ModifiedCartan.WeakGradientSmoothConvergence
info: ModifiedCartan/WeakGradientSmoothConvergence.lean:83:0: 'ModifiedCartan.HasWeakComplexGradient.ae_classicalGradient_smoothing_tendsto' depends on axioms: [propext,
 Classical.choice,
 Quot.sound]
ℹ [3818/3986] Replayed ModifiedCartan.ClassicalGradientLaplacian
info: ModifiedCartan/ClassicalGradientLaplacian.lean:46:0: 'ModifiedCartan.classicalComplexGradient_bar_derivative' depends on axioms: [propext, Classical.choice, Quot.sound]
ℹ [3819/3986] Replayed ModifiedCartan.RegularizedComplexLog
info: ModifiedCartan/RegularizedComplexLog.lean:56:0: 'ModifiedCartan.regularized_clog_bar_derivative_nonpos' depends on axioms: [propext, Classical.choice, Quot.sound]
ℹ [3820/3986] Replayed ModifiedCartan.RegularizedLogBounds
info: ModifiedCartan/RegularizedLogBounds.lean:77:0: 'ModifiedCartan.integral_regularized_clog_tendsto' depends on axioms: [propext, Classical.choice, Quot.sound]
ℹ [3821/3986] Replayed ModifiedCartan.RegularizedLogTest
info: ModifiedCartan/RegularizedLogTest.lean:75:0: 'ModifiedCartan.regularized_clog_gradient_test_inequality' depends on axioms: [propext, Classical.choice, Quot.sound]
ℹ [3822/3986] Replayed ModifiedCartan.DirectionalComplexLog
info: ModifiedCartan/DirectionalComplexLog.lean:69:0: 'ModifiedCartan.directional_regularized_clog_nonpos' depends on axioms: [propext, Classical.choice, Quot.sound]
⚠ [3823/3986] Replayed ModifiedCartan.PhaseLogLimit
warning: ModifiedCartan/PhaseLogLimit.lean:46:41: `if_pos` has been deprecated: Use `ite_eq_left` instead
warning: ModifiedCartan/PhaseLogLimit.lean:48:8: `if_neg` has been deprecated: Use `ite_eq_right` instead
warning: ModifiedCartan/PhaseLogLimit.lean:46:41: This simp argument is unused:
  if_pos rfl

Hint: Omit it from the simp argument list.
  [apply] simp only [hz0, phaseLogApprox_zero]

Note: This linter can be disabled with `set_option linter.unusedSimpArgs false`
info: ModifiedCartan/PhaseLogLimit.lean:92:0: 'ModifiedCartan.phaseLogApprox_tendsto' depends on axioms: [propext, Classical.choice, Quot.sound]
info: ModifiedCartan/PhaseLogLimit.lean:93:0: 'ModifiedCartan.norm_phaseLogApprox_le' depends on axioms: [propext, Classical.choice, Quot.sound]
ℹ [3824/3986] Replayed ModifiedCartan.DirectionalTestSmoothing
info: ModifiedCartan/DirectionalTestSmoothing.lean:67:0: 'ModifiedCartan.convolution_le_along_line_of_tests' depends on axioms: [propext, Classical.choice, Quot.sound]
⚠ [3825/3986] Replayed ModifiedCartan.PhaseIndicator
warning: ModifiedCartan/PhaseIndicator.lean:26:2: Try this: 
  letI̵

The goal is a proposition, so `let` is preferred over `letI`.
The difference between `let` and `letI` is that `letI` inlines the value.
But this is not relevant for proofs because of proof irrelevance.

Note: This linter can be disabled with `set_option linter.style.haveILetI false`
info: ModifiedCartan/PhaseIndicator.lean:57:0: 'ModifiedCartan.integrable_phaseCutoff' depends on axioms: [propext, Classical.choice, Quot.sound]
⚠ [3826/3986] Replayed ModifiedCartan.StrictPhaseCone
warning: ModifiedCartan/StrictPhaseCone.lean:16:32: `Set.mem_setOf_eq` has been deprecated: Use `Set.mem_ofPred_eq` instead
warning: ModifiedCartan/StrictPhaseCone.lean:21:61: `Set.setOf_true` has been deprecated: Use `Set.ofPred_true` instead
info: ModifiedCartan/StrictPhaseCone.lean:59:0: 'ModifiedCartan.convex_strictPhaseCone' depends on axioms: [propext, Classical.choice, Quot.sound]
⚠ [3827/3986] Replayed ModifiedCartan.GenericPhaseDirections
warning: ModifiedCartan/GenericPhaseDirections.lean:22:4: Try `simp at hm` instead of `simpa using hm`

Note: This linter can be disabled with `set_option linter.unnecessarySimpa false`
warning: ModifiedCartan/GenericPhaseDirections.lean:33:42: `Set.mem_setOf_eq` has been deprecated: Use `Set.mem_ofPred_eq` instead
warning: ModifiedCartan/GenericPhaseDirections.lean:40:65: `Set.setOf_true` has been deprecated: Use `Set.ofPred_true` instead
warning: ModifiedCartan/GenericPhaseDirections.lean:46:65: `Set.setOf_true` has been deprecated: Use `Set.ofPred_true` instead
warning: ModifiedCartan/GenericPhaseDirections.lean:34:6: This simp argument is unused:
  Finset.mem_product

Hint: Omit it from the simp argument list.
  [apply] simp only [genericPhaseDirections, D, mem_setOf_eq, mem_iInter, Finset.mem_coe, Prod.forall, and_imp]

Note: This linter can be disabled with `set_option linter.unusedSimpArgs false`
warning: ModifiedCartan/GenericPhaseDirections.lean:34:39: This simp argument is unused:
  and_imp

Hint: Omit it from the simp argument list.
  [apply] simp only [genericPhaseDirections, D, mem_setOf_eq, mem_iInter, Finset.mem_coe, Finset.mem_product,
    Prod.forall]

Note: This linter can be disabled with `set_option linter.unusedSimpArgs false`
info: ModifiedCartan/GenericPhaseDirections.lean:64:0: 'ModifiedCartan.dense_genericPhaseDirections' depends on axioms: [propext, Classical.choice, Quot.sound]
⚠ [3828/3986] Replayed ModifiedCartan.PhaseAffineMax
warning: ModifiedCartan/PhaseAffineMax.lean:15:39: Variable name `a` is not explicitly referenced.

Hint: The binding can be removed (if unused) or named `_` (if used implicitly). Alternatively, prefix the name with `_` to silence this warning:
  [apply] _a

Note: This linter can be disabled with `set_option linter.unusedVariables false`
info: ModifiedCartan/PhaseAffineMax.lean:47:0: 'ModifiedCartan.convexOn_phaseAffineMax' depends on axioms: [propext, Classical.choice, Quot.sound]
ℹ [3829/3986] Replayed ModifiedCartan.GrowthMultiplierBounds
info: ModifiedCartan/GrowthMultiplierBounds.lean:69:0: 'ModifiedCartan.extend_growth_upper_to_one' depends on axioms: [propext, Classical.choice, Quot.sound]
info: ModifiedCartan/GrowthMultiplierBounds.lean:70:0: 'ModifiedCartan.extend_growth_lower_to_one' depends on axioms: [propext, Classical.choice, Quot.sound]
ℹ [3830/3986] Replayed ModifiedCartan.GrowthPowerSymmetry
info: ModifiedCartan/GrowthPowerSymmetry.lean:64:0: 'ModifiedCartan.symmetric_growth_power_bounds_of_ge_one' depends on axioms: [propext, Classical.choice, Quot.sound]
ℹ [3831/3986] Replayed ModifiedCartan.UniformPowerBounds
info: ModifiedCartan/UniformPowerBounds.lean:53:0: 'ModifiedCartan.Paper.lem_power_bounds' depends on axioms: [propext, Classical.choice, Quot.sound]
ℹ [3832/3986] Replayed ModifiedCartan.ZeroJensenLowerBound
info: ModifiedCartan/ZeroJensenLowerBound.lean:49:0: 'ModifiedCartan.scalar_logarithmic_circle_lower_bound' depends on axioms: [propext, Classical.choice, Quot.sound]
⚠ [3834/3986] Replayed ModifiedCartan.ScalarCurveBounds
warning: ModifiedCartan/ScalarCurveBounds.lean:28:22: `if_false` has been deprecated: Use `ite_false` instead
warning: ModifiedCartan/ScalarCurveBounds.lean:37:24: `if_true` has been deprecated: Use `ite_true` instead
warning: ModifiedCartan/ScalarCurveBounds.lean:38:25: `if_false` has been deprecated: Use `ite_false` instead
info: ModifiedCartan/ScalarCurveBounds.lean:97:0: 'ModifiedCartan.scalar_circle_log_le_curve_mean' depends on axioms: [propext, Classical.choice, Quot.sound]
info: ModifiedCartan/ScalarCurveBounds.lean:98:0: 'ModifiedCartan.exists_scalar_zero_of_transcendental' depends on axioms: [propext, Classical.choice, Quot.sound]
ℹ [3835/3986] Replayed ModifiedCartan.NeighborGrowth
info: ModifiedCartan/NeighborGrowth.lean:57:0: 'ModifiedCartan.neighbor_growth_dichotomy' depends on axioms: [propext, Classical.choice, Quot.sound]
ℹ [3836/3986] Replayed ModifiedCartan.TiltedIntervalSup
info: ModifiedCartan/TiltedIntervalSup.lean:77:0: 'ModifiedCartan.tiltedIntervalSup_neighbor_gap' depends on axioms: [propext, Classical.choice, Quot.sound]
ℹ [3837/3986] Replayed ModifiedCartan.TiltedBlockGrowth
info: ModifiedCartan/TiltedBlockGrowth.lean:133:0: 'ModifiedCartan.tiltedBlockSup_growth_slope' depends on axioms: [propext, Classical.choice, Quot.sound]
info: ModifiedCartan/TiltedBlockGrowth.lean:134:0: 'ModifiedCartan.tiltedBlockSup_decay_slope' depends on axioms: [propext, Classical.choice, Quot.sound]
ℹ [3838/3986] Replayed ModifiedCartan.StrongIndexPowerBounds
info: ModifiedCartan/StrongIndexPowerBounds.lean:80:0: 'ModifiedCartan.strongUpperIndex_le_of_uniform_upper' depends on axioms: [propext, Classical.choice, Quot.sound]
info: ModifiedCartan/StrongIndexPowerBounds.lean:81:0: 'ModifiedCartan.le_strongLowerIndex_of_uniform_lower' depends on axioms: [propext, Classical.choice, Quot.sound]
ℹ [3839/3986] Replayed ModifiedCartan.LogGrowthProfile
info: ModifiedCartan/LogGrowthProfile.lean:75:0: 'ModifiedCartan.strongUpperIndex_le_of_log_slope' depends on axioms: [propext, Classical.choice, Quot.sound]
info: ModifiedCartan/LogGrowthProfile.lean:76:0: 'ModifiedCartan.le_strongLowerIndex_of_log_slope' depends on axioms: [propext, Classical.choice, Quot.sound]
ℹ [3840/3986] Replayed ModifiedCartan.ApproximateGrowthPeaks
info: ModifiedCartan/ApproximateGrowthPeaks.lean:52:0: 'ModifiedCartan.exists_logarithmic_growth_peak' depends on axioms: [propext, Classical.choice, Quot.sound]
ℹ [3841/3986] Replayed ModifiedCartan.MultiplicativePeak
info: ModifiedCartan/MultiplicativePeak.lean:60:0: 'ModifiedCartan.multiplicative_peak_of_logarithmic_peak' depends on axioms: [propext, Classical.choice, Quot.sound]
info: ModifiedCartan/MultiplicativePeak.lean:61:0: 'ModifiedCartan.polyaPeakEpsilon_tendsto' depends on axioms: [propext, Classical.choice, Quot.sound]
ℹ [3843/3986] Replayed ModifiedCartan.HarmonicBounds
info: ModifiedCartan/HarmonicBounds.lean:85:0: 'ModifiedCartan.harmonic_harnack_48_32' depends on axioms: [propext, Classical.choice, Quot.sound]
info: ModifiedCartan/HarmonicBounds.lean:86:0: 'ModifiedCartan.norm_canonicalFactor_ge_one' depends on axioms: [propext, Classical.choice, Quot.sound]
ℹ [3845/3986] Replayed ModifiedCartan.PoissonMajorant
info: ModifiedCartan/PoissonMajorant.lean:128:0: 'ModifiedCartan.log_norm_le_poisson_log_majorant' depends on axioms: [propext, Classical.choice, Quot.sound]
ℹ [3847/3986] Replayed ModifiedCartan.RescaledGauge
info: ModifiedCartan/RescaledGauge.lean:158:0: 'ModifiedCartan.Paper.eq_localgauge' depends on axioms: [propext, Classical.choice, Quot.sound]
info: ModifiedCartan/RescaledGauge.lean:159:0: 'ModifiedCartan.Paper.eq_canonical_coefficient_identification' depends on axioms: [propext,
 Classical.choice,
 Quot.sound]
info: ModifiedCartan/RescaledGauge.lean:160:0: 'ModifiedCartan.Paper.eq_meanidentity' depends on axioms: [propext, Classical.choice, Quot.sound]
ℹ [3848/3986] Replayed ModifiedCartan.HerglotzNormalization
info: ModifiedCartan/HerglotzNormalization.lean:76:0: 'ModifiedCartan.rescaledHerglotz_normalization_norm_le_one' depends on axioms: [propext, Classical.choice, Quot.sound]
⚠ [3849/3986] Replayed ModifiedCartan.UniformPowerLogBounds
warning: ModifiedCartan/UniformPowerLogBounds.lean:11:18: Variable name `hX` is not explicitly referenced.

Hint: The binding can be removed (if unused) or named `_` (if used implicitly). Alternatively, prefix the name with `_` to silence this warning:
  [apply] _hX

Note: This linter can be disabled with `set_option linter.unusedVariables false`
warning: ModifiedCartan/UniformPowerLogBounds.lean:31:18: Variable name `hX` is not explicitly referenced.

Hint: The binding can be removed (if unused) or named `_` (if used implicitly). Alternatively, prefix the name with `_` to silence this warning:
  [apply] _hX

Note: This linter can be disabled with `set_option linter.unusedVariables false`
info: ModifiedCartan/UniformPowerLogBounds.lean:65:0: 'ModifiedCartan.log_upper_of_uniform_power_upper' depends on axioms: [propext, Classical.choice, Quot.sound]
info: ModifiedCartan/UniformPowerLogBounds.lean:66:0: 'ModifiedCartan.log_lower_of_uniform_power_lower' depends on axioms: [propext, Classical.choice, Quot.sound]
info: ModifiedCartan/UniformPowerLogBounds.lean:67:0: 'ModifiedCartan.strongLowerIndex_nonneg' depends on axioms: [propext, Classical.choice, Quot.sound]
ℹ [3850/3986] Replayed ModifiedCartan.IndexOrderBounds
info: ModifiedCartan/IndexOrderBounds.lean:40:0: 'ModifiedCartan.strong_index_order_bounds' depends on axioms: [propext, Classical.choice, Quot.sound]
ℹ [3851/3986] Replayed ModifiedCartan.PeakRescaling
info: ModifiedCartan/PeakRescaling.lean:34:0: 'ModifiedCartan.peak_rescaling_relation' depends on axioms: [propext, Classical.choice, Quot.sound]
ℹ [3852/3986] Replayed ModifiedCartan.ArbitraryScaleWeight
info: ModifiedCartan/ArbitraryScaleWeight.lean:48:0: 'ModifiedCartan.arbitraryScaleWeight_mul_le' depends on axioms: [propext, Classical.choice, Quot.sound]
info: ModifiedCartan/ArbitraryScaleWeight.lean:49:0: 'ModifiedCartan.arbitrary_rescaling_relation' depends on axioms: [propext, Classical.choice, Quot.sound]
ℹ [3853/3986] Replayed ModifiedCartan.IsometryVectorTransport
info: ModifiedCartan/IsometryVectorTransport.lean:47:0: 'ModifiedCartan.exists_linearIsometry_map_of_norm_eq' depends on axioms: [propext, Classical.choice, Quot.sound]
ℹ [3854/3986] Replayed ModifiedCartan.EuclideanCoordinateNormalization
info: ModifiedCartan/EuclideanCoordinateNormalization.lean:84:0: 'ModifiedCartan.exists_euclidean_matrix_nonzero_coordinates' depends on axioms: [propext, Classical.choice, Quot.sound]
⚠ [3855/3986] Replayed FewInflection.GaugeTranscendental
warning: FewInflection/GaugeTranscendental.lean:28:31: `Polynomial.eval_finset_sum` has been deprecated: Use `Polynomial.eval_finsetSum` instead
⚠ [3856/3986] Replayed FewInflection.ScalarGauge
warning: FewInflection/ScalarGauge.lean:120:43: This simp argument is unused:
  mul_comm

Hint: Omit it from the simp argument list.
  [apply] simp [smul_eq_mul, Finset.mul_sum, mul_left_comm, mul_assoc]

Note: This linter can be disabled with `set_option linter.unusedSimpArgs false`
warning: FewInflection/ScalarGauge.lean:120:68: This simp argument is unused:
  mul_assoc

Hint: Omit it from the simp argument list.
  [apply] simp [smul_eq_mul, Finset.mul_sum, mul_comm, mul_left_comm]

Note: This linter can be disabled with `set_option linter.unusedSimpArgs false`
warning: FewInflection/ScalarGauge.lean:139:43: This simp argument is unused:
  mul_comm

Hint: Omit it from the simp argument list.
  [apply] simp [smul_eq_mul, Finset.mul_sum, mul_left_comm, mul_assoc]

Note: This linter can be disabled with `set_option linter.unusedSimpArgs false`
warning: FewInflection/ScalarGauge.lean:139:68: This simp argument is unused:
  mul_assoc

Hint: Omit it from the simp argument list.
  [apply] simp [smul_eq_mul, Finset.mul_sum, mul_comm, mul_left_comm]

Note: This linter can be disabled with `set_option linter.unusedSimpArgs false`
ℹ [3859/3986] Replayed ModifiedCartan.BoundedWronskian
info: ModifiedCartan/BoundedWronskian.lean:55:0: 'ModifiedCartan.norm_wronskian_le_of_unit_bound' depends on axioms: [propext, Classical.choice, Quot.sound]
ℹ [3863/3986] Replayed ModifiedCartan.PolynomialODEKernelBound
info: ModifiedCartan/PolynomialODEKernelBound.lean:71:0: 'ModifiedCartan.polynomialDifferential_subspace_finrank_le' depends on axioms: [propext, Classical.choice, Quot.sound]
ℹ [3866/4009] Replayed ModifiedCartan.AnalyticLogDiskMean
info: ModifiedCartan/AnalyticLogDiskMean.lean:92:0: 'ModifiedCartan.analytic_log_le_disk_mean' depends on axioms: [propext, Classical.choice, Quot.sound]
ℹ [3868/4009] Replayed ModifiedCartan.AnalyticLogSubharmonic
info: ModifiedCartan/AnalyticLogSubharmonic.lean:47:0: 'ModifiedCartan.normalizedExtendedLog_isSubharmonicOn' depends on axioms: [propext, Classical.choice, Quot.sound]
⚠ [3871/4009] Replayed ModifiedCartan.SubharmonicLocalIntegrability
warning: ModifiedCartan/SubharmonicLocalIntegrability.lean:56:2: Try this: 
  letI̵

The goal is a proposition, so `let` is preferred over `letI`.
The difference between `let` and `letI` is that `letI` inlines the value.
But this is not relevant for proofs because of proof irrelevance.

Note: This linter can be disabled with `set_option linter.style.haveILetI false`
ℹ [3899/4009] Replayed ModifiedCartan.NormalizedLogCompactness
info: ModifiedCartan/NormalizedLogCompactness.lean:51:0: 'ModifiedCartan.exists_normalized_log_subsequence' depends on axioms: [propext, Classical.choice, Quot.sound]
ℹ [3900/4009] Replayed ModifiedCartan.WeakGradientAffine
info: ModifiedCartan/WeakGradientAffine.lean:41:0: 'ModifiedCartan.HasWeakComplexGradient.affine_difference_of_ae_const' depends on axioms: [propext,
 Classical.choice,
 Quot.sound]
ℹ [3901/4009] Replayed ModifiedCartan.DiskIsometry
info: ModifiedCartan/DiskIsometry.lean:37:0: 'ModifiedCartan.integral_ball_affine_isometry' depends on axioms: [propext, Classical.choice, Quot.sound]
ℹ [3902/4009] Replayed ModifiedCartan.DiskConvolutionFubini
info: ModifiedCartan/DiskConvolutionFubini.lean:57:0: 'ModifiedCartan.integral_ball_convolution' depends on axioms: [propext, Classical.choice, Quot.sound]
ℹ [3903/4009] Replayed ModifiedCartan.QuarterDiskIntegral
info: ModifiedCartan/QuarterDiskIntegral.lean:59:0: 'ModifiedCartan.integral_quarter_difference' depends on axioms: [propext, Classical.choice, Quot.sound]
ℹ [3904/4009] Replayed ModifiedCartan.SmoothSubharmonicLaplacian
info: ModifiedCartan/SmoothSubharmonicLaplacian.lean:53:0: 'ModifiedCartan.IsSubharmonicOn.laplacian_nonneg_of_contDiff' depends on axioms: [propext, Classical.choice, Quot.sound]
ℹ [3905/4009] Replayed ModifiedCartan.SubharmonicConvolution
info: ModifiedCartan/SubharmonicConvolution.lean:62:0: 'ModifiedCartan.IsSubharmonicOn.convolution' depends on axioms: [propext, Classical.choice, Quot.sound]
info: ModifiedCartan/SubharmonicConvolution.lean:63:0: 'ModifiedCartan.IsSubharmonicOn.laplacian_convolution_nonneg' depends on axioms: [propext, Classical.choice, Quot.sound]
ℹ [3906/4009] Replayed ModifiedCartan.SubharmonicGradientSmoothing
info: ModifiedCartan/SubharmonicGradientSmoothing.lean:62:0: 'ModifiedCartan.IsSubharmonicOn.eventually_smoothing_gradient_bounds' depends on axioms: [propext,
 Classical.choice,
 Quot.sound]
ℹ [3907/4009] Replayed ModifiedCartan.DirectionalGradientSmoothing
info: ModifiedCartan/DirectionalGradientSmoothing.lean:72:0: 'ModifiedCartan.IsSubharmonicOn.eventually_directional_smoothing_gradient_bounds' depends on axioms: [propext,
 Classical.choice,
 Quot.sound]
ℹ [3908/4009] Replayed ModifiedCartan.DirectionalLogTest
info: ModifiedCartan/DirectionalLogTest.lean:55:0: 'ModifiedCartan.directional_regularized_clog_test_inequality' depends on axioms: [propext, Classical.choice, Quot.sound]
ℹ [3909/4009] Replayed ModifiedCartan.WeakDirectionalLogTest
info: ModifiedCartan/WeakDirectionalLogTest.lean:68:0: 'ModifiedCartan.IsSubharmonicOn.weak_gradient_directional_regularized_log_test' depends on axioms: [propext,
 Classical.choice,
 Quot.sound]
ℹ [3910/4009] Replayed ModifiedCartan.PhaseLogDominated
info: ModifiedCartan/PhaseLogDominated.lean:34:0: 'ModifiedCartan.integral_phaseLogApprox_tendsto' depends on axioms: [propext, Classical.choice, Quot.sound]
ℹ [3911/4009] Replayed ModifiedCartan.LogPhaseTest
info: ModifiedCartan/LogPhaseTest.lean:52:0: 'ModifiedCartan.phase_test_of_regularized_log_tests' depends on axioms: [propext, Classical.choice, Quot.sound]
ℹ [3912/4009] Replayed ModifiedCartan.DirectionalPhaseTest
info: ModifiedCartan/DirectionalPhaseTest.lean:44:0: 'ModifiedCartan.IsSubharmonicOn.weak_gradient_phase_test' depends on axioms: [propext, Classical.choice, Quot.sound]
ℹ [3913/4009] Replayed ModifiedCartan.PhaseCutoffMonotonicity
info: ModifiedCartan/PhaseCutoffMonotonicity.lean:59:0: 'ModifiedCartan.IsSubharmonicOn.eventually_phaseCutoff_convolution_mono' depends on axioms: [propext,
 Classical.choice,
 Quot.sound]
⚠ [3914/4009] Replayed ModifiedCartan.PhaseConePropagation
warning: ModifiedCartan/PhaseConePropagation.lean:56:59: `if_pos` has been deprecated: Use `ite_eq_left` instead
warning: ModifiedCartan/PhaseConePropagation.lean:59:13: `if_neg` has been deprecated: Use `ite_eq_right` instead
info: ModifiedCartan/PhaseConePropagation.lean:63:0: 'ModifiedCartan.IsSubharmonicOn.phase_eq_ae_on_strict_cone' depends on axioms: [propext, Classical.choice, Quot.sound]
ℹ [3916/4009] Replayed ModifiedCartan.SubharmonicContinuousRepresentative
info: ModifiedCartan/SubharmonicContinuousRepresentative.lean:39:0: 'ModifiedCartan.IsSubharmonicOn.eqOn_of_ae_eq_continuous' depends on axioms: [propext, Classical.choice, Quot.sound]
ℹ [3917/4009] Replayed ModifiedCartan.SubharmonicLipschitz
info: ModifiedCartan/SubharmonicLipschitz.lean:79:0: 'ModifiedCartan.IsSubharmonicOn.locallyLipschitzOn_of_finite_gradient' depends on axioms: [propext,
 Classical.choice,
 Quot.sound]
ℹ [3918/4009] Replayed ModifiedCartan.PolyaPeaks
info: ModifiedCartan/PolyaPeaks.lean:46:0: 'ModifiedCartan.Paper.lem_peaks' depends on axioms: [propext, Classical.choice, Quot.sound]
ℹ [3919/4009] Replayed ModifiedCartan.PeakScaleBounds
info: ModifiedCartan/PeakScaleBounds.lean:66:0: 'ModifiedCartan.peak_fixed_scale_eventual_bound' depends on axioms: [propext, Classical.choice, Quot.sound]
info: ModifiedCartan/PeakScaleBounds.lean:67:0: 'ModifiedCartan.peak_fixed_scale_ratio_limsup' depends on axioms: [propext, Classical.choice, Quot.sound]
ℹ [3920/4009] Replayed ModifiedCartan.CharacteristicLogLower
info: ModifiedCartan/CharacteristicLogLower.lean:42:0: 'ModifiedCartan.characteristic_log_lower_of_transcendental' depends on axioms: [propext, Classical.choice, Quot.sound]
info: ModifiedCartan/CharacteristicLogLower.lean:43:0: 'ModifiedCartan.characteristic_tendsto_atTop_of_transcendental' depends on axioms: [propext,
 Classical.choice,
 Quot.sound]
ℹ [3921/4009] Replayed ModifiedCartan.CharacteristicZero
info: ModifiedCartan/CharacteristicZero.lean:110:0: 'ModifiedCartan.hasPolynomialRepresentation_of_characteristic_zero' depends on axioms: [propext,
 Classical.choice,
 Quot.sound]
info: ModifiedCartan/CharacteristicZero.lean:111:0: 'ModifiedCartan.characteristic_pos_of_transcendental' depends on axioms: [propext, Classical.choice, Quot.sound]
ℹ [3922/4009] Replayed ModifiedCartan.CharacteristicMonotone
info: ModifiedCartan/CharacteristicMonotone.lean:33:0: 'ModifiedCartan.characteristic_monotoneOn' depends on axioms: [propext, Classical.choice, Quot.sound]
ℹ [3923/4009] Replayed ModifiedCartan.CharacteristicIndices
info: ModifiedCartan/CharacteristicIndices.lean:45:0: 'ModifiedCartan.Paper.eq_index_order_bounds' depends on axioms: [propext, Classical.choice, Quot.sound]
info: ModifiedCartan/CharacteristicIndices.lean:46:0: 'ModifiedCartan.Paper.eq_index_order_bounds_of_transcendental' depends on axioms: [propext,
 Classical.choice,
 Quot.sound]
ℹ [3924/4009] Replayed ModifiedCartan.PeakLogNormalization
info: ModifiedCartan/PeakLogNormalization.lean:59:0: 'ModifiedCartan.peak_log_radius_div_scale_tendsto_zero' depends on axioms: [propext, Classical.choice, Quot.sound]
ℹ [3925/4009] Replayed ModifiedCartan.CharacteristicPeaks
info: ModifiedCartan/CharacteristicPeaks.lean:92:0: 'ModifiedCartan.characteristic_peaks_with_normalization' depends on axioms: [propext, Classical.choice, Quot.sound]
info: ModifiedCartan/CharacteristicPeaks.lean:93:0: 'ModifiedCartan.characteristic_peak_scale_hypotheses' depends on axioms: [propext, Classical.choice, Quot.sound]
ℹ [3926/4009] Replayed ModifiedCartan.PowerNormalization
info: ModifiedCartan/PowerNormalization.lean:67:0: 'ModifiedCartan.characteristic_log_div_tendsto_zero_of_equal_positive_indices' depends on axioms: [propext,
 Classical.choice,
 Quot.sound]
ℹ [3927/4009] Replayed ModifiedCartan.ArbitraryScaleHypotheses
info: ModifiedCartan/ArbitraryScaleHypotheses.lean:77:0: 'ModifiedCartan.characteristic_arbitrary_scale_hypotheses' depends on axioms: [propext, Classical.choice, Quot.sound]
ℹ [3928/4009] Replayed ModifiedCartan.CurveCoordinateNormalization
info: ModifiedCartan/CurveCoordinateNormalization.lean:59:0: 'ModifiedCartan.exists_normalized_curve' depends on axioms: [propext, Classical.choice, Quot.sound]
⚠ [3931/4009] Replayed ModifiedCartan.MinorGrowthPaths
warning: ModifiedCartan/MinorGrowthPaths.lean:85:4: Try this: 
  haveI̵

The goal is a proposition, so `have` is preferred over `haveI`.
The difference between `have` and `haveI` is that `haveI` inlines the value.
But this is not relevant for proofs because of proof irrelevance.

Note: This linter can be disabled with `set_option linter.style.haveILetI false`
⚠ [3932/4009] Replayed ModifiedCartan.MinorGrowthCount
warning: ModifiedCartan/MinorGrowthCount.lean:18:4: Try this: 
  letI̵

The goal is a proposition, so `let` is preferred over `letI`.
The difference between `let` and `letI` is that `letI` inlines the value.
But this is not relevant for proofs because of proof irrelevance.

Note: This linter can be disabled with `set_option linter.style.haveILetI false`
warning: ModifiedCartan/MinorGrowthCount.lean:20:4: Try this: 
  letI̵

The goal is a proposition, so `let` is preferred over `letI`.
The difference between `let` and `letI` is that `letI` inlines the value.
But this is not relevant for proofs because of proof irrelevance.

Note: This linter can be disabled with `set_option linter.style.haveILetI false`
warning: ModifiedCartan/MinorGrowthCount.lean:24:4: Try this: 
  letI̵

The goal is a proposition, so `let` is preferred over `letI`.
The difference between `let` and `letI` is that `letI` inlines the value.
But this is not relevant for proofs because of proof irrelevance.

Note: This linter can be disabled with `set_option linter.style.haveILetI false`
warning: ModifiedCartan/MinorGrowthCount.lean:30:2: Try this: 
  letI̵

The goal is a proposition, so `let` is preferred over `letI`.
The difference between `let` and `letI` is that `letI` inlines the value.
But this is not relevant for proofs because of proof irrelevance.

Note: This linter can be disabled with `set_option linter.style.haveILetI false`
warning: ModifiedCartan/MinorGrowthCount.lean:36:2: Try this: 
  letI̵

The goal is a proposition, so `let` is preferred over `letI`.
The difference between `let` and `letI` is that `letI` inlines the value.
But this is not relevant for proofs because of proof irrelevance.

Note: This linter can be disabled with `set_option linter.style.haveILetI false`
⚠ [3933/4009] Replayed ModifiedCartan.SkewTableaux
warning: ModifiedCartan/SkewTableaux.lean:106:2: Try this: 
  letI̵

The goal is a proposition, so `let` is preferred over `letI`.
The difference between `let` and `letI` is that `letI` inlines the value.
But this is not relevant for proofs because of proof irrelevance.

Note: This linter can be disabled with `set_option linter.style.haveILetI false`
warning: ModifiedCartan/SkewTableaux.lean:108:2: Try this: 
  letI̵

The goal is a proposition, so `let` is preferred over `letI`.
The difference between `let` and `letI` is that `letI` inlines the value.
But this is not relevant for proofs because of proof irrelevance.

Note: This linter can be disabled with `set_option linter.style.haveILetI false`
warning: ModifiedCartan/SkewTableaux.lean:113:2: Try this: 
  haveI̵

The goal is a proposition, so `have` is preferred over `haveI`.
The difference between `have` and `haveI` is that `haveI` inlines the value.
But this is not relevant for proofs because of proof irrelevance.

Note: This linter can be disabled with `set_option linter.style.haveILetI false`
warning: ModifiedCartan/SkewTableaux.lean:118:2: Try this: 
  letI̵

The goal is a proposition, so `let` is preferred over `letI`.
The difference between `let` and `letI` is that `letI` inlines the value.
But this is not relevant for proofs because of proof irrelevance.

Note: This linter can be disabled with `set_option linter.style.haveILetI false`
⚠ [3936/4009] Replayed ModifiedCartan.SkewAdditions
warning: ModifiedCartan/SkewAdditions.lean:17:44: Variable name `a` is not explicitly referenced.

Hint: The binding can be removed (if unused) or named `_` (if used implicitly). Alternatively, prefix the name with `_` to silence this warning:
  [apply] _a

Note: This linter can be disabled with `set_option linter.unusedVariables false`
warning: ModifiedCartan/SkewAdditions.lean:17:46: Variable name `b` is not explicitly referenced.

Hint: The binding can be removed (if unused) or named `_` (if used implicitly). Alternatively, prefix the name with `_` to silence this warning:
  [apply] _b

Note: This linter can be disabled with `set_option linter.unusedVariables false`
⚠ [3941/4009] Replayed ModifiedCartan.TableauCountRecurrence
warning: ModifiedCartan/TableauCountRecurrence.lean:40:32: `if_pos` has been deprecated: Use `ite_eq_left` instead
⚠ [3949/4009] Replayed ModifiedCartan.MinorTranslation
warning: ModifiedCartan/MinorTranslation.lean:30:8: `if_pos` has been deprecated: Use `ite_eq_left` instead
⚠ [3953/4009] Replayed ModifiedCartan.TableauCountPositive
warning: ModifiedCartan/TableauCountPositive.lean:50:22: Unused tactic linter: `change partitionSize ν = partitionSize r.enlarged + k` does nothing

Note: This linter can be disabled with `set_option linter.unusedTactic false`
⚠ [3957/4009] Replayed ModifiedCartan.SchubertWronskianDegree
warning: ModifiedCartan/SchubertWronskianDegree.lean:30:44: `if_neg` has been deprecated: Use `ite_eq_right` instead
ℹ [3959/4009] Replayed ModifiedCartan.SchubertMonicWronskian
info: ModifiedCartan/SchubertMonicWronskian.lean:69:0: 'ModifiedCartan.normalizedSchubertCoordinate_bot' depends on axioms: [propext, Classical.choice, Quot.sound]
info: ModifiedCartan/SchubertMonicWronskian.lean:70:0: 'ModifiedCartan.schubertMonicWronskian_monic' depends on axioms: [propext, Classical.choice, Quot.sound]
ℹ [3962/4009] Replayed ModifiedCartan.OpenDiskCounting
info: ModifiedCartan/OpenDiskCounting.lean:163:0: 'ModifiedCartan.finiteDivisorPolynomial_degree_count_bound' depends on axioms: [propext, Classical.choice, Quot.sound]
info: ModifiedCartan/OpenDiskCounting.lean:164:0: 'ModifiedCartan.logCounting_eq_open_disk_sum' depends on axioms: [propext, Classical.choice, Quot.sound]
info: ModifiedCartan/OpenDiskCounting.lean:165:0: 'ModifiedCartan.exponential_factor_center_identity' depends on axioms: [propext, Classical.choice, Quot.sound]
ℹ [3963/4009] Replayed ModifiedCartan.CountingDilation
info: ModifiedCartan/CountingDilation.lean:143:0: 'ModifiedCartan.logCounting_wronskian_dilate' depends on axioms: [propext, Classical.choice, Quot.sound]
info: ModifiedCartan/CountingDilation.lean:144:0: 'ModifiedCartan.log_trailingCoeff_wronskian_dilate' depends on axioms: [propext, Classical.choice, Quot.sound]
ℹ [3964/4009] Replayed ModifiedCartan.RepresentationCenter
info: ModifiedCartan/RepresentationCenter.lean:119:0: 'ModifiedCartan.Paper.eq_centeridentity' depends on axioms: [propext, Classical.choice, Quot.sound]
ℹ [3965/4009] Replayed ModifiedCartan.RepresentationAsymptotics
info: ModifiedCartan/RepresentationAsymptotics.lean:145:0: 'ModifiedCartan.rescaledWronskianPolynomial_degree_small' depends on axioms: [propext, Classical.choice, Quot.sound]
info: ModifiedCartan/RepresentationAsymptotics.lean:146:0: 'ModifiedCartan.Paper.representation_step_one' depends on axioms: [propext, Classical.choice, Quot.sound]
⚠ [3966/4009] Replayed ModifiedCartan.GaugeCoefficientAlgebra
warning: ModifiedCartan/GaugeCoefficientAlgebra.lean:207:51: This simp argument is unused:
  Matrix.one_apply

Hint: Omit it from the simp argument list.
  [apply] simp [finiteJetTransitionMatrix, zeroGaugeJet]

Note: This linter can be disabled with `set_option linter.unusedSimpArgs false`
warning: ModifiedCartan/GaugeCoefficientAlgebra.lean:210:69: This simp argument is unused:
  Matrix.one_apply

Hint: Omit it from the simp argument list.
  [apply] simp [finiteJetTransitionMatrix, Nat.choose_eq_zero_of_lt hlt, hki]

Note: This linter can be disabled with `set_option linter.unusedSimpArgs false`
warning: ModifiedCartan/GaugeCoefficientAlgebra.lean:212:59: This simp argument is unused:
  Matrix.one_apply

Hint: Omit it from the simp argument list.
  [apply] simp [finiteJetTransitionMatrix, zeroGaugeJet, hpos, hki]

Note: This linter can be disabled with `set_option linter.unusedSimpArgs false`
info: ModifiedCartan/GaugeCoefficientAlgebra.lean:245:0: 'ModifiedCartan.canonical_coefficient_triangular_relation' depends on axioms: [propext, Classical.choice, Quot.sound]
info: ModifiedCartan/GaugeCoefficientAlgebra.lean:246:0: 'ModifiedCartan.canonical_normalized_coefficient_adjugate' depends on axioms: [propext, Classical.choice, Quot.sound]
info: ModifiedCartan/GaugeCoefficientAlgebra.lean:247:0: 'ModifiedCartan.canonical_normalized_coefficient_eq_polynomial' depends on axioms: [propext,
 Classical.choice,
 Quot.sound]
ℹ [3967/4009] Replayed ModifiedCartan.CoefficientMeasurability
info: ModifiedCartan/CoefficientMeasurability.lean:43:0: 'ModifiedCartan.fundamentalCoefficient_aestronglyMeasurable' depends on axioms: [propext, Classical.choice, Quot.sound]
info: ModifiedCartan/CoefficientMeasurability.lean:44:0: 'ModifiedCartan.logarithmicJet_aestronglyMeasurable' depends on axioms: [propext, Classical.choice, Quot.sound]
ℹ [3969/4009] Replayed ModifiedCartan.PolynomialApproximationCounting
info: ModifiedCartan/PolynomialApproximationCounting.lean:170:0: 'ModifiedCartan.exists_monic_polynomial_growth_center' depends on axioms: [propext, Classical.choice, Quot.sound]
info: ModifiedCartan/PolynomialApproximationCounting.lean:171:0: 'ModifiedCartan.polynomial_approximation_divisor_count_le' depends on axioms: [propext, Classical.choice, Quot.sound]
ℹ [3970/4009] Replayed ModifiedCartan.RootDistanceSums
info: ModifiedCartan/RootDistanceSums.lean:145:0: 'ModifiedCartan.eLpNorm_scaled_reciprocalDistanceSum_le' depends on axioms: [propext, Classical.choice, Quot.sound]
info: ModifiedCartan/RootDistanceSums.lean:146:0: 'ModifiedCartan.reciprocalDistanceSum_exterior_le' depends on axioms: [propext, Classical.choice, Quot.sound]
info: ModifiedCartan/RootDistanceSums.lean:147:0: 'ModifiedCartan.inner_root_sum_eLpNorm_tendsto_zero' depends on axioms: [propext, Classical.choice, Quot.sound]
info: ModifiedCartan/RootDistanceSums.lean:148:0: 'ModifiedCartan.inner_root_sum_localMeasure_zero' depends on axioms: [propext, Classical.choice, Quot.sound]
ℹ [3971/4009] Replayed ModifiedCartan.SubsetProductBounds
info: ModifiedCartan/SubsetProductBounds.lean:221:0: 'ModifiedCartan.powersetCard_product_difference_le_exp_one' depends on axioms: [propext, Classical.choice, Quot.sound]
info: ModifiedCartan/SubsetProductBounds.lean:222:0: 'ModifiedCartan.norm_marked_powersetCard_product_sum_le' depends on axioms: [propext, Classical.choice, Quot.sound]
⚠ [3975/4009] Replayed ModifiedCartan.YoungPolytabloid
warning: ModifiedCartan/YoungPolytabloid.lean:54:2: Try `simp at hc` instead of `simpa using hc`

Note: This linter can be disabled with `set_option linter.unnecessarySimpa false`
ℹ [3986/4070] Replayed ModifiedCartan.FiniteLogCompactness
info: ModifiedCartan/FiniteLogCompactness.lean:59:0: 'ModifiedCartan.exists_common_normalized_log_subsequence_eventual' depends on axioms: [propext,
 Classical.choice,
 Quot.sound]
ℹ [3987/4070] Replayed ModifiedCartan.LogLimitRepresentatives
info: ModifiedCartan/LogLimitRepresentatives.lean:61:0: 'ModifiedCartan.normalizedLog_limit_subharmonic_representative' depends on axioms: [propext,
 Classical.choice,
 Quot.sound]
info: ModifiedCartan/LogLimitRepresentatives.lean:62:0: 'ModifiedCartan.exists_common_log_limits_with_representatives_eventual' depends on axioms: [propext,
 Classical.choice,
 Quot.sound]
ℹ [3988/4070] Replayed ModifiedCartan.PhaseConeAffine
info: ModifiedCartan/PhaseConeAffine.lean:61:0: 'ModifiedCartan.IsSubharmonicOn.affine_on_essential_strict_cone' depends on axioms: [propext,
 Classical.choice,
 Quot.sound]
⚠ [3989/4070] Replayed ModifiedCartan.EssentialPhases
warning: ModifiedCartan/EssentialPhases.lean:14:15: `_root_.not_imp` has been deprecated: Use `Classical.not_imp` instead
warning: ModifiedCartan/EssentialPhases.lean:15:45: `_root_.not_imp` has been deprecated: Use `Classical.not_imp` instead
warning: ModifiedCartan/EssentialPhases.lean:15:45: This simp argument is unused:
  _root_.not_imp

Hint: Omit it from the simp argument list.
  [apply] simp only [IsEssentialPhaseAt, not_forall, ne_eq, not_not, heq, exists_prop]

Note: This linter can be disabled with `set_option linter.unusedSimpArgs false`
info: ModifiedCartan/EssentialPhases.lean:78:0: 'ModifiedCartan.exists_local_essential_phases' depends on axioms: [propext, Classical.choice, Quot.sound]
ℹ [3990/4070] Replayed ModifiedCartan.LocalPhaseMaximum
info: ModifiedCartan/LocalPhaseMaximum.lean:57:0: 'ModifiedCartan.IsSubharmonicOn.locally_convex_of_finite_gradient_continuous' depends on axioms: [propext,
 Classical.choice,
 Quot.sound]
ℹ [3991/4070] Replayed ModifiedCartan.SubharmonicLocalConvexity
info: ModifiedCartan/SubharmonicLocalConvexity.lean:61:0: 'ModifiedCartan.IsSubharmonicOn.locally_convex_of_finite_gradient' depends on axioms: [propext,
 Classical.choice,
 Quot.sound]
ℹ [3992/4070] Replayed ModifiedCartan.AnalyticLogPullback
info: ModifiedCartan/AnalyticLogPullback.lean:86:0: 'ModifiedCartan.normalizedLog_inverse_pullback_subharmonic' depends on axioms: [propext, Classical.choice, Quot.sound]
info: ModifiedCartan/AnalyticLogPullback.lean:87:0: 'ModifiedCartan.normalizedLog_inverse_pullback_gradient' depends on axioms: [propext, Classical.choice, Quot.sound]
⚠ [3993/4070] Replayed ModifiedCartan.PowerChartAnalytic
warning: ModifiedCartan/PowerChartAnalytic.lean:37:37: Try `simp at hw` instead of `simpa using hw`

Note: This linter can be disabled with `set_option linter.unnecessarySimpa false`
info: ModifiedCartan/PowerChartAnalytic.lean:90:0: 'ModifiedCartan.powerChart_inverse' depends on axioms: [propext, Classical.choice, Quot.sound]
info: ModifiedCartan/PowerChartAnalytic.lean:91:0: 'ModifiedCartan.powerChart_inverse_jacobian' depends on axioms: [propext, Classical.choice, Quot.sound]
ℹ [3994/4070] Replayed ModifiedCartan.PowerChartGeometry
info: ModifiedCartan/PowerChartGeometry.lean:47:0: 'ModifiedCartan.powerChart_mapsTo' depends on axioms: [propext, Classical.choice, Quot.sound]
⚠ [3995/4070] Replayed ModifiedCartan.MonicPolynomialParameters
warning: ModifiedCartan/MonicPolynomialParameters.lean:54:2: try 'simp' instead of 'simpa'

Note: This linter can be disabled with `set_option linter.unnecessarySimpa false`
info: ModifiedCartan/MonicPolynomialParameters.lean:59:0: 'ModifiedCartan.complex_monic_eq_prod_linear' depends on axioms: [propext, Classical.choice, Quot.sound]
ℹ [3997/4070] Replayed ModifiedCartan.MonicCircleMean
info: ModifiedCartan/MonicCircleMean.lean:75:0: 'ModifiedCartan.analytic_exp_factor_re_le_log_bound' depends on axioms: [propext, Classical.choice, Quot.sound]
ℹ [3998/4070] Replayed ModifiedCartan.RepresentationBound
info: ModifiedCartan/RepresentationBound.lean:120:0: 'ModifiedCartan.Paper.eq_representationbounds_norm' depends on axioms: [propext, Classical.choice, Quot.sound]
ℹ [3999/4070] Replayed ModifiedCartan.PolynomialRootCount
info: ModifiedCartan/PolynomialRootCount.lean:164:0: 'ModifiedCartan.polynomial_root_list_count' depends on axioms: [propext, Classical.choice, Quot.sound]
info: ModifiedCartan/PolynomialRootCount.lean:165:0: 'ModifiedCartan.exists_normalized_polynomial_root_list' depends on axioms: [propext, Classical.choice, Quot.sound]
info: ModifiedCartan/PolynomialRootCount.lean:166:0: 'ModifiedCartan.polynomial_approximation_root_count_tendsto_zero' depends on axioms: [propext,
 Classical.choice,
 Quot.sound]
ℹ [4002/4070] Replayed ModifiedCartan.LocalRootSeparation
info: ModifiedCartan/LocalRootSeparation.lean:116:0: 'ModifiedCartan.Paper.eq_rootbounds' depends on axioms: [propext, Classical.choice, Quot.sound]
⚠ [4140/4189] Replayed ModifiedCartan.YoungFillings
warning: ModifiedCartan/YoungFillings.lean:27:25: try 'simp' instead of 'simpa'

Note: This linter can be disabled with `set_option linter.unnecessarySimpa false`
warning: ModifiedCartan/YoungFillings.lean:78:32: `if_pos` has been deprecated: Use `ite_eq_left` instead
⚠ [4152/4342] Replayed ModifiedCartan.CentralCharacterOperator
warning: ModifiedCartan/CentralCharacterOperator.lean:18:0: automatically included section variable(s) unused in theorem `ModifiedCartan.characterWeightedOperator_commutes`:
  [FiniteDimensional ℂ V]
consider restructuring your `variable` declarations so that the variables are not in scope or explicitly omit them:
  omit [FiniteDimensional ℂ V] in theorem ...

Note: This linter can be disabled with `set_option linter.unusedSectionVars false`
⚠ [4153/4342] Replayed ModifiedCartan.CharacterScalarAction
warning: ModifiedCartan/CharacterScalarAction.lean:13:0: automatically included section variable(s) unused in theorem `ModifiedCartan.characterWeightedOperator_trace`:
  [FiniteDimensional ℂ V]
  [FiniteDimensional ℂ W]
consider restructuring your `variable` declarations so that the variables are not in scope or explicitly omit them:
  omit [FiniteDimensional ℂ V] [FiniteDimensional ℂ W] in theorem ...

Note: This linter can be disabled with `set_option linter.unusedSectionVars false`
warning: ModifiedCartan/CharacterScalarAction.lean:31:2: Try this: 
  letI̵

The goal is a proposition, so `let` is preferred over `letI`.
The difference between `let` and `letI` is that `letI` inlines the value.
But this is not relevant for proofs because of proof irrelevance.

Note: This linter can be disabled with `set_option linter.style.haveILetI false`
warning: ModifiedCartan/CharacterScalarAction.lean:32:2: Try this: 
  letI̵

The goal is a proposition, so `let` is preferred over `letI`.
The difference between `let` and `letI` is that `letI` inlines the value.
But this is not relevant for proofs because of proof irrelevance.

Note: This linter can be disabled with `set_option linter.style.haveILetI false`
warning: ModifiedCartan/CharacterScalarAction.lean:29:0: automatically included section variable(s) unused in theorem `ModifiedCartan.irreducible_finrank_ne_zero`:
  [Fintype G]
consider restructuring your `variable` declarations so that the variables are not in scope or explicitly omit them:
  omit [Fintype G] in theorem ...

Note: This linter can be disabled with `set_option linter.unusedSectionVars false`
warning: ModifiedCartan/CharacterScalarAction.lean:46:2: Try this: 
  letI̵

The goal is a proposition, so `let` is preferred over `letI`.
The difference between `let` and `letI` is that `letI` inlines the value.
But this is not relevant for proofs because of proof irrelevance.

Note: This linter can be disabled with `set_option linter.style.haveILetI false`
warning: ModifiedCartan/CharacterScalarAction.lean:55:8: `if_pos` has been deprecated: Use `ite_eq_left` instead
warning: ModifiedCartan/CharacterScalarAction.lean:62:8: `if_neg` has been deprecated: Use `ite_eq_right` instead
⚠ [4154/4342] Replayed ModifiedCartan.CharacterProjectorBasic
warning: ModifiedCartan/CharacterProjectorBasic.lean:12:0: automatically included section variable(s) unused in theorem `ModifiedCartan.characterWeightedOperator_natural`:
  [FiniteDimensional ℂ V]
consider restructuring your `variable` declarations so that the variables are not in scope or explicitly omit them:
  omit [FiniteDimensional ℂ V] in theorem ...

Note: This linter can be disabled with `set_option linter.unusedSectionVars false`
⚠ [4155/4342] Replayed ModifiedCartan.CharacterProjectorFixed
warning: ModifiedCartan/CharacterProjectorFixed.lean:12:0: automatically included section variable(s) unused in theorem `ModifiedCartan.intertwiner_apply_mem_isotypic`:
  [Fintype G]
  [FiniteDimensional ℂ V]
consider restructuring your `variable` declarations so that the variables are not in scope or explicitly omit them:
  omit [Fintype G] [FiniteDimensional ℂ V] in theorem ...

Note: This linter can be disabled with `set_option linter.unusedSectionVars false`
⚠ [4156/4342] Replayed ModifiedCartan.CharacterOrthogonalInvariant
warning: ModifiedCartan/CharacterOrthogonalInvariant.lean:39:0: automatically included section variable(s) unused in theorem `ModifiedCartan.invariant_orthogonal_of_unitary`:
  [Fintype G]
consider restructuring your `variable` declarations so that the variables are not in scope or explicitly omit them:
  omit [Fintype G] in theorem ...

Note: This linter can be disabled with `set_option linter.unusedSectionVars false`
⚠ [4159/4342] Replayed ModifiedCartan.YoungAlternatingRange
warning: ModifiedCartan/YoungAlternatingRange.lean:23:4: `push_neg` has been deprecated. Prefer using `push Not` instead.
If you'd rather continue using `push_neg` in your project, you can implement it as follows:
```
open Lean.Parser.Tactic in
macro "push_neg" cfg:optConfig loc:(location)? : tactic =>
  `(tactic| push $cfg:optConfig Not $[$loc]?)
```
⚠ [4163/4342] Replayed ModifiedCartan.SpechtRepresentation
warning: ModifiedCartan/SpechtRepresentation.lean:22:2: Try this: 
  letI̵

The goal is a proposition, so `let` is preferred over `letI`.
The difference between `let` and `letI` is that `letI` inlines the value.
But this is not relevant for proofs because of proof irrelevance.

Note: This linter can be disabled with `set_option linter.style.haveILetI false`
ℹ [4185/4342] Replayed ModifiedCartan.ColumnPartitionMinorOrders
info: ModifiedCartan/ColumnPartitionMinorOrders.lean:58:0: 'ModifiedCartan.columnPartition_order_cycle' depends on axioms: [propext, Classical.choice, Quot.sound]
ℹ [4186/4342] Replayed ModifiedCartan.ColumnMinorCramer
info: ModifiedCartan/ColumnMinorCramer.lean:88:0: 'ModifiedCartan.fundamentalCoefficients_eq_columnMinor' depends on axioms: [propext, Classical.choice, Quot.sound]
ℹ [4211/4342] Replayed ModifiedCartan.PolynomialBasisReduction
info: ModifiedCartan/PolynomialBasisReduction.lean:40:0: 'ModifiedCartan.basis_exists_elementary_subtraction' depends on axioms: [propext, Classical.choice, Quot.sound]
info: ModifiedCartan/PolynomialBasisReduction.lean:41:0: 'ModifiedCartan.polynomial_natDegree_cancel_leading_lt' depends on axioms: [propext, Classical.choice, Quot.sound]
⚠ [4214/4342] Replayed ModifiedCartan.ColoringOrbits
warning: ModifiedCartan/ColoringOrbits.lean:14:11: Variable name `f` is not explicitly referenced.

Hint: The binding can be removed (if unused) or named `_` (if used implicitly). Alternatively, prefix the name with `_` to silence this warning:
  [apply] _f

Note: This linter can be disabled with `set_option linter.unusedVariables false`
warning: ModifiedCartan/ColoringOrbits.lean:15:11: Variable name `σ` is not explicitly referenced.

Hint: The binding can be removed (if unused) or named `_` (if used implicitly). Alternatively, prefix the name with `_` to silence this warning:
  [apply] _σ

Note: This linter can be disabled with `set_option linter.unusedVariables false`
warning: ModifiedCartan/ColoringOrbits.lean:15:13: Variable name `τ` is not explicitly referenced.

Hint: The binding can be removed (if unused) or named `_` (if used implicitly). Alternatively, prefix the name with `_` to silence this warning:
  [apply] _τ

Note: This linter can be disabled with `set_option linter.unusedVariables false`
warning: ModifiedCartan/ColoringOrbits.lean:15:15: Variable name `f` is not explicitly referenced.

Hint: The binding can be removed (if unused) or named `_` (if used implicitly). Alternatively, prefix the name with `_` to silence this warning:
  [apply] _f

Note: This linter can be disabled with `set_option linter.unusedVariables false`
⚠ [4215/4342] Replayed ModifiedCartan.CycleColorings
warning: ModifiedCartan/CycleColorings.lean:20:0: automatically included section variable(s) unused in theorem `ModifiedCartan.permutationCycleClass_apply`:
  [Fintype A]
  [DecidableEq A]
consider restructuring your `variable` declarations so that the variables are not in scope or explicitly omit them:
  omit [Fintype A] [DecidableEq A] in theorem ...

Note: This linter can be disabled with `set_option linter.unusedSectionVars false`
warning: ModifiedCartan/CycleColorings.lean:24:0: automatically included section variable(s) unused in theorem `ModifiedCartan.coloring_pow_eq`:
  [Fintype A]
  [DecidableEq A]
consider restructuring your `variable` declarations so that the variables are not in scope or explicitly omit them:
  omit [Fintype A] [DecidableEq A] in theorem ...

Note: This linter can be disabled with `set_option linter.unusedSectionVars false`
⚠ [4217/4342] Replayed ModifiedCartan.RemovedBoxes
warning: ModifiedCartan/RemovedBoxes.lean:41:11: Variable name `a` is not explicitly referenced.

Hint: The binding can be removed (if unused) or named `_` (if used implicitly). Alternatively, prefix the name with `_` to silence this warning:
  [apply] _a

Note: This linter can be disabled with `set_option linter.unusedVariables false`
warning: ModifiedCartan/RemovedBoxes.lean:42:12: Variable name `a` is not explicitly referenced.

Hint: The binding can be removed (if unused) or named `_` (if used implicitly). Alternatively, prefix the name with `_` to silence this warning:
  [apply] _a

Note: This linter can be disabled with `set_option linter.unusedVariables false`
⚠ [4219/4342] Replayed ModifiedCartan.RemovedPermutations
warning: ModifiedCartan/RemovedPermutations.lean:51:4: Unused tactic linter: `change f ((youngRemovalPermutationEquiv μ b p).val a) = f a` does nothing

Note: This linter can be disabled with `set_option linter.unusedTactic false`
⚠ [4221/4342] Replayed ModifiedCartan.FixedPointPermutationSums
warning: ModifiedCartan/FixedPointPermutationSums.lean:51:12: `dif_pos` has been deprecated: Use `dite_eq_left` instead
⚠ [4222/4342] Replayed ModifiedCartan.CycleWeightedPowers
warning: ModifiedCartan/CycleWeightedPowers.lean:15:0: automatically included section variable(s) unused in theorem `ModifiedCartan.coloring_product_eq_cycle_product`:
  [DecidableEq A]
consider restructuring your `variable` declarations so that the variables are not in scope or explicitly omit them:
  omit [DecidableEq A] in theorem ...

Note: This linter can be disabled with `set_option linter.unusedSectionVars false`
⚠ [4228/4342] Replayed ModifiedCartan.WeightColoringRepresentation
warning: ModifiedCartan/WeightColoringRepresentation.lean:17:11: Variable name `f` is not explicitly referenced.

Hint: The binding can be removed (if unused) or named `_` (if used implicitly). Alternatively, prefix the name with `_` to silence this warning:
  [apply] _f

Note: This linter can be disabled with `set_option linter.unusedVariables false`
warning: ModifiedCartan/WeightColoringRepresentation.lean:18:11: Variable name `σ` is not explicitly referenced.

Hint: The binding can be removed (if unused) or named `_` (if used implicitly). Alternatively, prefix the name with `_` to silence this warning:
  [apply] _σ

Note: This linter can be disabled with `set_option linter.unusedVariables false`
warning: ModifiedCartan/WeightColoringRepresentation.lean:18:13: Variable name `τ` is not explicitly referenced.

Hint: The binding can be removed (if unused) or named `_` (if used implicitly). Alternatively, prefix the name with `_` to silence this warning:
  [apply] _τ

Note: This linter can be disabled with `set_option linter.unusedVariables false`
warning: ModifiedCartan/WeightColoringRepresentation.lean:18:15: Variable name `f` is not explicitly referenced.

Hint: The binding can be removed (if unused) or named `_` (if used implicitly). Alternatively, prefix the name with `_` to silence this warning:
  [apply] _f

Note: This linter can be disabled with `set_option linter.unusedVariables false`
ℹ [4239/4342] Replayed ModifiedCartan.MvDividedPowerNormalization
info: ModifiedCartan/MvDividedPowerNormalization.lean:56:0: 'ModifiedCartan.mvDividedPowerNormalize_first_coeff' depends on axioms: [propext, Classical.choice, Quot.sound]
ℹ [4240/4342] Replayed ModifiedCartan.DividedPowerPolynomials
info: ModifiedCartan/DividedPowerPolynomials.lean:57:0: 'ModifiedCartan.complexDividedPowerPolynomial_jet_zero' depends on axioms: [propext, Classical.choice, Quot.sound]
⚠ [4242/4342] Replayed ModifiedCartan.ClassFunctionScalarAction
warning: ModifiedCartan/ClassFunctionScalarAction.lean:14:0: automatically included section variable(s) unused in theorem `ModifiedCartan.classFunctionOperator_trace`:
  [FiniteDimensional ℂ V]
consider restructuring your `variable` declarations so that the variables are not in scope or explicitly omit them:
  omit [FiniteDimensional ℂ V] in theorem ...

Note: This linter can be disabled with `set_option linter.unusedSectionVars false`
⚠ [4243/4342] Replayed ModifiedCartan.CharacterIrreducibleImages
warning: ModifiedCartan/CharacterIrreducibleImages.lean:24:0: automatically included section variable(s) unused in theorem `ModifiedCartan.intertwiner_apply_mem_isotypic_of_equiv`:
  [FiniteDimensional ℂ W]
consider restructuring your `variable` declarations so that the variables are not in scope or explicitly omit them:
  omit [FiniteDimensional ℂ W] in theorem ...

Note: This linter can be disabled with `set_option linter.unusedSectionVars false`
⚠ [4244/4342] Replayed ModifiedCartan.CharacterSimpleGeneration
warning: ModifiedCartan/CharacterSimpleGeneration.lean:17:2: Try this: 
  letI̵

The goal is a proposition, so `let` is preferred over `letI`.
The difference between `let` and `letI` is that `letI` inlines the value.
But this is not relevant for proofs because of proof irrelevance.

Note: This linter can be disabled with `set_option linter.style.haveILetI false`
⚠ [4245/4342] Replayed ModifiedCartan.GroupSubmoduleIntertwiners
warning: ModifiedCartan/GroupSubmoduleIntertwiners.lean:35:0: automatically included section variable(s) unused in theorem `ModifiedCartan.groupSubmoduleIntertwiner_apply`:
  [Fintype G]
consider restructuring your `variable` declarations so that the variables are not in scope or explicitly omit them:
  omit [Fintype G] in theorem ...

Note: This linter can be disabled with `set_option linter.unusedSectionVars false`
warning: ModifiedCartan/GroupSubmoduleIntertwiners.lean:40:0: automatically included section variable(s) unused in theorem `ModifiedCartan.groupSubmoduleIntertwiner_injective`:
  [Fintype G]
consider restructuring your `variable` declarations so that the variables are not in scope or explicitly omit them:
  omit [Fintype G] in theorem ...

Note: This linter can be disabled with `set_option linter.unusedSectionVars false`
warning: ModifiedCartan/GroupSubmoduleIntertwiners.lean:55:0: automatically included section variable(s) unused in theorem `ModifiedCartan.groupSubmoduleRepresentationIrreducible`:
  [Fintype G]
consider restructuring your `variable` declarations so that the variables are not in scope or explicitly omit them:
  omit [Fintype G] in theorem ...

Note: This linter can be disabled with `set_option linter.unusedSectionVars false`
⚠ [4254/4342] Replayed ModifiedCartan.SpechtFiniteAlphabetRepresentation
warning: ModifiedCartan/SpechtFiniteAlphabetRepresentation.lean:24:2: Try this: 
  letI̵

The goal is a proposition, so `let` is preferred over `letI`.
The difference between `let` and `letI` is that `letI` inlines the value.
But this is not relevant for proofs because of proof irrelevance.

Note: This linter can be disabled with `set_option linter.style.haveILetI false`
⚠ [4255/4342] Replayed ModifiedCartan.SpechtCharacterPairingStep
warning: ModifiedCartan/SpechtCharacterPairingStep.lean:20:2: Try this: 
  letI̵

The goal is a proposition, so `let` is preferred over `letI`.
The difference between `let` and `letI` is that `letI` inlines the value.
But this is not relevant for proofs because of proof irrelevance.

Note: This linter can be disabled with `set_option linter.style.haveILetI false`
warning: ModifiedCartan/SpechtCharacterPairingStep.lean:21:2: Try this: 
  letI̵

The goal is a proposition, so `let` is preferred over `letI`.
The difference between `let` and `letI` is that `letI` inlines the value.
But this is not relevant for proofs because of proof irrelevance.

Note: This linter can be disabled with `set_option linter.style.haveILetI false`
warning: ModifiedCartan/SpechtCharacterPairingStep.lean:22:2: Try this: 
  letI̵

The goal is a proposition, so `let` is preferred over `letI`.
The difference between `let` and `letI` is that `letI` inlines the value.
But this is not relevant for proofs because of proof irrelevance.

Note: This linter can be disabled with `set_option linter.style.haveILetI false`
⚠ [4265/4342] Replayed ModifiedCartan.FixedColoringProduct
warning: ModifiedCartan/FixedColoringProduct.lean:19:11: Variable name `f` is not explicitly referenced.

Hint: The binding can be removed (if unused) or named `_` (if used implicitly). Alternatively, prefix the name with `_` to silence this warning:
  [apply] _f

Note: This linter can be disabled with `set_option linter.unusedVariables false`
warning: ModifiedCartan/FixedColoringProduct.lean:20:12: Variable name `p` is not explicitly referenced.

Hint: The binding can be removed (if unused) or named `_` (if used implicitly). Alternatively, prefix the name with `_` to silence this warning:
  [apply] _p

Note: This linter can be disabled with `set_option linter.unusedVariables false`
warning: ModifiedCartan/FixedColoringProduct.lean:27:2: Try this: 
  letI̵

The goal is a proposition, so `let` is preferred over `letI`.
The difference between `let` and `letI` is that `letI` inlines the value.
But this is not relevant for proofs because of proof irrelevance.

Note: This linter can be disabled with `set_option linter.style.haveILetI false`
⚠ [4269/4403] Replayed ModifiedCartan.YoungColoringMinimum
warning: ModifiedCartan/YoungColoringMinimum.lean:37:4: `push_neg` has been deprecated. Prefer using `push Not` instead.
If you'd rather continue using `push_neg` in your project, you can implement it as follows:
```
open Lean.Parser.Tactic in
macro "push_neg" cfg:optConfig loc:(location)? : tactic =>
  `(tactic| push $cfg:optConfig Not $[$loc]?)
```
⚠ [4270/4403] Replayed ModifiedCartan.YoungRowDegrees
warning: ModifiedCartan/YoungRowDegrees.lean:30:2: Try this: 
  letI̵

The goal is a proposition, so `let` is preferred over `letI`.
The difference between `let` and `letI` is that `letI` inlines the value.
But this is not relevant for proofs because of proof irrelevance.

Note: This linter can be disabled with `set_option linter.style.haveILetI false`
⚠ [4271/4403] Replayed ModifiedCartan.FinitePartitionDegrees
warning: ModifiedCartan/FinitePartitionDegrees.lean:24:11: Variable name `b` is not explicitly referenced.

Hint: The binding can be removed (if unused) or named `_` (if used implicitly). Alternatively, prefix the name with `_` to silence this warning:
  [apply] _b

Note: This linter can be disabled with `set_option linter.unusedVariables false`
warning: ModifiedCartan/FinitePartitionDegrees.lean:25:12: Variable name `p` is not explicitly referenced.

Hint: The binding can be removed (if unused) or named `_` (if used implicitly). Alternatively, prefix the name with `_` to silence this warning:
  [apply] _p

Note: This linter can be disabled with `set_option linter.unusedVariables false`
info: ModifiedCartan/FinitePartitionDegrees.lean:57:0: 'ModifiedCartan.finiteColorWeight_partitionFiniteDegree' depends on axioms: [propext, Classical.choice, Quot.sound]
info: ModifiedCartan/FinitePartitionDegrees.lean:58:0: 'ModifiedCartan.partitionFiniteDegree_mapDomain' depends on axioms: [propext, Classical.choice, Quot.sound]
ℹ [4272/4403] Replayed ModifiedCartan.StaircaseWeights
info: ModifiedCartan/StaircaseWeights.lean:90:0: 'ModifiedCartan.finiteStaircaseDegree_weight_lt' depends on axioms: [propext, Classical.choice, Quot.sound]
ℹ [4273/4403] Replayed ModifiedCartan.FiniteAlternants
info: ModifiedCartan/FiniteAlternants.lean:51:0: 'ModifiedCartan.finiteAlternant_eq_det' depends on axioms: [propext, Classical.choice, Quot.sound]
ℹ [4274/4403] Replayed ModifiedCartan.AlternantCoefficients
info: ModifiedCartan/AlternantCoefficients.lean:89:0: 'ModifiedCartan.finiteAlternant_partition_coeff' depends on axioms: [propext, Classical.choice, Quot.sound]
ℹ [4275/4403] Replayed ModifiedCartan.OrderedPartitionExponents
info: ModifiedCartan/OrderedPartitionExponents.lean:75:0: 'ModifiedCartan.exists_partitionAlternantExponent' depends on axioms: [propext, Classical.choice, Quot.sound]
info: ModifiedCartan/OrderedPartitionExponents.lean:76:0: 'ModifiedCartan.exists_perm_strictAnti' depends on axioms: [propext, Classical.choice, Quot.sound]
ℹ [4276/4403] Replayed ModifiedCartan.PolynomialDegreeBasis
info: ModifiedCartan/PolynomialDegreeBasis.lean:63:0: 'ModifiedCartan.polynomialBasis_exists_strictMono_natDegree' depends on axioms: [propext, Classical.choice, Quot.sound]
ℹ [4281/4403] Replayed ModifiedCartan.SingleVariableSeries
info: ModifiedCartan/SingleVariableSeries.lean:66:0: 'ModifiedCartan.singleVariableSeries_coeff' depends on axioms: [propext, Classical.choice, Quot.sound]
⚠ [4282/4403] Replayed ModifiedCartan.SeparateVariableProducts
warning: ModifiedCartan/SeparateVariableProducts.lean:14:35: This simp argument is unused:
  Finsupp.finsetSum_apply

Hint: Omit it from the simp argument list.
  [apply] simp [singleVariableDegreeSplit, Finsupp.single_apply, eq_comm]

Note: This linter can be disabled with `set_option linter.unusedSimpArgs false`
warning: ModifiedCartan/SeparateVariableProducts.lean:14:60: This simp argument is unused:
  Finsupp.single_apply

Hint: Omit it from the simp argument list.
  [apply] simp [singleVariableDegreeSplit, Finsupp.finsetSum_apply, eq_comm]

Note: This linter can be disabled with `set_option linter.unusedSimpArgs false`
warning: ModifiedCartan/SeparateVariableProducts.lean:14:82: This simp argument is unused:
  eq_comm

Hint: Omit it from the simp argument list.
  [apply] simp [singleVariableDegreeSplit, Finsupp.finsetSum_apply, Finsupp.single_apply]

Note: This linter can be disabled with `set_option linter.unusedSimpArgs false`
info: ModifiedCartan/SeparateVariableProducts.lean:62:0: 'ModifiedCartan.singleVariableSeries_coeff_prod' depends on axioms: [propext, Classical.choice, Quot.sound]
ℹ [4283/4403] Replayed ModifiedCartan.PolynomialDeterminantCoefficients
info: ModifiedCartan/PolynomialDeterminantCoefficients.lean:78:0: 'ModifiedCartan.polynomialAlternant_coeff' depends on axioms: [propext, Classical.choice, Quot.sound]
ℹ [4284/4403] Replayed ModifiedCartan.AlternatingPolynomialExt
info: ModifiedCartan/AlternatingPolynomialExt.lean:69:0: 'ModifiedCartan.alternatingPolynomial_ext' depends on axioms: [propext, Classical.choice, Quot.sound]
⚠ [4285/4403] Replayed ModifiedCartan.CharacterProjectorRange
warning: ModifiedCartan/CharacterProjectorRange.lean:23:4: Try this: 
  letI̵

The goal is a proposition, so `let` is preferred over `letI`.
The difference between `let` and `letI` is that `letI` inlines the value.
But this is not relevant for proofs because of proof irrelevance.

Note: This linter can be disabled with `set_option linter.style.haveILetI false`
warning: ModifiedCartan/CharacterProjectorRange.lean:24:4: Try this: 
  letI̵

The goal is a proposition, so `let` is preferred over `letI`.
The difference between `let` and `letI` is that `letI` inlines the value.
But this is not relevant for proofs because of proof irrelevance.

Note: This linter can be disabled with `set_option linter.style.haveILetI false`
warning: ModifiedCartan/CharacterProjectorRange.lean:26:4: Try this: 
  letI̵

The goal is a proposition, so `let` is preferred over `letI`.
The difference between `let` and `letI` is that `letI` inlines the value.
But this is not relevant for proofs because of proof irrelevance.

Note: This linter can be disabled with `set_option linter.style.haveILetI false`
⚠ [4287/4403] Replayed ModifiedCartan.CharacterProjectorOrthogonal
warning: ModifiedCartan/CharacterProjectorOrthogonal.lean:23:45: `if_neg` has been deprecated: Use `ite_eq_right` instead
⚠ [4325/4403] Replayed ModifiedCartan.SpechtRegularCompleteness
warning: ModifiedCartan/SpechtRegularCompleteness.lean:28:8: `if_pos` has been deprecated: Use `ite_eq_left` instead
warning: ModifiedCartan/SpechtRegularCompleteness.lean:30:8: `if_neg` has been deprecated: Use `ite_eq_right` instead
⚠ [4326/4403] Replayed ModifiedCartan.ClassFunctionRegularCoefficients
warning: ModifiedCartan/ClassFunctionRegularCoefficients.lean:17:4: This simp argument is unused:
  MonoidAlgebra.coeff_smul_apply

Hint: Omit it from the simp argument list.
  [apply] simp [classFunctionOperator, LinearMap.sum_apply, LinearMap.smul_apply, Representation.leftRegular,
    Representation.ofMulAction_single, MonoidAlgebra.coeff_sum, Finsupp.finsetSum_apply, MonoidAlgebra.coeff_single,
    Finsupp.single_apply]

Note: This linter can be disabled with `set_option linter.unusedSimpArgs false`
ℹ [4328/4403] Replayed ModifiedCartan.SeriesHomogenization
info: ModifiedCartan/SeriesHomogenization.lean:67:0: 'ModifiedCartan.seriesHomogenization_coeff_coeff' depends on axioms: [propext, Classical.choice, Quot.sound]
ℹ [4329/4403] Replayed ModifiedCartan.FiniteGeometricSeries
info: ModifiedCartan/FiniteGeometricSeries.lean:42:0: 'ModifiedCartan.geometricMvSeries_inverse' depends on axioms: [propext, Classical.choice, Quot.sound]
info: ModifiedCartan/FiniteGeometricSeries.lean:43:0: 'ModifiedCartan.geometricMvSeries_coeff_prod' depends on axioms: [propext, Classical.choice, Quot.sound]
⚠ [4330/4403] Replayed ModifiedCartan.HomogenizedGeometricSeries
warning: ModifiedCartan/HomogenizedGeometricSeries.lean:22:44: Used `tac1 <;> tac2` where `(tac1; tac2)` would suffice

Note: This linter can be disabled with `set_option linter.unnecessarySeqFocus false`
info: ModifiedCartan/HomogenizedGeometricSeries.lean:62:0: 'ModifiedCartan.seriesHomogenization_geometricMvSeries' depends on axioms: [propext, Classical.choice, Quot.sound]
ℹ [4331/4403] Replayed ModifiedCartan.GeometricProductCoefficients
info: ModifiedCartan/GeometricProductCoefficients.lean:51:0: 'ModifiedCartan.geometricPowerSeries_prod_coeff' depends on axioms: [propext, Classical.choice, Quot.sound]
ℹ [4332/4403] Replayed ModifiedCartan.CauchyKernelCoefficients
info: ModifiedCartan/CauchyKernelCoefficients.lean:44:0: 'ModifiedCartan.finiteCauchyCoefficientPolynomial_coeff' depends on axioms: [propext, Classical.choice, Quot.sound]
ℹ [4344/4403] Replayed ModifiedCartan.HomogeneousSeriesCoefficients
info: ModifiedCartan/HomogeneousSeriesCoefficients.lean:35:0: 'ModifiedCartan.homogeneous_polynomial_mul_series_coeff' depends on axioms: [propext, Classical.choice, Quot.sound]
ℹ [4345/4403] Replayed ModifiedCartan.AlternantHomogeneity
info: ModifiedCartan/AlternantHomogeneity.lean:54:0: 'ModifiedCartan.finiteVandermondeAlternant_isHomogeneous' depends on axioms: [propext, Classical.choice, Quot.sound]
info: ModifiedCartan/AlternantHomogeneity.lean:55:0: 'ModifiedCartan.partitionAlternantExponent_degree' depends on axioms: [propext, Classical.choice, Quot.sound]
ℹ [4346/4403] Replayed ModifiedCartan.DeterminantFirstPivot
info: ModifiedCartan/DeterminantFirstPivot.lean:67:0: 'ModifiedCartan.det_first_pivot' depends on axioms: [propext, Classical.choice, Quot.sound]
ℹ [4347/4403] Replayed ModifiedCartan.FiniteCauchyPivot
info: ModifiedCartan/FiniteCauchyPivot.lean:52:0: 'ModifiedCartan.finiteCauchyMatrix_det_succ' depends on axioms: [propext, Classical.choice, Quot.sound]
ℹ [4348/4403] Replayed ModifiedCartan.FiniteCauchyDeterminant
info: ModifiedCartan/FiniteCauchyDeterminant.lean:64:0: 'ModifiedCartan.finiteCauchyMatrix_det_mul_denominator' depends on axioms: [propext, Classical.choice, Quot.sound]
ℹ [4349/4403] Replayed ModifiedCartan.VandermondeAlternantMaps
info: ModifiedCartan/VandermondeAlternantMaps.lean:40:0: 'ModifiedCartan.finiteVandermondeAlternant_map_mul' depends on axioms: [propext, Classical.choice, Quot.sound]
ℹ [4351/4403] Replayed ModifiedCartan.FiniteCauchyRing
info: ModifiedCartan/FiniteCauchyRing.lean:71:0: 'ModifiedCartan.finiteCauchy_inverse_det' depends on axioms: [propext, Classical.choice, Quot.sound]
⚠ [4357/4403] Replayed ModifiedCartan.FiniteCauchySeries
warning: ModifiedCartan/FiniteCauchySeries.lean:36:2: Try this: 
  letI̵

The goal is a proposition, so `let` is preferred over `letI`.
The difference between `let` and `letI` is that `letI` inlines the value.
But this is not relevant for proofs because of proof irrelevance.

Note: This linter can be disabled with `set_option linter.style.haveILetI false`
info: ModifiedCartan/FiniteCauchySeries.lean:44:0: 'ModifiedCartan.finiteCauchySeriesMatrix_coeff_det' depends on axioms: [propext, Classical.choice, Quot.sound]
info: ModifiedCartan/FiniteCauchySeries.lean:45:0: 'ModifiedCartan.finiteCauchySeriesMatrix_det' depends on axioms: [propext, Classical.choice, Quot.sound]
ℹ [4359/4403] Replayed ModifiedCartan.DividedPowerPartitionMinors
info: ModifiedCartan/DividedPowerPartitionMinors.lean:55:0: 'ModifiedCartan.dividedPowerPartitionMinor_eval' depends on axioms: [propext, Classical.choice, Quot.sound]
⚠ [4360/4403] Replayed ModifiedCartan.KPAlphaCoefficients
warning: ModifiedCartan/KPAlphaCoefficients.lean:16:8: `dif_pos` has been deprecated: Use `dite_eq_left` instead
warning: ModifiedCartan/KPAlphaCoefficients.lean:22:8: `dif_neg` has been deprecated: Use `dite_eq_right` instead
warning: ModifiedCartan/KPAlphaCoefficients.lean:60:8: `dif_pos` has been deprecated: Use `dite_eq_left` instead
warning: ModifiedCartan/KPAlphaCoefficients.lean:60:20: `dif_pos` has been deprecated: Use `dite_eq_left` instead
warning: ModifiedCartan/KPAlphaCoefficients.lean:63:8: `dif_neg` has been deprecated: Use `dite_eq_right` instead
warning: ModifiedCartan/KPAlphaCoefficients.lean:63:20: `dif_neg` has been deprecated: Use `dite_eq_right` instead
⚠ [4362/4403] Replayed ModifiedCartan.InducedSpechtClassFunction
warning: ModifiedCartan/InducedSpechtClassFunction.lean:33:8: `dif_pos` has been deprecated: Use `dite_eq_left` instead
warning: ModifiedCartan/InducedSpechtClassFunction.lean:33:44: `dif_pos` has been deprecated: Use `dite_eq_left` instead
warning: ModifiedCartan/InducedSpechtClassFunction.lean:41:8: `dif_neg` has been deprecated: Use `dite_eq_right` instead
warning: ModifiedCartan/InducedSpechtClassFunction.lean:41:20: `dif_neg` has been deprecated: Use `dite_eq_right` instead
warning: ModifiedCartan/InducedSpechtClassFunction.lean:62:8: `dif_pos` has been deprecated: Use `dite_eq_left` instead
warning: ModifiedCartan/InducedSpechtClassFunction.lean:62:49: `dif_pos` has been deprecated: Use `dite_eq_left` instead
warning: ModifiedCartan/InducedSpechtClassFunction.lean:67:8: `dif_neg` has been deprecated: Use `dite_eq_right` instead
warning: ModifiedCartan/InducedSpechtClassFunction.lean:67:20: `dif_neg` has been deprecated: Use `dite_eq_right` instead
⚠ [4363/4403] Replayed ModifiedCartan.SpechtRestrictionPairing
warning: ModifiedCartan/SpechtRestrictionPairing.lean:14:8: `if_pos` has been deprecated: Use `ite_eq_left` instead
warning: ModifiedCartan/SpechtRestrictionPairing.lean:17:8: `if_neg` has been deprecated: Use `ite_eq_right` instead
warning: ModifiedCartan/SpechtRestrictionPairing.lean:22:8: `if_neg` has been deprecated: Use `ite_eq_right` instead
⚠ [4365/4403] Replayed ModifiedCartan.ClassScalarIsotypic
warning: ModifiedCartan/ClassScalarIsotypic.lean:48:4: This simp argument is unused:
  MonoidAlgebra.coeff_smul_apply

Hint: Omit it from the simp argument list.
  [apply] simp [classWeightedOperator, LinearMap.sum_apply, LinearMap.smul_apply, Representation.leftRegular,
    MonoidAlgebra.coeff_sum, Finsupp.finsetSum_apply, MonoidAlgebra.coeff_single, Finsupp.single_apply]

Note: This linter can be disabled with `set_option linter.unusedSimpArgs false`
warning: ModifiedCartan/ClassScalarIsotypic.lean:50:0: automatically included section variable(s) unused in theorem `ModifiedCartan.characterProjector_regular_coefficient`:
  [FiniteDimensional ℂ V]
consider restructuring your `variable` declarations so that the variables are not in scope or explicitly omit them:
  omit [FiniteDimensional ℂ V] in theorem ...

Note: This linter can be disabled with `set_option linter.unusedSectionVars false`
⚠ [4367/4403] Replayed ModifiedCartan.CharacterProjectionBound
warning: ModifiedCartan/CharacterProjectionBound.lean:12:0: automatically included section variable(s) unused in theorem `ModifiedCartan.characterWeightedOperator_eq_scaled_projector`:
  [FiniteDimensional ℂ W]
consider restructuring your `variable` declarations so that the variables are not in scope or explicitly omit them:
  omit [FiniteDimensional ℂ W] in theorem ...

Note: This linter can be disabled with `set_option linter.unusedSectionVars false`
⚠ [4368/4403] Replayed ModifiedCartan.IsotypicCopies
warning: ModifiedCartan/IsotypicCopies.lean:29:0: automatically included section variable(s) unused in theorem `ModifiedCartan.nonempty_equiv_intertwiner_range`:
  [Fintype G]
  [FiniteDimensional ℂ V]
consider restructuring your `variable` declarations so that the variables are not in scope or explicitly omit them:
  omit [Fintype G] [FiniteDimensional ℂ V] in theorem ...

Note: This linter can be disabled with `set_option linter.unusedSectionVars false`
⚠ [4369/4403] Replayed ModifiedCartan.SymmetricCharacterProjection
warning: ModifiedCartan/SymmetricCharacterProjection.lean:14:0: automatically included section variable(s) unused in theorem `ModifiedCartan.permutation_character_inv`:
  [FiniteDimensional ℂ V]
consider restructuring your `variable` declarations so that the variables are not in scope or explicitly omit them:
  omit [FiniteDimensional ℂ V] in theorem ...

Note: This linter can be disabled with `set_option linter.unusedSectionVars false`
warning: ModifiedCartan/SymmetricCharacterProjection.lean:26:0: automatically included section variable(s) unused in theorem `ModifiedCartan.permutationCharacterOperator_eq_weighted`:
  [FiniteDimensional ℂ W]
consider restructuring your `variable` declarations so that the variables are not in scope or explicitly omit them:
  omit [FiniteDimensional ℂ W] in theorem ...

Note: This linter can be disabled with `set_option linter.unusedSectionVars false`
⚠ [4381/4499] Replayed ModifiedCartan.ClassFunctionSpechtExpansion
warning: ModifiedCartan/ClassFunctionSpechtExpansion.lean:24:6: Try this: 
  letI̵

The goal is a proposition, so `let` is preferred over `letI`.
The difference between `let` and `letI` is that `letI` inlines the value.
But this is not relevant for proofs because of proof irrelevance.

Note: This linter can be disabled with `set_option linter.style.haveILetI false`
⚠ [4382/4499] Replayed ModifiedCartan.SpechtFourierExpansion
warning: ModifiedCartan/SpechtFourierExpansion.lean:17:2: Try this: 
  letI̵

The goal is a proposition, so `let` is preferred over `letI`.
The difference between `let` and `letI` is that `letI` inlines the value.
But this is not relevant for proofs because of proof irrelevance.

Note: This linter can be disabled with `set_option linter.style.haveILetI false`
warning: ModifiedCartan/SpechtFourierExpansion.lean:27:2: Try this: 
  letI̵

The goal is a proposition, so `let` is preferred over `letI`.
The difference between `let` and `letI` is that `letI` inlines the value.
But this is not relevant for proofs because of proof irrelevance.

Note: This linter can be disabled with `set_option linter.style.haveILetI false`
⚠ [4387/4499] Replayed ModifiedCartan.SeparatedFrobeniusCauchy
warning: ModifiedCartan/SeparatedFrobeniusCauchy.lean:44:13: This simp argument is unused:
  Fintype.card_fin

Hint: Omit it from the simp argument list.
  [apply] simp only [map_sum, map_mul, separateAlphabetPolynomial_rename_inl,
    separateAlphabetPolynomial_rename_inr] at h

Note: This linter can be disabled with `set_option linter.unusedSimpArgs false`
info: ModifiedCartan/SeparatedFrobeniusCauchy.lean:54:0: 'ModifiedCartan.finiteFrobeniusPolynomial_cauchy_separated' depends on axioms: [propext, Classical.choice, Quot.sound]
ℹ [4388/4499] Replayed ModifiedCartan.FormalFrobeniusKernel
info: ModifiedCartan/FormalFrobeniusKernel.lean:48:0: 'ModifiedCartan.finiteCauchyKernelSeries_alternant_coeff' depends on axioms: [propext, Classical.choice, Quot.sound]
ℹ [4389/4499] Replayed ModifiedCartan.AlternantCauchyExpansion
info: ModifiedCartan/AlternantCauchyExpansion.lean:55:0: 'ModifiedCartan.finiteAlternant_frobenius_expansion' depends on axioms: [propext, Classical.choice, Quot.sound]
ℹ [4390/4499] Replayed ModifiedCartan.DividedPowerAlternants
info: ModifiedCartan/DividedPowerAlternants.lean:43:0: 'ModifiedCartan.finiteDividedAlternant_eq_det' depends on axioms: [propext, Classical.choice, Quot.sound]
ℹ [4391/4499] Replayed ModifiedCartan.PolynomialAlternantTranslation
info: ModifiedCartan/PolynomialAlternantTranslation.lean:117:0: 'ModifiedCartan.dividedAlternant_translate_partition_coeff' depends on axioms: [propext, Classical.choice, Quot.sound]
ℹ [4392/4499] Replayed ModifiedCartan.PolynomialSpaceSchubert
info: ModifiedCartan/PolynomialSpaceSchubert.lean:68:0: 'ModifiedCartan.polynomialSpace_exists_schubertFrame' depends on axioms: [propext, Classical.choice, Quot.sound]
info: ModifiedCartan/PolynomialSpaceSchubert.lean:69:0: 'ModifiedCartan.schubertWronskiFibre_partitionSize' depends on axioms: [propext, Classical.choice, Quot.sound]
⚠ [4395/4499] Replayed ModifiedCartan.KPAlphaFullInduction
warning: ModifiedCartan/KPAlphaFullInduction.lean:40:0: automatically included section variable(s) unused in theorem `ModifiedCartan.kpSubsetExtension_full`:
  [Fintype A]
consider restructuring your `variable` declarations so that the variables are not in scope or explicitly omit them:
  omit [Fintype A] in theorem ...

Note: This linter can be disabled with `set_option linter.unusedSectionVars false`
⚠ [4396/4499] Replayed ModifiedCartan.KPFullCharacterAction
warning: ModifiedCartan/KPFullCharacterAction.lean:18:0: automatically included section variable(s) unused in theorem `ModifiedCartan.supportedPermutation_univ`:
  [DecidableEq A]
consider restructuring your `variable` declarations so that the variables are not in scope or explicitly omit them:
  omit [DecidableEq A] in theorem ...

Note: This linter can be disabled with `set_option linter.unusedSectionVars false`
warning: ModifiedCartan/KPFullCharacterAction.lean:49:2: Try this: 
  letI̵

The goal is a proposition, so `let` is preferred over `letI`.
The difference between `let` and `letI` is that `letI` inlines the value.
But this is not relevant for proofs because of proof irrelevance.

Note: This linter can be disabled with `set_option linter.style.haveILetI false`
warning: ModifiedCartan/KPFullCharacterAction.lean:50:2: Try this: 
  letI̵

The goal is a proposition, so `let` is preferred over `letI`.
The difference between `let` and `letI` is that `letI` inlines the value.
But this is not relevant for proofs because of proof irrelevance.

Note: This linter can be disabled with `set_option linter.style.haveILetI false`
⚠ [4475/4755] Replayed ModifiedCartan.KPAlphaConjugation
warning: ModifiedCartan/KPAlphaConjugation.lean:12:0: automatically included section variable(s) unused in theorem `ModifiedCartan.kpAlpha_conjugate`:
  [Fintype A]
consider restructuring your `variable` declarations so that the variables are not in scope or explicitly omit them:
  omit [Fintype A] in theorem ...

Note: This linter can be disabled with `set_option linter.unusedSectionVars false`
⚠ [4476/4755] Replayed ModifiedCartan.PermutationStar
warning: ModifiedCartan/PermutationStar.lean:14:0: automatically included section variable(s) unused in theorem `ModifiedCartan.permutationElement_mul`:
  [DecidableEq A]
consider restructuring your `variable` declarations so that the variables are not in scope or explicitly omit them:
  omit [DecidableEq A] in theorem ...

Note: This linter can be disabled with `set_option linter.unusedSectionVars false`
warning: ModifiedCartan/PermutationStar.lean:18:0: automatically included section variable(s) unused in theorem `ModifiedCartan.permutationElement_one`:
  [DecidableEq A]
consider restructuring your `variable` declarations so that the variables are not in scope or explicitly omit them:
  omit [DecidableEq A] in theorem ...

Note: This linter can be disabled with `set_option linter.unusedSectionVars false`
⚠ [4480/4755] Replayed ModifiedCartan.TotalTranspositionDeletion
warning: ModifiedCartan/TotalTranspositionDeletion.lean:13:0: automatically included section variable(s) unused in theorem `ModifiedCartan.supportedPermutation_extension_swap`:
  [Fintype A]
consider restructuring your `variable` declarations so that the variables are not in scope or explicitly omit them:
  omit [Fintype A] in theorem ...

Note: This linter can be disabled with `set_option linter.unusedSectionVars false`
⚠ [4483/4755] Replayed ModifiedCartan.SpechtRestrictionMultiplicity
warning: ModifiedCartan/SpechtRestrictionMultiplicity.lean:30:2: Try this: 
  letI̵

The goal is a proposition, so `let` is preferred over `letI`.
The difference between `let` and `letI` is that `letI` inlines the value.
But this is not relevant for proofs because of proof irrelevance.

Note: This linter can be disabled with `set_option linter.style.haveILetI false`
warning: ModifiedCartan/SpechtRestrictionMultiplicity.lean:51:2: Try this: 
  letI̵

The goal is a proposition, so `let` is preferred over `letI`.
The difference between `let` and `letI` is that `letI` inlines the value.
But this is not relevant for proofs because of proof irrelevance.

Note: This linter can be disabled with `set_option linter.style.haveILetI false`
⚠ [4484/4755] Replayed ModifiedCartan.TotalTranspositionOperator
warning: ModifiedCartan/TotalTranspositionOperator.lean:24:34: This simp argument is unused:
  Representation.asAlgebraHom_single_one

Hint: Omit it from the simp argument list.
  [apply] simp [h]

Note: This linter can be disabled with `set_option linter.unusedSimpArgs false`
⚠ [4485/4755] Replayed ModifiedCartan.KPAlphaEraseCommutator
warning: ModifiedCartan/KPAlphaEraseCommutator.lean:10:0: automatically included section variable(s) unused in theorem `ModifiedCartan.transpositionElement_comm`:
  [Fintype A]
consider restructuring your `variable` declarations so that the variables are not in scope or explicitly omit them:
  omit [Fintype A] in theorem ...

Note: This linter can be disabled with `set_option linter.unusedSectionVars false`
⚠ [4486/4755] Replayed ModifiedCartan.SizedSubsetInsertion
warning: ModifiedCartan/SizedSubsetInsertion.lean:40:0: automatically included section variable(s) unused in theorem `ModifiedCartan.sum_sizedLetterSubset`:
  [DecidableEq A]
consider restructuring your `variable` declarations so that the variables are not in scope or explicitly omit them:
  omit [DecidableEq A] in theorem ...

Note: This linter can be disabled with `set_option linter.unusedSectionVars false`
warning: ModifiedCartan/SizedSubsetInsertion.lean:45:0: automatically included section variable(s) unused in theorem `ModifiedCartan.sum_sizedLetterSubset_congr`:
  [DecidableEq A]
consider restructuring your `variable` declarations so that the variables are not in scope or explicitly omit them:
  omit [DecidableEq A] in theorem ...

Note: This linter can be disabled with `set_option linter.unusedSectionVars false`
⚠ [4487/4755] Replayed ModifiedCartan.KPSubsetWeights
warning: ModifiedCartan/KPSubsetWeights.lean:51:12: `dif_pos` has been deprecated: Use `dite_eq_left` instead
warning: ModifiedCartan/KPSubsetWeights.lean:52:12: `dif_neg` has been deprecated: Use `dite_eq_right` instead
⚠ [4488/4755] Replayed ModifiedCartan.FiniteInvolutionSum
warning: ModifiedCartan/FiniteInvolutionSum.lean:19:17: `if_pos` has been deprecated: Use `ite_eq_left` instead
warning: ModifiedCartan/FiniteInvolutionSum.lean:19:28: `if_neg` has been deprecated: Use `ite_eq_right` instead
warning: ModifiedCartan/FiniteInvolutionSum.lean:21:19: `if_neg` has been deprecated: Use `ite_eq_right` instead
warning: ModifiedCartan/FiniteInvolutionSum.lean:21:30: `if_pos` has been deprecated: Use `ite_eq_left` instead
warning: ModifiedCartan/FiniteInvolutionSum.lean:22:19: `if_neg` has been deprecated: Use `ite_eq_right` instead
warning: ModifiedCartan/FiniteInvolutionSum.lean:22:30: `if_neg` has been deprecated: Use `ite_eq_right` instead
⚠ [4506/4755] Replayed ModifiedCartan.CommonEigenvectors
warning: ModifiedCartan/CommonEigenvectors.lean:27:6: `push_neg` has been deprecated. Prefer using `push Not` instead.
If you'd rather continue using `push_neg` in your project, you can implement it as follows:
```
open Lean.Parser.Tactic in
macro "push_neg" cfg:optConfig loc:(location)? : tactic =>
  `(tactic| push $cfg:optConfig Not $[$loc]?)
```
warning: ModifiedCartan/CommonEigenvectors.lean:32:6: Try this: 
  letI̵

The goal is a proposition, so `let` is preferred over `letI`.
The difference between `let` and `letI` is that `letI` inlines the value.
But this is not relevant for proofs because of proof irrelevance.

Note: This linter can be disabled with `set_option linter.style.haveILetI false`
⚠ [4509/4755] Replayed ModifiedCartan.KPSubsetInduction
warning: ModifiedCartan/KPSubsetInduction.lean:17:0: automatically included section variable(s) unused in theorem `ModifiedCartan.kpSubsetExtension_erase`:
  [Fintype A]
consider restructuring your `variable` declarations so that the variables are not in scope or explicitly omit them:
  omit [Fintype A] in theorem ...

Note: This linter can be disabled with `set_option linter.unusedSectionVars false`
warning: ModifiedCartan/KPSubsetInduction.lean:64:14: `if_pos` has been deprecated: Use `ite_eq_left` instead
warning: ModifiedCartan/KPSubsetInduction.lean:64:25: `if_pos` has been deprecated: Use `ite_eq_left` instead
warning: ModifiedCartan/KPSubsetInduction.lean:66:14: `if_neg` has been deprecated: Use `ite_eq_right` instead
warning: ModifiedCartan/KPSubsetInduction.lean:66:25: `if_neg` has been deprecated: Use `ite_eq_right` instead
⚠ [4511/4755] Replayed ModifiedCartan.LegalMinorRowCovers
warning: ModifiedCartan/LegalMinorRowCovers.lean:53:11: `if_pos` has been deprecated: Use `ite_eq_left` instead
ℹ [4516/4755] Replayed ModifiedCartan.SchubertChartSlots
info: ModifiedCartan/SchubertChartSlots.lean:65:0: 'ModifiedCartan.schubertChartSlot_card' depends on axioms: [propext, Classical.choice, Quot.sound]
ℹ [4517/4755] Replayed ModifiedCartan.DividedAlternantTranslation
info: ModifiedCartan/DividedAlternantTranslation.lean:96:0: 'ModifiedCartan.finiteDividedAlternant_translation' depends on axioms: [propext, Classical.choice, Quot.sound]
⚠ [4518/4755] Replayed ModifiedCartan.FiniteGroupLinearCoefficients
warning: ModifiedCartan/FiniteGroupLinearCoefficients.lean:17:35: This simp argument is unused:
  MonoidAlgebra.coeff_smul_apply

Hint: Omit it from the simp argument list.
  [apply] simp [MonoidAlgebra.coeff_sum, MonoidAlgebra.coeff_single, Finsupp.finsetSum_apply, Finsupp.single_apply]

Note: This linter can be disabled with `set_option linter.unusedSimpArgs false`
warning: ModifiedCartan/FiniteGroupLinearCoefficients.lean:18:34: This simp argument is unused:
  Finsupp.finsetSum_apply

Hint: Omit it from the simp argument list.
  [apply] simp [MonoidAlgebra.coeff_sum, MonoidAlgebra.coeff_smul_apply, MonoidAlgebra.coeff_single,
    Finsupp.single_apply]

Note: This linter can be disabled with `set_option linter.unusedSimpArgs false`
warning: ModifiedCartan/FiniteGroupLinearCoefficients.lean:18:59: This simp argument is unused:
  Finsupp.single_apply

Hint: Omit it from the simp argument list.
  [apply] simp [MonoidAlgebra.coeff_sum, MonoidAlgebra.coeff_smul_apply, MonoidAlgebra.coeff_single,
    Finsupp.finsetSum_apply]

Note: This linter can be disabled with `set_option linter.unusedSimpArgs false`
info: ModifiedCartan/FiniteGroupLinearCoefficients.lean:61:0: 'ModifiedCartan.finiteGroup_polynomial_relation_linear' depends on axioms: [propext, Classical.choice, Quot.sound]
⚠ [4522/4755] Replayed ModifiedCartan.MarkerAssignmentDegree
warning: ModifiedCartan/MarkerAssignmentDegree.lean:42:78: `if_pos` has been deprecated: Use `ite_eq_left` instead
warning: ModifiedCartan/MarkerAssignmentDegree.lean:46:78: `if_neg` has been deprecated: Use `ite_eq_right` instead
warning: ModifiedCartan/MarkerAssignmentDegree.lean:55:10: `if_pos` has been deprecated: Use `ite_eq_left` instead
warning: ModifiedCartan/MarkerAssignmentDegree.lean:58:10: `if_neg` has been deprecated: Use `ite_eq_right` instead
⚠ [4529/4755] Replayed ModifiedCartan.FixedColoringDirectSum
warning: ModifiedCartan/FixedColoringDirectSum.lean:29:2: Try this: 
  letI̵

The goal is a proposition, so `let` is preferred over `letI`.
The difference between `let` and `letI` is that `letI` inlines the value.
But this is not relevant for proofs because of proof irrelevance.

Note: This linter can be disabled with `set_option linter.style.haveILetI false`
⚠ [4530/4755] Replayed ModifiedCartan.SigmaFiberPermutations
warning: ModifiedCartan/SigmaFiberPermutations.lean:41:17: `if_pos` has been deprecated: Use `ite_eq_left` instead
warning: ModifiedCartan/SigmaFiberPermutations.lean:42:37: `if_true` has been deprecated: Use `ite_true` instead
warning: ModifiedCartan/SigmaFiberPermutations.lean:43:10: `if_neg` has been deprecated: Use `ite_eq_right` instead
warning: ModifiedCartan/SigmaFiberPermutations.lean:41:17: This simp argument is unused:
  if_pos hal

Hint: Omit it from the simp argument list.
  [apply] simp only [sigmaFiberPermutation_other B c a (σ c) (σ a b) hac, List.mem_cons, hal, or_true, if_true]

Note: This linter can be disabled with `set_option linter.unusedSimpArgs false`
warning: ModifiedCartan/SigmaFiberPermutations.lean:57:53: `if_pos` has been deprecated: Use `ite_eq_left` instead
⚠ [4535/4755] Replayed ModifiedCartan.InvariantCycleSets
warning: ModifiedCartan/InvariantCycleSets.lean:14:0: automatically included section variable(s) unused in theorem `ModifiedCartan.mem_permutationCycleUnion`:
  [DecidableEq A]
consider restructuring your `variable` declarations so that the variables are not in scope or explicitly omit them:
  omit [DecidableEq A] in theorem ...

Note: This linter can be disabled with `set_option linter.unusedSectionVars false`
⚠ [4536/4755] Replayed ModifiedCartan.InvariantCycleSubsets
warning: ModifiedCartan/InvariantCycleSubsets.lean:39:0: automatically included section variable(s) unused in theorem `ModifiedCartan.permutationCycleUnion_card`:
  [DecidableEq A]
consider restructuring your `variable` declarations so that the variables are not in scope or explicitly omit them:
  omit [DecidableEq A] in theorem ...

Note: This linter can be disabled with `set_option linter.unusedSectionVars false`
⚠ [4542/4755] Replayed ModifiedCartan.ExtraColorEmbeddings
warning: ModifiedCartan/ExtraColorEmbeddings.lean:16:22: This simp argument is unused:
  Equiv.optionSubtypeNe_symm_self

Hint: Omit it from the simp argument list.
  [apply] simp [extraColorAt]

Note: This linter can be disabled with `set_option linter.unusedSimpArgs false`
⚠ [4544/4755] Replayed ModifiedCartan.EmbeddingMarkerAssignment
warning: ModifiedCartan/EmbeddingMarkerAssignment.lean:14:35: `dif_pos` has been deprecated: Use `dite_eq_left` instead
warning: ModifiedCartan/EmbeddingMarkerAssignment.lean:23:39: `dif_pos` has been deprecated: Use `dite_eq_left` instead
⚠ [4549/4755] Replayed ModifiedCartan.TransitivePermutationSign
warning: ModifiedCartan/TransitivePermutationSign.lean:13:4: Try this: 
  letI̵

The goal is a proposition, so `let` is preferred over `letI`.
The difference between `let` and `letI` is that `letI` inlines the value.
But this is not relevant for proofs because of proof irrelevance.

Note: This linter can be disabled with `set_option linter.style.haveILetI false`
warning: ModifiedCartan/TransitivePermutationSign.lean:14:4: Try this: 
  letI̵

The goal is a proposition, so `let` is preferred over `letI`.
The difference between `let` and `letI` is that `letI` inlines the value.
But this is not relevant for proofs because of proof irrelevance.

Note: This linter can be disabled with `set_option linter.style.haveILetI false`
warning: ModifiedCartan/TransitivePermutationSign.lean:18:4: Try this: 
  letI̵

The goal is a proposition, so `let` is preferred over `letI`.
The difference between `let` and `letI` is that `letI` inlines the value.
But this is not relevant for proofs because of proof irrelevance.

Note: This linter can be disabled with `set_option linter.style.haveILetI false`
⚠ [4550/4755] Replayed ModifiedCartan.TransitiveSigmaColorings
warning: ModifiedCartan/TransitiveSigmaColorings.lean:28:2: Try this: 
  letI̵

The goal is a proposition, so `let` is preferred over `letI`.
The difference between `let` and `letI` is that `letI` inlines the value.
But this is not relevant for proofs because of proof irrelevance.

Note: This linter can be disabled with `set_option linter.style.haveILetI false`
⚠ [4551/4755] Replayed ModifiedCartan.ComplementMarkerDegrees
warning: ModifiedCartan/ComplementMarkerDegrees.lean:37:24: Used `tac1 <;> tac2` where `(tac1; tac2)` would suffice

Note: This linter can be disabled with `set_option linter.unnecessarySeqFocus false`
⚠ [4554/4755] Replayed ModifiedCartan.SizedPartitionsInSquare
warning: ModifiedCartan/SizedPartitionsInSquare.lean:13:11: Variable name `μ` is not explicitly referenced.

Hint: The binding can be removed (if unused) or named `_` (if used implicitly). Alternatively, prefix the name with `_` to silence this warning:
  [apply] _μ

Note: This linter can be disabled with `set_option linter.unusedVariables false`
warning: ModifiedCartan/SizedPartitionsInSquare.lean:14:12: Variable name `μ` is not explicitly referenced.

Hint: The binding can be removed (if unused) or named `_` (if used implicitly). Alternatively, prefix the name with `_` to silence this warning:
  [apply] _μ

Note: This linter can be disabled with `set_option linter.unusedVariables false`
⚠ [4555/4755] Replayed ModifiedCartan.FiniteSubtypeSupports
warning: ModifiedCartan/FiniteSubtypeSupports.lean:70:11: Variable name `a` is not explicitly referenced.

Hint: The binding can be removed (if unused) or named `_` (if used implicitly). Alternatively, prefix the name with `_` to silence this warning:
  [apply] _a

Note: This linter can be disabled with `set_option linter.unusedVariables false`
warning: ModifiedCartan/FiniteSubtypeSupports.lean:71:12: Variable name `a` is not explicitly referenced.

Hint: The binding can be removed (if unused) or named `_` (if used implicitly). Alternatively, prefix the name with `_` to silence this warning:
  [apply] _a

Note: This linter can be disabled with `set_option linter.unusedVariables false`
ℹ [4560/4755] Replayed ModifiedCartan.FiniteFinAlphabetShift
info: ModifiedCartan/FiniteFinAlphabetShift.lean:80:0: 'ModifiedCartan.finiteBernstein_mul_vandermonde' depends on axioms: [propext, Classical.choice, Quot.sound]
⚠ [4563/4755] Replayed ModifiedCartan.FrobeniusCoefficientMultiplicity
warning: ModifiedCartan/FrobeniusCoefficientMultiplicity.lean:18:2: Try this: 
  letI̵

The goal is a proposition, so `let` is preferred over `letI`.
The difference between `let` and `letI` is that `letI` inlines the value.
But this is not relevant for proofs because of proof irrelevance.

Note: This linter can be disabled with `set_option linter.style.haveILetI false`
⚠ [4565/4755] Replayed ModifiedCartan.YoungSpechtGenerator
warning: ModifiedCartan/YoungSpechtGenerator.lean:33:2: Try this: 
  letI̵

The goal is a proposition, so `let` is preferred over `letI`.
The difference between `let` and `letI` is that `letI` inlines the value.
But this is not relevant for proofs because of proof irrelevance.

Note: This linter can be disabled with `set_option linter.style.haveILetI false`
ℹ [4567/4755] Replayed ModifiedCartan.WeightedOrthogonalTriangularity
info: ModifiedCartan/WeightedOrthogonalTriangularity.lean:54:0: 'ModifiedCartan.weighted_triangular_orthogonal_identity' depends on axioms: [propext, Classical.choice, Quot.sound]
⚠ [4568/4755] Replayed ModifiedCartan.YoungHeightCollision
warning: ModifiedCartan/YoungHeightCollision.lean:17:2: `push_neg` has been deprecated. Prefer using `push Not` instead.
If you'd rather continue using `push_neg` in your project, you can implement it as follows:
```
open Lean.Parser.Tactic in
macro "push_neg" cfg:optConfig loc:(location)? : tactic =>
  `(tactic| push $cfg:optConfig Not $[$loc]?)
```
info: ModifiedCartan/YoungHeightCollision.lean:32:0: 'ModifiedCartan.youngFirstColumn_color_collision' depends on axioms: [propext, Classical.choice, Quot.sound]
ℹ [4570/4755] Replayed ModifiedCartan.PolynomialJetMatrixGauge
info: ModifiedCartan/PolynomialJetMatrixGauge.lean:73:0: 'ModifiedCartan.polynomialMatrixGauge_exists_identity_jets' depends on axioms: [propext, Classical.choice, Quot.sound]
ℹ [4572/4755] Replayed ModifiedCartan.AlternatingDualDescent
info: ModifiedCartan/AlternatingDualDescent.lean:84:0: 'ModifiedCartan.alternatingDual_descent' depends on axioms: [propext, Classical.choice, Quot.sound]
ℹ [4573/4755] Replayed ModifiedCartan.PolynomialPrimitives
info: ModifiedCartan/PolynomialPrimitives.lean:62:0: 'ModifiedCartan.complexPolynomialPrimitive_derivative' depends on axioms: [propext, Classical.choice, Quot.sound]
ℹ [4574/4755] Replayed ModifiedCartan.MinorDimensionStep
info: ModifiedCartan/MinorDimensionStep.lean:76:0: 'ModifiedCartan.partitionPolynomialMinor_cons_constant' depends on axioms: [propext, Classical.choice, Quot.sound]
⚠ [4575/4916] Replayed ModifiedCartan.SubsetRepresentationOperators
warning: ModifiedCartan/SubsetRepresentationOperators.lean:12:0: automatically included section variable(s) unused in theorem `ModifiedCartan.asAlgebraHom_subsetExtension`:
  [Fintype A]
  [DecidableEq A]
consider restructuring your `variable` declarations so that the variables are not in scope or explicitly omit them:
  omit [Fintype A] [DecidableEq A] in theorem ...

Note: This linter can be disabled with `set_option linter.unusedSectionVars false`
⚠ [4576/4916] Replayed ModifiedCartan.KPAlphaPositive
warning: ModifiedCartan/KPAlphaPositive.lean:16:4: Try this: 
  letI̵

The goal is a proposition, so `let` is preferred over `letI`.
The difference between `let` and `letI` is that `letI` inlines the value.
But this is not relevant for proofs because of proof irrelevance.

Note: This linter can be disabled with `set_option linter.style.haveILetI false`
ℹ [4577/4916] Replayed ModifiedCartan.KPAlphaExpectation
info: ModifiedCartan/KPAlphaExpectation.lean:30:0: 'ModifiedCartan.kpAlpha_expectation_bound' depends on axioms: [propext, Classical.choice, Quot.sound]
ℹ [4578/4916] Replayed ModifiedCartan.KPExpectationExpansion
info: ModifiedCartan/KPExpectationExpansion.lean:44:0: 'ModifiedCartan.kpBeta_expectation_div_product' depends on axioms: [propext, Classical.choice, Quot.sound]
⚠ [4579/4916] Replayed ModifiedCartan.KPGaudinReduction
warning: ModifiedCartan/KPGaudinReduction.lean:20:0: automatically included section variable(s) unused in theorem `ModifiedCartan.kpGaudin_weight_cancel`:
  [Fintype A]
  [DecidableEq A]
consider restructuring your `variable` declarations so that the variables are not in scope or explicitly omit them:
  omit [Fintype A] [DecidableEq A] in theorem ...

Note: This linter can be disabled with `set_option linter.unusedSectionVars false`
⚠ [4581/4916] Replayed ModifiedCartan.GaudinDegenerationScalar
warning: ModifiedCartan/GaudinDegenerationScalar.lean:40:39: `if_neg` has been deprecated: Use `ite_eq_right` instead
⚠ [4588/4916] Replayed ModifiedCartan.YoungTranspositionScalar
warning: ModifiedCartan/YoungTranspositionScalar.lean:43:2: Try this: 
  letI̵

The goal is a proposition, so `let` is preferred over `letI`.
The difference between `let` and `letI` is that `letI` inlines the value.
But this is not relevant for proofs because of proof irrelevance.

Note: This linter can be disabled with `set_option linter.style.haveILetI false`
⚠ [4593/4916] Replayed ModifiedCartan.SpechtCornerDirectSum
warning: ModifiedCartan/SpechtCornerDirectSum.lean:22:0: automatically included section variable(s) unused in theorem `ModifiedCartan.spechtCorner_finrank_sum`:
  [DecidableEq A]
consider restructuring your `variable` declarations so that the variables are not in scope or explicitly omit them:
  omit [DecidableEq A] in theorem ...

Note: This linter can be disabled with `set_option linter.unusedSectionVars false`
⚠ [4594/4916] Replayed ModifiedCartan.IsotypicAnnihilator
warning: ModifiedCartan/IsotypicAnnihilator.lean:36:2: Try this: 
  letI̵

The goal is a proposition, so `let` is preferred over `letI`.
The difference between `let` and `letI` is that `letI` inlines the value.
But this is not relevant for proofs because of proof irrelevance.

Note: This linter can be disabled with `set_option linter.style.haveILetI false`
⚠ [4595/4916] Replayed ModifiedCartan.SpechtAlgebraFaithful
warning: ModifiedCartan/SpechtAlgebraFaithful.lean:24:2: Try this: 
  letI̵

The goal is a proposition, so `let` is preferred over `letI`.
The difference between `let` and `letI` is that `letI` inlines the value.
But this is not relevant for proofs because of proof irrelevance.

Note: This linter can be disabled with `set_option linter.style.haveILetI false`
⚠ [4597/4916] Replayed ModifiedCartan.KPCoefficientGrowthPaths
warning: ModifiedCartan/KPCoefficientGrowthPaths.lean:35:4: Try this: 
  haveI̵

The goal is a proposition, so `have` is preferred over `haveI`.
The difference between `have` and `haveI` is that `haveI` inlines the value.
But this is not relevant for proofs because of proof irrelevance.

Note: This linter can be disabled with `set_option linter.style.haveILetI false`
ℹ [4603/4916] Replayed ModifiedCartan.SymmetricPolynomialSpecialization
info: ModifiedCartan/SymmetricPolynomialSpecialization.lean:62:0: 'ModifiedCartan.symmetricPolynomial_exists_specialization' depends on axioms: [propext, Classical.choice, Quot.sound]
⚠ [4605/4916] Replayed ModifiedCartan.KPColumnSupportedExpansion
warning: ModifiedCartan/KPColumnSupportedExpansion.lean:41:19: `if_true` has been deprecated: Use `ite_true` instead
warning: ModifiedCartan/KPColumnSupportedExpansion.lean:43:19: `if_false` has been deprecated: Use `ite_false` instead
⚠ [4618/4916] Replayed ModifiedCartan.CompositionLaurentWeights
warning: ModifiedCartan/CompositionLaurentWeights.lean:36:4: This simp argument is unused:
  laurentMarkerEquiv_C_C

Hint: Omit it from the simp argument list.
  [apply] simp only [compositionJacobianWeight, map_mul, laurentMarkerEquiv_X, laurentMarkerEquiv_C_T, map_natCast]

Note: This linter can be disabled with `set_option linter.unusedSimpArgs false`
⚠ [4619/4916] Replayed ModifiedCartan.NormalizedGeometricLaurent
warning: ModifiedCartan/NormalizedGeometricLaurent.lean:33:54: Used `tac1 <;> tac2` where `(tac1; tac2)` would suffice

Note: This linter can be disabled with `set_option linter.unnecessarySeqFocus false`
warning: ModifiedCartan/NormalizedGeometricLaurent.lean:33:66: Used `tac1 <;> tac2` where `(tac1; tac2)` would suffice

Note: This linter can be disabled with `set_option linter.unnecessarySeqFocus false`
⚠ [4627/4916] Replayed ModifiedCartan.MarkerSquarefreeJacobian
warning: ModifiedCartan/MarkerSquarefreeJacobian.lean:27:10: `if_neg` has been deprecated: Use `ite_eq_right` instead
warning: ModifiedCartan/MarkerSquarefreeJacobian.lean:43:22: This simp argument is unused:
  ← Finset.sum_filter

Hint: Omit it from the simp argument list.
  [apply] simp

Note: Simp arguments with `←` have the additional effect of removing the other direction from the simp set, even if the simp argument itself is unused. If the hint above does not work, try replacing `←` with `-` to only get that effect and silence this warning.

Note: This linter can be disabled with `set_option linter.unusedSimpArgs false`
ℹ [4641/4916] Replayed ModifiedCartan.FiniteBernsteinCoefficients
info: ModifiedCartan/FiniteBernsteinCoefficients.lean:58:0: 'ModifiedCartan.finiteBernstein_residue_mul_vandermonde' depends on axioms: [propext, Classical.choice, Quot.sound]
⚠ [4642/4916] Replayed ModifiedCartan.YoungFrobeniusCoefficients
warning: ModifiedCartan/YoungFrobeniusCoefficients.lean:31:2: Try this: 
  letI̵

The goal is a proposition, so `let` is preferred over `letI`.
The difference between `let` and `letI` is that `letI` inlines the value.
But this is not relevant for proofs because of proof irrelevance.

Note: This linter can be disabled with `set_option linter.style.haveILetI false`
⚠ [4645/4916] Replayed ModifiedCartan.FrobeniusAlternantTriangularity
warning: ModifiedCartan/FrobeniusAlternantTriangularity.lean:22:10: `if_pos` has been deprecated: Use `ite_eq_left` instead
warning: ModifiedCartan/FrobeniusAlternantTriangularity.lean:24:10: `if_neg` has been deprecated: Use `ite_eq_right` instead
info: ModifiedCartan/FrobeniusAlternantTriangularity.lean:51:0: 'ModifiedCartan.finiteVandermondeFrobenius_coeff_zero_of_le_ne' depends on axioms: [propext,
 Classical.choice,
 Quot.sound]
info: ModifiedCartan/FrobeniusAlternantTriangularity.lean:52:0: 'ModifiedCartan.finiteVandermondeFrobenius_diagonal_nat' depends on axioms: [propext, Classical.choice, Quot.sound]
ℹ [4646/4916] Replayed ModifiedCartan.FrobeniusAlternantOrthogonality
info: ModifiedCartan/FrobeniusAlternantOrthogonality.lean:63:0: 'ModifiedCartan.frobeniusAlternantCoefficient_orthogonality' depends on axioms: [propext, Classical.choice, Quot.sound]
info: ModifiedCartan/FrobeniusAlternantOrthogonality.lean:64:0: 'ModifiedCartan.frobeniusAlternantCoefficient_identity_of_size_le' depends on axioms: [propext,
 Classical.choice,
 Quot.sound]
ℹ [4647/4916] Replayed ModifiedCartan.FrobeniusHeightVanishing
info: ModifiedCartan/FrobeniusHeightVanishing.lean:34:0: 'ModifiedCartan.finiteFrobeniusPolynomial_eq_zero_of_height' depends on axioms: [propext, Classical.choice, Quot.sound]
ℹ [4648/4916] Replayed ModifiedCartan.FittingFrobeniusOrthogonality
info: ModifiedCartan/FittingFrobeniusOrthogonality.lean:65:0: 'ModifiedCartan.frobeniusAlternantCoefficient_identity' depends on axioms: [propext, Classical.choice, Quot.sound]
ℹ [4649/4916] Replayed ModifiedCartan.PolynomialTensorFunctional
info: ModifiedCartan/PolynomialTensorFunctional.lean:88:0: 'ModifiedCartan.polynomialTensorFunctional_alternant' depends on axioms: [propext, Classical.choice, Quot.sound]
ℹ [4650/4916] Replayed ModifiedCartan.AlternatingDualDeterminant
info: ModifiedCartan/AlternatingDualDeterminant.lean:43:0: 'ModifiedCartan.alternatingDual_eq_scalar_det' depends on axioms: [propext, Classical.choice, Quot.sound]
ℹ [4653/4916] Replayed ModifiedCartan.PolynomialMapDensity
info: ModifiedCartan/PolynomialMapDensity.lean:81:0: 'ModifiedCartan.polynomial_eq_zero_of_zero_on_every_fibre' depends on axioms: [propext, Classical.choice, Quot.sound]
ℹ [4654/4916] Replayed ModifiedCartan.ClosedJointEigenprofiles
info: ModifiedCartan/ClosedJointEigenprofiles.lean:62:0: 'ModifiedCartan.isClosed_commonEigenvector_parameters' depends on axioms: [propext, Classical.choice, Quot.sound]
ℹ [4660/4916] Replayed ModifiedCartan.SymmetricOrbitPolynomial
info: ModifiedCartan/SymmetricOrbitPolynomial.lean:63:0: 'ModifiedCartan.eval₂_eq_zero_of_symmetricOrbitPolynomial' depends on axioms: [propext, Classical.choice, Quot.sound]
ℹ [4661/4916] Replayed ModifiedCartan.JointEigenvectorDeterminants
info: ModifiedCartan/JointEigenvectorDeterminants.lean:67:0: 'ModifiedCartan.commonEigenvector_iff_forall_det_eq_zero' depends on axioms: [propext, Classical.choice, Quot.sound]
ℹ [4662/4916] Replayed ModifiedCartan.SchubertMinorRatios
info: ModifiedCartan/SchubertMinorRatios.lean:40:0: 'ModifiedCartan.normalizedSchubertCoordinate_div_bot' depends on axioms: [propext, Classical.choice, Quot.sound]
⚠ [4663/4916] Replayed FewInflection.PluckerBounds
warning: FewInflection/PluckerBounds.lean:44:4: try 'simp' instead of 'simpa'

Note: This linter can be disabled with `set_option linter.unnecessarySimpa false`
ℹ [4664/4916] Replayed ModifiedCartan.FiniteMeasureTuples
info: ModifiedCartan/FiniteMeasureTuples.lean:46:0: 'ModifiedCartan.tendstoInMeasure_finite_pi' depends on axioms: [propext, Classical.choice, Quot.sound]
ℹ [4665/4916] Replayed ModifiedCartan.HolomorphicCompactness
info: ModifiedCartan/HolomorphicCompactness.lean:162:0: 'ModifiedCartan.exists_uniformly_convergent_subsequence_of_lipschitzOn' depends on axioms: [propext,
 Classical.choice,
 Quot.sound]
info: ModifiedCartan/HolomorphicCompactness.lean:163:0: 'ModifiedCartan.holomorphic_deriv_bound_on_inner_disk' depends on axioms: [propext, Classical.choice, Quot.sound]
info: ModifiedCartan/HolomorphicCompactness.lean:164:0: 'ModifiedCartan.exists_holomorphic_uniform_limit_on_inner_disk' depends on axioms: [propext,
 Classical.choice,
 Quot.sound]
info: ModifiedCartan/HolomorphicCompactness.lean:165:0: 'ModifiedCartan.exists_simultaneous_holomorphic_uniform_limits' depends on axioms: [propext,
 Classical.choice,
 Quot.sound]
ℹ [4666/4916] Replayed ModifiedCartan.MeasureDilationCompatibility
info: ModifiedCartan/MeasureDilationCompatibility.lean:41:0: 'ModifiedCartan.LocalMeasureConvergence.dilation_compatible' depends on axioms: [propext, Classical.choice, Quot.sound]
ℹ [4667/4916] Replayed ModifiedCartan.AllScaleCauchyBounds
info: ModifiedCartan/AllScaleCauchyBounds.lean:89:0: 'ModifiedCartan.dilation_weight_eq_nat_of_uniform_local_bounds' depends on axioms: [propext,
 Classical.choice,
 Quot.sound]
ℹ [4668/4916] Replayed ModifiedCartan.EventualTaylor
info: ModifiedCartan/EventualTaylor.lean:99:0: 'ModifiedCartan.Paper.eq_taylorerror_eventual' depends on axioms: [propext, Classical.choice, Quot.sound]
info: ModifiedCartan/EventualTaylor.lean:100:0: 'ModifiedCartan.determinant_error_of_taylor_jets' depends on axioms: [propext, Classical.choice, Quot.sound]
ℹ [4669/4916] Replayed ModifiedCartan.SeparatingRadius
info: ModifiedCartan/SeparatingRadius.lean:77:0: 'ModifiedCartan.exists_separating_radius_root_indices' depends on axioms: [propext, Classical.choice, Quot.sound]
ℹ [4670/4916] Replayed ModifiedCartan.SmallPolynomialLog
info: ModifiedCartan/SmallPolynomialLog.lean:108:0: 'ModifiedCartan.Paper.eq_small_polynomial_log' depends on axioms: [propext, Classical.choice, Quot.sound]
ℹ [4671/4916] Replayed ModifiedCartan.LocalL1Max
info: ModifiedCartan/LocalL1Max.lean:50:0: 'ModifiedCartan.LocalLpConvergence.max' depends on axioms: [propext, Classical.choice, Quot.sound]
info: ModifiedCartan/LocalL1Max.lean:51:0: 'ModifiedCartan.localLpConvergence_finset_sup'' depends on axioms: [propext, Classical.choice, Quot.sound]
ℹ [4672/4916] Replayed ModifiedCartan.LocalL1SmallError
info: ModifiedCartan/LocalL1SmallError.lean:49:0: 'ModifiedCartan.LocalLpConvergence.of_ae_uniform_error' depends on axioms: [propext, Classical.choice, Quot.sound]
ℹ [4673/4916] Replayed ModifiedCartan.NormalizedNormMax
info: ModifiedCartan/NormalizedNormMax.lean:45:0: 'ModifiedCartan.normalized_log_pi_norm_eq_max' depends on axioms: [propext, Classical.choice, Quot.sound]
info: ModifiedCartan/NormalizedNormMax.lean:46:0: 'ModifiedCartan.normalized_log_euclideanNorm_sub_max_bound' depends on axioms: [propext, Classical.choice, Quot.sound]
ℹ [4674/4916] Replayed ModifiedCartan.SubharmonicSup
info: ModifiedCartan/SubharmonicSup.lean:42:0: 'ModifiedCartan.IsSubharmonicOn.sup' depends on axioms: [propext, Classical.choice, Quot.sound]
info: ModifiedCartan/SubharmonicSup.lean:43:0: 'ModifiedCartan.isSubharmonicOn_finset_sup' depends on axioms: [propext, Classical.choice, Quot.sound]
ℹ [4677/4916] Replayed ModifiedCartan.DiskCircleUpper
info: ModifiedCartan/DiskCircleUpper.lean:69:0: 'ModifiedCartan.diskAverage_le_of_circleAverage_le' depends on axioms: [propext, Classical.choice, Quot.sound]
⚠ [4678/4916] Replayed ModifiedCartan.SubharmonicOrigin
warning: ModifiedCartan/SubharmonicOrigin.lean:17:5: Variable name `hC` is not explicitly referenced.

Hint: The binding can be removed (if unused) or named `_` (if used implicitly). Alternatively, prefix the name with `_` to silence this warning:
  [apply] _hC

Note: This linter can be disabled with `set_option linter.unusedVariables false`
info: ModifiedCartan/SubharmonicOrigin.lean:85:0: 'ModifiedCartan.subharmonic_origin_bound_of_disk_means' depends on axioms: [propext, Classical.choice, Quot.sound]
ℹ [4679/4916] Replayed ModifiedCartan.UnitaryNorm
info: ModifiedCartan/UnitaryNorm.lean:116:0: 'ModifiedCartan.euclideanNorm_vecMul_unitary' depends on axioms: [propext, Classical.choice, Quot.sound]
info: ModifiedCartan/UnitaryNorm.lean:117:0: 'ModifiedCartan.exists_unitary_gram_diagonal' depends on axioms: [propext, Classical.choice, Quot.sound]
info: ModifiedCartan/UnitaryNorm.lean:118:0: 'ModifiedCartan.exists_unitary_positive_column_norms' depends on axioms: [propext, Classical.choice, Quot.sound]
ℹ [4681/4916] Replayed ModifiedCartan.NormalizedFundamentalODE
info: ModifiedCartan/NormalizedFundamentalODE.lean:84:0: 'ModifiedCartan.normalized_ode_weak_gradient_zero' depends on axioms: [propext, Classical.choice, Quot.sound]
ℹ [4682/4916] Replayed ModifiedCartan.ExponentialLogComparison
info: ModifiedCartan/ExponentialLogComparison.lean:64:0: 'ModifiedCartan.normalized_log_tendsto_of_exponential_close' depends on axioms: [propext, Classical.choice, Quot.sound]
ℹ [4683/4916] Replayed ModifiedCartan.PolynomialInitialBasisExistence
info: ModifiedCartan/PolynomialInitialBasisExistence.lean:63:0: 'ModifiedCartan.polynomialBasis_exists_identity_jets' depends on axioms: [propext, Classical.choice, Quot.sound]
ℹ [4684/4916] Replayed ModifiedCartan.ReplacedMinorOrders
info: ModifiedCartan/ReplacedMinorOrders.lean:88:0: 'ModifiedCartan.sortedReplacementOrders_partitionSize' depends on axioms: [propext, Classical.choice, Quot.sound]
ℹ [4685/4916] Replayed ModifiedCartan.EuclideanTriangle
info: ModifiedCartan/EuclideanTriangle.lean:34:0: 'ModifiedCartan.euclideanNorm_difference_le_of_component_error' depends on axioms: [propext,
 Classical.choice,
 Quot.sound]
ℹ [4686/4916] Replayed ModifiedCartan.LocalMidpointMaximum
info: ModifiedCartan/LocalMidpointMaximum.lean:61:0: 'ModifiedCartan.le_chord_of_continuous_local_midpoint' depends on axioms: [propext, Classical.choice, Quot.sound]
ℹ [4687/4916] Replayed ModifiedCartan.RadialConvexBalance
info: ModifiedCartan/RadialConvexBalance.lean:42:0: 'ModifiedCartan.convex_radial_bound_of_zero' depends on axioms: [propext, Classical.choice, Quot.sound]
info: ModifiedCartan/RadialConvexBalance.lean:43:0: 'ModifiedCartan.finite_balance_forces_equality' depends on axioms: [propext, Classical.choice, Quot.sound]
ℹ [4688/4916] Replayed ModifiedCartan.CurveCoordinateCounting
info: ModifiedCartan/CurveCoordinateCounting.lean:105:0: 'ModifiedCartan.coordinate_logCounting_le_characteristic' depends on axioms: [propext, Classical.choice, Quot.sound]
info: ModifiedCartan/CurveCoordinateCounting.lean:106:0: 'ModifiedCartan.coordinate_reciprocal_roots_summable' depends on axioms: [propext, Classical.choice, Quot.sound]
ℹ [4689/4916] Replayed ModifiedCartan.ComplexRectangleIntegral
info: ModifiedCartan/ComplexRectangleIntegral.lean:67:0: 'ModifiedCartan.integral_complexClosedRectangle' depends on axioms: [propext, Classical.choice, Quot.sound]
info: ModifiedCartan/ComplexRectangleIntegral.lean:68:0: 'ModifiedCartan.LocalLpConvergence.rectangle_integral_norm_sub' depends on axioms: [propext,
 Classical.choice,
 Quot.sound]
ℹ [4690/4916] Replayed ModifiedCartan.LocalAffineMaximum
info: ModifiedCartan/LocalAffineMaximum.lean:74:0: 'ModifiedCartan.IsSubharmonicOn.locally_eq_phaseAffineMax' depends on axioms: [propext, Classical.choice, Quot.sound]
⚠ [4691/4916] Replayed ModifiedCartan.DichotomyKernels
warning: ModifiedCartan/DichotomyKernels.lean:71:15: This simp argument is unused:
  Pi.mul_apply

Hint: Omit it from the simp argument list.
  [apply] simp only [norm_mul]

Note: This linter can be disabled with `set_option linter.unusedSimpArgs false`
warning: ModifiedCartan/DichotomyKernels.lean:81:17: This simp argument is unused:
  Pi.mul_apply

Hint: Omit it from the simp argument list.
  [apply] simp only [norm_mul]

Note: This linter can be disabled with `set_option linter.unusedSimpArgs false`
info: ModifiedCartan/DichotomyKernels.lean:97:0: 'ModifiedCartan.dichotomyIntegral_norm_le' depends on axioms: [propext, Classical.choice, Quot.sound]
info: ModifiedCartan/DichotomyKernels.lean:98:0: 'ModifiedCartan.dichotomyIntegral_tendsto_zero' depends on axioms: [propext, Classical.choice, Quot.sound]
⚠ [4692/4916] Replayed ModifiedCartan.LinearPicardTerms
warning: ModifiedCartan/LinearPicardTerms.lean:31:0: automatically included section variable(s) unused in theorem `ModifiedCartan.linearPicardTerm_succ_zero`:
  [CompleteSpace V]
consider restructuring your `variable` declarations so that the variables are not in scope or explicitly omit them:
  omit [CompleteSpace V] in theorem ...

Note: This linter can be disabled with `set_option linter.unusedSectionVars false`
warning: ModifiedCartan/LinearPicardTerms.lean:37:0: automatically included section variable(s) unused in theorem `ModifiedCartan.linearPicardTerm_norm_le`:
  [CompleteSpace V]
consider restructuring your `variable` declarations so that the variables are not in scope or explicitly omit them:
  omit [CompleteSpace V] in theorem ...

Note: This linter can be disabled with `set_option linter.unusedSectionVars false`
warning: ModifiedCartan/LinearPicardTerms.lean:67:72: Used `tac1 <;> tac2` where `(tac1; tac2)` would suffice

Note: This linter can be disabled with `set_option linter.unnecessarySeqFocus false`
info: ModifiedCartan/LinearPicardTerms.lean:78:0: 'ModifiedCartan.linearPicardTerm_norm_le' depends on axioms: [propext, Classical.choice, Quot.sound]
info: ModifiedCartan/LinearPicardTerms.lean:79:0: 'ModifiedCartan.linearPicardTerm_summable' depends on axioms: [propext, Classical.choice, Quot.sound]
ℹ [4700/4917] Replayed ModifiedCartan.FiniteFrobeniusSchur
info: ModifiedCartan/FiniteFrobeniusSchur.lean:52:0: 'ModifiedCartan.finiteFrobeniusPolynomial_mul_alternant' depends on axioms: [propext, Classical.choice, Quot.sound]
info: ModifiedCartan/FiniteFrobeniusSchur.lean:53:0: 'ModifiedCartan.finiteFrobeniusPolynomial_schur_determinant' depends on axioms: [propext, Classical.choice, Quot.sound]
ℹ [4702/4917] Replayed ModifiedCartan.TwoPowerCauchy
info: ModifiedCartan/TwoPowerCauchy.lean:9:0: pow_le_pow_left₀.{u_2} {M₀ : Type u_2} [MonoidWithZero M₀] [Preorder M₀] {a b : M₀} [PosMulMono M₀] [MulPosMono M₀]
  (ha : 0 ≤ a) (hab : a ≤ b) (n : ℕ) : a ^ n ≤ b ^ n
info: ModifiedCartan/TwoPowerCauchy.lean:62:0: 'ModifiedCartan.norm_iteratedDeriv_le_of_two_power_germ' depends on axioms: [propext, Classical.choice, Quot.sound]
ℹ [4703/4917] Replayed ModifiedCartan.TwoPowerExponents
info: ModifiedCartan/TwoPowerExponents.lean:62:0: 'ModifiedCartan.two_power_exponents_straddle_zero' depends on axioms: [propext, Classical.choice, Quot.sound]
info: ModifiedCartan/TwoPowerExponents.lean:63:0: 'ModifiedCartan.weight_zero_of_two_power_bounds' depends on axioms: [propext, Classical.choice, Quot.sound]
ℹ [4704/4917] Replayed ModifiedCartan.MeasureDilation
info: ModifiedCartan/MeasureDilation.lean:30:0: 'ModifiedCartan.LocalMeasureConvergence.dilate_const_mul' depends on axioms: [propext, Classical.choice, Quot.sound]
ℹ [4705/4917] Replayed ModifiedCartan.ReplacementRootData
info: ModifiedCartan/ReplacementRootData.lean:63:0: 'ModifiedCartan.replacement_root_data' depends on axioms: [propext, Classical.choice, Quot.sound]
ℹ [4706/4917] Replayed ModifiedCartan.PolynomialApproximationLog
info: ModifiedCartan/PolynomialApproximationLog.lean:102:0: 'ModifiedCartan.polynomial_approximation_log_localL1_zero' depends on axioms: [propext, Classical.choice, Quot.sound]
ℹ [4707/4917] Replayed ModifiedCartan.NormalizedNormLimit
info: ModifiedCartan/NormalizedNormLimit.lean:40:0: 'ModifiedCartan.normalized_euclidean_log_localL1_limit' depends on axioms: [propext, Classical.choice, Quot.sound]
ℹ [4708/4917] Replayed ModifiedCartan.FiniteLogMax
info: ModifiedCartan/FiniteLogMax.lean:54:0: 'ModifiedCartan.subharmonic_coordinate_max_nonneg' depends on axioms: [propext, Classical.choice, Quot.sound]
ℹ [4710/4917] Replayed ModifiedCartan.DiskMeanLimits
info: ModifiedCartan/DiskMeanLimits.lean:79:0: 'ModifiedCartan.arbitrary_norm_limit_disk_average_bound' depends on axioms: [propext, Classical.choice, Quot.sound]
ℹ [4711/4917] Replayed ModifiedCartan.ScaledPolynomialJets
info: ModifiedCartan/ScaledPolynomialJets.lean:88:0: 'ModifiedCartan.exists_polynomial_unitary_jet_lengths' depends on axioms: [propext, Classical.choice, Quot.sound]
info: ModifiedCartan/ScaledPolynomialJets.lean:89:0: 'ModifiedCartan.polynomialMatrixGauge_unitary_wronskian_norm' depends on axioms: [propext, Classical.choice, Quot.sound]
ℹ [4712/4917] Replayed ModifiedCartan.NormalizedGradientEquation
info: ModifiedCartan/NormalizedGradientEquation.lean:62:0: 'ModifiedCartan.normalized_ode_weak_gradient_polynomial' depends on axioms: [propext, Classical.choice, Quot.sound]
⚠ [4713/4917] Replayed ModifiedCartan.MonicEquationBound
warning: ModifiedCartan/MonicEquationBound.lean:37:4: `continuousOn_finset_sum` has been deprecated: Use `continuousOn_finsetSum` instead
info: ModifiedCartan/MonicEquationBound.lean:50:0: 'ModifiedCartan.norm_le_of_monic_equation' depends on axioms: [propext, Classical.choice, Quot.sound]
info: ModifiedCartan/MonicEquationBound.lean:51:0: 'ModifiedCartan.monic_equation_gradient_bound_on_compact' depends on axioms: [propext, Classical.choice, Quot.sound]
ℹ [4714/4917] Replayed ModifiedCartan.SingularExponentLimits
info: ModifiedCartan/SingularExponentLimits.lean:61:0: 'ModifiedCartan.exists_balanced_finite_limit' depends on axioms: [propext, Classical.choice, Quot.sound]
info: ModifiedCartan/SingularExponentLimits.lean:62:0: 'ModifiedCartan.singular_log_sum_tendsto_zero' depends on axioms: [propext, Classical.choice, Quot.sound]
ℹ [4715/4917] Replayed ModifiedCartan.JetLengthBounds
info: ModifiedCartan/JetLengthBounds.lean:67:0: 'ModifiedCartan.scaledJetLength_le_of_sphere_bound' depends on axioms: [propext, Classical.choice, Quot.sound]
info: ModifiedCartan/JetLengthBounds.lean:68:0: 'ModifiedCartan.derivative_norm_le_scaledJetLength' depends on axioms: [propext, Classical.choice, Quot.sound]
ℹ [4716/4917] Replayed ModifiedCartan.PolynomialInitialBasisCoordinates
info: ModifiedCartan/PolynomialInitialBasisCoordinates.lean:54:0: 'ModifiedCartan.polynomialBasis_existsUnique_identity_jets' depends on axioms: [propext, Classical.choice, Quot.sound]
ℹ [4717/4917] Replayed ModifiedCartan.LocalToGlobalConvexity
info: ModifiedCartan/LocalToGlobalConvexity.lean:57:0: 'ModifiedCartan.convexOn_of_continuousOn_locally_convex' depends on axioms: [propext, Classical.choice, Quot.sound]
ℹ [4718/4917] Replayed ModifiedCartan.VectorLogIntegrability
info: ModifiedCartan/VectorLogIntegrability.lean:58:0: 'ModifiedCartan.integrableOn_log_euclideanNorm_on_compact' depends on axioms: [propext, Classical.choice, Quot.sound]
ℹ [4719/4917] Replayed ModifiedCartan.LogMeasureTransfer
info: ModifiedCartan/LogMeasureTransfer.lean:38:0: 'ModifiedCartan.localMeasure_log_transfer_of_exponential_close' depends on axioms: [propext,
 Classical.choice,
 Quot.sound]
ℹ [4720/5040] Built ModifiedCartan.ScalarValueGluing (16s)
info: ModifiedCartan/ScalarValueGluing.lean:69:0: 'ModifiedCartan.scalarSphereValue_limit_of_halving_steps' depends on axioms: [propext, Classical.choice, Quot.sound]
info: ModifiedCartan/ScalarValueGluing.lean:70:0: 'ModifiedCartan.scalarSphereValue_limit_of_exponential_steps' depends on axioms: [propext, Classical.choice, Quot.sound]
⚠ [4721/5040] Replayed ModifiedCartan.JucysMurphyBasisStep
warning: ModifiedCartan/JucysMurphyBasisStep.lean:34:4: Unused tactic linter: `change
  (spechtRepresentationOn μ h).asAlgebraHom (jucysMurphyElement i)
      (spechtCornerEmbedding μ h a p.1 ((D p.1).basis p.2)) =
    e p i • spechtCornerEmbedding μ h a p.1 ((D p.1).basis p.2)` does nothing

Note: This linter can be disabled with `set_option linter.unusedTactic false`
ℹ [4742/5040] Replayed ModifiedCartan.FrobeniusBernsteinCoefficients
info: ModifiedCartan/FrobeniusBernsteinCoefficients.lean:32:0: 'ModifiedCartan.finiteFrobeniusBernsteinResidue_mul_vandermonde' depends on axioms: [propext,
 Classical.choice,
 Quot.sound]
ℹ [4746/5040] Replayed ModifiedCartan.MonomialGerms
info: ModifiedCartan/MonomialGerms.lean:65:0: 'ModifiedCartan.derivative_weight_eq_of_two_power_scale_models' depends on axioms: [propext,
 Classical.choice,
 Quot.sound]
info: ModifiedCartan/MonomialGerms.lean:66:0: 'ModifiedCartan.analytic_eq_monomial_of_deriv_support' depends on axioms: [propext, Classical.choice, Quot.sound]
ℹ [4747/5040] Replayed ModifiedCartan.MonomialExtension
info: ModifiedCartan/MonomialExtension.lean:51:0: 'ModifiedCartan.exists_entire_weighted_monomial_extension' depends on axioms: [propext, Classical.choice, Quot.sound]
info: ModifiedCartan/MonomialExtension.lean:52:0: 'ModifiedCartan.entire_dilation_model_eqOn' depends on axioms: [propext, Classical.choice, Quot.sound]
ℹ [4748/5040] Replayed ModifiedCartan.GlobalMeasureModels
info: ModifiedCartan/GlobalMeasureModels.lean:63:0: 'ModifiedCartan.global_localMeasureConvergence_of_scale_models' depends on axioms: [propext,
 Classical.choice,
 Quot.sound]
ℹ [4749/5040] Replayed ModifiedCartan.TwoPowerDiskBound
info: ModifiedCartan/TwoPowerDiskBound.lean:35:0: 'ModifiedCartan.two_power_closed_disk_bound_of_model' depends on axioms: [propext, Classical.choice, Quot.sound]
ℹ [4751/5040] Replayed ModifiedCartan.OriginBound
info: ModifiedCartan/OriginBound.lean:43:0: 'ModifiedCartan.Paper.eq_origin_bound' depends on axioms: [propext, Classical.choice, Quot.sound]
ℹ [4752/5040] Replayed ModifiedCartan.PolynomialGradientRegularity
info: ModifiedCartan/PolynomialGradientRegularity.lean:42:0: 'ModifiedCartan.IsSubharmonicOn.locallyLipschitzOn_of_gradient_equation' depends on axioms: [propext,
 Classical.choice,
 Quot.sound]
ℹ [4753/5040] Replayed ModifiedCartan.PolynomialLogMajorant
info: ModifiedCartan/PolynomialLogMajorant.lean:38:0: 'ModifiedCartan.normalized_log_limit_le_of_polynomial_majorant' depends on axioms: [propext,
 Classical.choice,
 Quot.sound]
ℹ [4754/5040] Replayed ModifiedCartan.PointJetUpper
info: ModifiedCartan/PointJetUpper.lean:54:0: 'ModifiedCartan.unitary_polynomial_jet_eventual_bound' depends on axioms: [propext, Classical.choice, Quot.sound]
⚠ [4755/5040] Replayed ModifiedCartan.JetLogCompactness
warning: ModifiedCartan/JetLogCompactness.lean:24:2: `push_neg` has been deprecated. Prefer using `push Not` instead.
If you'd rather continue using `push_neg` in your project, you can implement it as follows:
```
open Lean.Parser.Tactic in
macro "push_neg" cfg:optConfig loc:(location)? : tactic =>
  `(tactic| push $cfg:optConfig Not $[$loc]?)
```
info: ModifiedCartan/JetLogCompactness.lean:64:0: 'ModifiedCartan.not_log_collapse_of_jet_log_limit' depends on axioms: [propext, Classical.choice, Quot.sound]
ℹ [4756/5040] Replayed ModifiedCartan.PointValueUpper
info: ModifiedCartan/PointValueUpper.lean:51:0: 'ModifiedCartan.log_limit_value_le_singular_exponent' depends on axioms: [propext, Classical.choice, Quot.sound]
ℹ [4757/5040] Replayed ModifiedCartan.PointValueLower
info: ModifiedCartan/PointValueLower.lean:75:0: 'ModifiedCartan.jet_exponent_le_log_limit_value' depends on axioms: [propext, Classical.choice, Quot.sound]
ℹ [4758/5040] Replayed ModifiedCartan.UnitaryPolynomialBounds
info: ModifiedCartan/UnitaryPolynomialBounds.lean:35:0: 'ModifiedCartan.unitary_polynomial_coordinate_eventual_bound' depends on axioms: [propext, Classical.choice, Quot.sound]
ℹ [4759/5040] Replayed ModifiedCartan.JetAnchoredCompactness
info: ModifiedCartan/JetAnchoredCompactness.lean:85:0: 'ModifiedCartan.exists_common_jet_anchored_log_limits' depends on axioms: [propext, Classical.choice, Quot.sound]
ℹ [4760/5040] Replayed ModifiedCartan.FiniteGradientConvexity
info: ModifiedCartan/FiniteGradientConvexity.lean:30:0: 'ModifiedCartan.Paper.lem_finite_gradient_convex' depends on axioms: [propext, Classical.choice, Quot.sound]
ℹ [4761/5040] Replayed ModifiedCartan.PolynomialNormCompactness
info: ModifiedCartan/PolynomialNormCompactness.lean:54:0: 'ModifiedCartan.polynomial_norm_localL1_of_measure' depends on axioms: [propext, Classical.choice, Quot.sound]
ℹ [4762/5040] Replayed ModifiedCartan.TwoPhaseLocalForm
info: ModifiedCartan/TwoPhaseLocalForm.lean:85:0: 'ModifiedCartan.IsSubharmonicOn.locally_two_phase_form' depends on axioms: [propext, Classical.choice, Quot.sound]
ℹ [4763/5040] Replayed ModifiedCartan.TwoPhaseForms
info: ModifiedCartan/TwoPhaseForms.lean:103:0: 'ModifiedCartan.LocallyTwoPhaseOn.max' depends on axioms: [propext, Classical.choice, Quot.sound]
ℹ [4764/5040] Replayed ModifiedCartan.TwoPhaseHomogeneous
info: ModifiedCartan/TwoPhaseHomogeneous.lean:79:0: 'ModifiedCartan.HasTwoPhaseFormOn.homogeneous_at_one' depends on axioms: [propext, Classical.choice, Quot.sound]
ℹ [4765/5040] Replayed ModifiedCartan.DichotomyPrimitive
info: ModifiedCartan/DichotomyPrimitive.lean:40:2: Try this:
  [apply] ring_nf
  
  The `ring` tactic failed to close the goal. Use `ring_nf` to obtain a normal form.
    
  Note that `ring` works primarily in *commutative* rings. If you have a noncommutative ring, abelian group or module, consider using `noncomm_ring`, `abel` or `module` instead.
info: ModifiedCartan/DichotomyPrimitive.lean:105:0: 'ModifiedCartan.dichotomyIntegral_hasDerivWithinAt' depends on axioms: [propext, Classical.choice, Quot.sound]
ℹ [4766/5040] Replayed ModifiedCartan.DichotomyOperator
info: ModifiedCartan/DichotomyOperator.lean:123:0: 'ModifiedCartan.dichotomyMapFun_norm_le' depends on axioms: [propext, Classical.choice, Quot.sound]
info: ModifiedCartan/DichotomyOperator.lean:124:0: 'ModifiedCartan.dichotomyOperator_sub_norm_le' depends on axioms: [propext, Classical.choice, Quot.sound]
ℹ [4767/5040] Replayed ModifiedCartan.DichotomyFixedPoint
info: ModifiedCartan/DichotomyFixedPoint.lean:74:0: 'ModifiedCartan.dichotomy_tail_solution_exists' depends on axioms: [propext, Classical.choice, Quot.sound]
⚠ [4768/5040] Replayed ModifiedCartan.DiagonalTail
warning: ModifiedCartan/DiagonalTail.lean:11:0: automatically included section variable(s) unused in theorem `ModifiedCartan.diagonal_exponential_hasDerivWithinAt`:
  [Fintype ι]
  [DecidableEq ι]
consider restructuring your `variable` declarations so that the variables are not in scope or explicitly omit them:
  omit [Fintype ι] [DecidableEq ι] in theorem ...

Note: This linter can be disabled with `set_option linter.unusedSectionVars false`
warning: ModifiedCartan/DiagonalTail.lean:33:0: automatically included section variable(s) unused in theorem `ModifiedCartan.diagonal_exponential_normalization`:
  [Fintype ι]
  [DecidableEq ι]
consider restructuring your `variable` declarations so that the variables are not in scope or explicitly omit them:
  omit [Fintype ι] [DecidableEq ι] in theorem ...

Note: This linter can be disabled with `set_option linter.unusedSectionVars false`
info: ModifiedCartan/DiagonalTail.lean:78:0: 'ModifiedCartan.diagonal_tail_solutions_exists' depends on axioms: [propext, Classical.choice, Quot.sound]
ℹ [4769/5040] Replayed ModifiedCartan.LinearPicardSolution
info: ModifiedCartan/LinearPicardSolution.lean:80:0: 'ModifiedCartan.linearPicardSolution_hasDerivAt' depends on axioms: [propext, Classical.choice, Quot.sound]
info: ModifiedCartan/LinearPicardSolution.lean:81:0: 'ModifiedCartan.bounded_linearODE_solution_exists' depends on axioms: [propext, Classical.choice, Quot.sound]
⚠ [4774/5040] Replayed ModifiedCartan.LinearODECompact
warning: ModifiedCartan/LinearODECompact.lean:33:0: automatically included section variable(s) unused in theorem `ModifiedCartan.continuousOn_linearODE_lipschitz`:
  [CompleteSpace V]
consider restructuring your `variable` declarations so that the variables are not in scope or explicitly omit them:
  omit [CompleteSpace V] in theorem ...

Note: This linter can be disabled with `set_option linter.unusedSectionVars false`
info: ModifiedCartan/LinearODECompact.lean:67:0: 'ModifiedCartan.continuousOn_linearODE_solution_exists' depends on axioms: [propext, Classical.choice, Quot.sound]
info: ModifiedCartan/LinearODECompact.lean:68:0: 'ModifiedCartan.continuousOn_linearODE_unique_right' depends on axioms: [propext, Classical.choice, Quot.sound]
info: ModifiedCartan/LinearODECompact.lean:69:0: 'ModifiedCartan.continuousOn_linearODE_unique_left' depends on axioms: [propext, Classical.choice, Quot.sound]
ℹ [4776/5040] Replayed ModifiedCartan.SharpnessWronskian
info: ModifiedCartan/SharpnessWronskian.lean:87:0: 'ModifiedCartan.IsSharpnessSystem.wronskian_one' depends on axioms: [propext, Classical.choice, Quot.sound]
info: ModifiedCartan/SharpnessWronskian.lean:88:0: 'ModifiedCartan.IsSharpnessSystem.curve_linearlyNonDegenerate' depends on axioms: [propext,
 Classical.choice,
 Quot.sound]
info: ModifiedCartan/SharpnessWronskian.lean:89:0: 'ModifiedCartan.IsSharpnessSystem.curve_smallRamification' depends on axioms: [propext, Classical.choice, Quot.sound]
ℹ [4777/5040] Replayed ModifiedCartan.ScaledJets
info: ModifiedCartan/ScaledJets.lean:87:0: 'ModifiedCartan.scaledDerivativeJetLine_hasDerivAt' depends on axioms: [propext, Classical.choice, Quot.sound]
info: ModifiedCartan/ScaledJets.lean:88:0: 'ModifiedCartan.IsSharpnessSystem.scaledDerivativeJet_initial_norm_le' depends on axioms: [propext,
 Classical.choice,
 Quot.sound]
info: ModifiedCartan/ScaledJets.lean:89:0: 'ModifiedCartan.sharpnessScale_pow' depends on axioms: [propext, Classical.choice, Quot.sound]
ℹ [4778/5040] Replayed ModifiedCartan.GoodLineSelection
info: ModifiedCartan/GoodLineSelection.lean:66:0: 'ModifiedCartan.exists_good_horizontal_slice' depends on axioms: [propext, Classical.choice, Quot.sound]
info: ModifiedCartan/GoodLineSelection.lean:67:0: 'ModifiedCartan.polynomial_sequence_horizontal_zero_free_ae' depends on axioms: [propext, Classical.choice, Quot.sound]
ℹ [4780/5040] Replayed ModifiedCartan.GoodLineIntegral
info: ModifiedCartan/GoodLineIntegral.lean:93:0: 'ModifiedCartan.norm_sub_le_integral_derivative_bound_on_interval' depends on axioms: [propext,
 Classical.choice,
 Quot.sound]
info: ModifiedCartan/GoodLineIntegral.lean:94:0: 'ModifiedCartan.norm_le_integral_norm_add_derivative_bound' depends on axioms: [propext, Classical.choice, Quot.sound]
ℹ [4781/5040] Replayed ModifiedCartan.ScalarSphericalSpeed
info: ModifiedCartan/ScalarSphericalSpeed.lean:86:0: 'ModifiedCartan.scalarSphericalSpeed_rescaled' depends on axioms: [propext, Classical.choice, Quot.sound]
info: ModifiedCartan/ScalarSphericalSpeed.lean:87:0: 'ModifiedCartan.scalar_curve_spherical_path_bound' depends on axioms: [propext, Classical.choice, Quot.sound]
ℹ [4782/5040] Replayed ModifiedCartan.LogNormPathDerivative
info: ModifiedCartan/LogNormPathDerivative.lean:56:0: 'ModifiedCartan.hasDerivAt_log_norm_complex' depends on axioms: [propext, Classical.choice, Quot.sound]
info: ModifiedCartan/LogNormPathDerivative.lean:57:0: 'ModifiedCartan.hasDerivAt_scaled_log_norm_sub' depends on axioms: [propext, Classical.choice, Quot.sound]
ℹ [4783/5040] Replayed ModifiedCartan.LogNormLineEstimate
info: ModifiedCartan/LogNormLineEstimate.lean:32:0: 'ModifiedCartan.scaled_log_norm_path_error_le' depends on axioms: [propext, Classical.choice, Quot.sound]
ℹ [4784/5040] Replayed ModifiedCartan.ScalarPowerDomain
info: ModifiedCartan/ScalarPowerDomain.lean:74:0: 'ModifiedCartan.positivePowerChartDomain_convex' depends on axioms: [propext, Classical.choice, Quot.sound]
ℹ [4786/5040] Replayed ModifiedCartan.ScalarPositiveChart
info: ModifiedCartan/ScalarPositiveChart.lean:58:0: 'ModifiedCartan.powerChart_isOpen_image' depends on axioms: [propext, Classical.choice, Quot.sound]
info: ModifiedCartan/ScalarPositiveChart.lean:59:0: 'ModifiedCartan.scalarPositiveChart_isOpen' depends on axioms: [propext, Classical.choice, Quot.sound]
info: ModifiedCartan/ScalarPositiveChart.lean:60:0: 'ModifiedCartan.scalarPositiveChart_isPreconnected' depends on axioms: [propext, Classical.choice, Quot.sound]
⚠ [4788/5040] Replayed ModifiedCartan.ConvexAffineContact
warning: ModifiedCartan/ConvexAffineContact.lean:59:8: try 'simp' instead of 'simpa'

Note: This linter can be disabled with `set_option linter.unnecessarySimpa false`
info: ModifiedCartan/ConvexAffineContact.lean:65:0: 'ModifiedCartan.convex_eq_affine_of_le_of_eq' depends on axioms: [propext, Classical.choice, Quot.sound]
⚠ [4789/5040] Replayed ModifiedCartan.LocalPoissonMajorant
warning: ModifiedCartan/LocalPoissonMajorant.lean:122:64: `Set.mem_setOf_eq` has been deprecated: Use `Set.mem_ofPred_eq` instead
info: ModifiedCartan/LocalPoissonMajorant.lean:125:0: 'ModifiedCartan.log_norm_le_local_poisson_majorant' depends on axioms: [propext, Classical.choice, Quot.sound]
ℹ [4790/5040] Replayed ModifiedCartan.LocalPairMean
info: ModifiedCartan/LocalPairMean.lean:86:0: 'ModifiedCartan.local_pair_log_mean_mono' depends on axioms: [propext, Classical.choice, Quot.sound]
ℹ [4791/5040] Replayed ModifiedCartan.DiskCharacteristic
info: ModifiedCartan/DiskCharacteristic.lean:114:0: 'ModifiedCartan.diskCharacteristic_eq_global' depends on axioms: [propext, Classical.choice, Quot.sound]
info: ModifiedCartan/DiskCharacteristic.lean:115:0: 'ModifiedCartan.diskCounting_jensen' depends on axioms: [propext, Classical.choice, Quot.sound]
info: ModifiedCartan/DiskCharacteristic.lean:116:0: 'ModifiedCartan.diskCounting_nonneg_of_regular_center' depends on axioms: [propext, Classical.choice, Quot.sound]
⚠ [4792/5040] Replayed ModifiedCartan.LocalReducedPair
warning: ModifiedCartan/LocalReducedPair.lean:74:4: Unused tactic linter: `change f z = p z / q z` does nothing

Note: This linter can be disabled with `set_option linter.unusedTactic false`
info: ModifiedCartan/LocalReducedPair.lean:85:0: 'ModifiedCartan.local_reduced_pair_of_finite_divisor' depends on axioms: [propext, Classical.choice, Quot.sound]
ℹ [4793/5040] Replayed ModifiedCartan.DiskRegularRadius
info: ModifiedCartan/DiskRegularRadius.lean:44:0: 'ModifiedCartan.exists_regular_radius_between' depends on axioms: [propext, Classical.choice, Quot.sound]
ℹ [4794/5040] Replayed ModifiedCartan.BoundedGrowthTransfer
info: ModifiedCartan/BoundedGrowthTransfer.lean:79:0: 'ModifiedCartan.isEquivalent_of_bounded_difference' depends on axioms: [propext, Classical.choice, Quot.sound]
info: ModifiedCartan/BoundedGrowthTransfer.lean:80:0: 'ModifiedCartan.growthOrders_eq_of_isEquivalent' depends on axioms: [propext, Classical.choice, Quot.sound]
ℹ [4795/5040] Replayed ModifiedCartan.NormalizedLogUpper
info: ModifiedCartan/NormalizedLogUpper.lean:40:0: 'ModifiedCartan.normalized_log_eventually_small_on_unit_disk' depends on axioms: [propext, Classical.choice, Quot.sound]
ℹ [4796/5040] Replayed ModifiedCartan.PeakScaleQuantization
info: ModifiedCartan/PeakScaleQuantization.lean:31:0: 'ModifiedCartan.admissibleOrder_of_nonzero_scale_model' depends on axioms: [propext, Classical.choice, Quot.sound]
ℹ [4797/5040] Replayed ModifiedCartan.AdmissibleInterval
info: ModifiedCartan/AdmissibleInterval.lean:37:0: 'ModifiedCartan.admissible_interval_eq' depends on axioms: [propext, Classical.choice, Quot.sound]
⚠ [4798/5040] Replayed ModifiedCartan.CurveOrderBasic
warning: ModifiedCartan/CurveOrderBasic.lean:18:4: `push_neg` has been deprecated. Prefer using `push Not` instead.
If you'd rather continue using `push_neg` in your project, you can implement it as follows:
```
open Lean.Parser.Tactic in
macro "push_neg" cfg:optConfig loc:(location)? : tactic =>
  `(tactic| push $cfg:optConfig Not $[$loc]?)
```
info: ModifiedCartan/CurveOrderBasic.lean:67:0: 'ModifiedCartan.order_nonneg' depends on axioms: [propext, Classical.choice, Quot.sound]
info: ModifiedCartan/CurveOrderBasic.lean:68:0: 'ModifiedCartan.entireOrder_le_of_posLog_power_bound' depends on axioms: [propext, Classical.choice, Quot.sound]
ℹ [4799/5040] Replayed ModifiedCartan.SystemMaximum
info: ModifiedCartan/SystemMaximum.lean:118:0: 'ModifiedCartan.systemLogMaximum_isLittleO' depends on axioms: [propext, Classical.choice, Quot.sound]
ℹ [4800/5040] Replayed ModifiedCartan.ZeroCopyLogCounting
info: ModifiedCartan/ZeroCopyLogCounting.lean:75:0: 'ModifiedCartan.entire_logCounting_eq_tsum_zeroCopies' depends on axioms: [propext, Classical.choice, Quot.sound]
ℹ [4801/5040] Replayed ModifiedCartan.GenusZeroGauge
info: ModifiedCartan/GenusZeroGauge.lean:84:0: 'ModifiedCartan.exists_genusZeroProduct_exp_factor' depends on axioms: [propext, Classical.choice, Quot.sound]
ℹ [4802/5040] Replayed ModifiedCartan.EntirePoissonBound
info: ModifiedCartan/EntirePoissonBound.lean:78:0: 'ModifiedCartan.entire_posLog_maximumModulus_le_three_characteristic' depends on axioms: [propext,
 Classical.choice,
 Quot.sound]
⚠ [4803/5040] Replayed ModifiedCartan.RootKernelPrimitive
warning: ModifiedCartan/RootKernelPrimitive.lean:27:2: Used `tac1 <;> tac2` where `(tac1; tac2)` would suffice

Note: This linter can be disabled with `set_option linter.unnecessarySeqFocus false`
warning: ModifiedCartan/RootKernelPrimitive.lean:51:8: Unused tactic linter: `ring` does nothing

Note: This linter can be disabled with `set_option linter.unusedTactic false`
warning: ModifiedCartan/RootKernelPrimitive.lean:51:8: this tactic is never executed

Note: This linter can be disabled with `set_option linter.unreachableTactic false`
warning: ModifiedCartan/RootKernelPrimitive.lean:40:4: Used `tac1 <;> tac2` where `(tac1; tac2)` would suffice

Note: This linter can be disabled with `set_option linter.unnecessarySeqFocus false`
info: ModifiedCartan/RootKernelPrimitive.lean:76:0: 'ModifiedCartan.root_log_kernel_integrable_and_integral' depends on axioms: [propext, Classical.choice, Quot.sound]
ℹ [4804/5040] Replayed ModifiedCartan.IntegrableSum
info: ModifiedCartan/IntegrableSum.lean:35:0: 'ModifiedCartan.integrable_real_tsum_of_summable_integral_norm' depends on axioms: [propext,
 Classical.choice,
 Quot.sound]
⚠ [4805/5040] Replayed ModifiedCartan.EnvelopeConstantLimit
warning: ModifiedCartan/EnvelopeConstantLimit.lean:17:87: Used `tac1 <;> tac2` where `(tac1; tac2)` would suffice

Note: This linter can be disabled with `set_option linter.unnecessarySeqFocus false`
info: ModifiedCartan/EnvelopeConstantLimit.lean:64:0: 'ModifiedCartan.envelopeConstant_tendsto_one' depends on axioms: [propext, Classical.choice, Quot.sound]
ℹ [4806/5040] Replayed ModifiedCartan.EnvelopeRadii
info: ModifiedCartan/EnvelopeRadii.lean:75:0: 'ModifiedCartan.exists_power_envelope_sequence' depends on axioms: [propext, Classical.choice, Quot.sound]
ℹ [4807/5040] Replayed ModifiedCartan.PolynomialSequence
info: ModifiedCartan/PolynomialSequence.lean:11:0: tsum_eq_sum.{u_1, u_2} {α : Type u_1} {β : Type u_2} [AddCommMonoid α] [TopologicalSpace α] {f : β → α}
  {L : SummationFilter β} [L.LeAtTop] {s : Finset β} (hf : ∀ b ∉ s, f b = 0) : ∑'[L] (b : β), f b = ∑ b ∈ s, f b
info: ModifiedCartan/PolynomialSequence.lean:12:0: Real.rpow_natCast (x : ℝ) (n : ℕ) : x ^ ↑n = x ^ n
info: ModifiedCartan/PolynomialSequence.lean:13:0: exists_nat_gt.{u_1} {R : Type u_1} [Semiring R] [PartialOrder R] [IsStrictOrderedRing R] [Archimedean R] (x : R) :
  ∃ n, x < ↑n
info: ModifiedCartan/PolynomialSequence.lean:68:0: 'ModifiedCartan.iteratedDeriv_zero_of_power_sequence' depends on axioms: [propext, Classical.choice, Quot.sound]
info: ModifiedCartan/PolynomialSequence.lean:69:0: 'ModifiedCartan.entire_polynomial_of_power_sequence' depends on axioms: [propext, Classical.choice, Quot.sound]
⚠ [4808/5040] Replayed FewInflection.PolynomialSpaces
warning: FewInflection/PolynomialSpaces.lean:57:48: This simp argument is unused:
  smul_eq_mul

Hint: Omit it from the simp argument list.
  [apply] simp only [Pi.zero_apply, Finset.sum_apply]

Note: This linter can be disabled with `set_option linter.unusedSimpArgs false`
ℹ [4809/5040] Replayed ModifiedCartan.SineHalfPower
info: ModifiedCartan/SineHalfPower.lean:55:0: 'ModifiedCartan.sine_half_power_intervalIntegrable' depends on axioms: [propext, Classical.choice, Quot.sound]
⚠ [4810/5040] Replayed ModifiedCartan.CircleMomentProximity
warning: ModifiedCartan/CircleMomentProximity.lean:8:70: Variable name `hp` is not explicitly referenced.

Hint: The binding can be removed (if unused) or named `_` (if used implicitly). Alternatively, prefix the name with `_` to silence this warning:
  [apply] _hp

Note: This linter can be disabled with `set_option linter.unusedVariables false`
info: ModifiedCartan/CircleMomentProximity.lean:58:0: 'ModifiedCartan.circle_proximity_le_of_fractional_moment' depends on axioms: [propext, Classical.choice, Quot.sound]
⚠ [4815/5119] Replayed ModifiedCartan.KPJointEigenspace
warning: ModifiedCartan/KPJointEigenspace.lean:26:2: Try this: 
  letI̵

The goal is a proposition, so `let` is preferred over `letI`.
The difference between `let` and `letI` is that `letI` inlines the value.
But this is not relevant for proofs because of proof irrelevance.

Note: This linter can be disabled with `set_option linter.style.haveILetI false`
ℹ [4817/5119] Replayed ModifiedCartan.CommonEigenspaceAlgebra
info: ModifiedCartan/CommonEigenspaceAlgebra.lean:57:0: 'ModifiedCartan.kp_isCommonEigenspace_iff' depends on axioms: [propext, Classical.choice, Quot.sound]
ℹ [4819/5119] Replayed ModifiedCartan.KPJointLinearValue
info: ModifiedCartan/KPJointLinearValue.lean:28:0: 'ModifiedCartan.exists_kpJointLinearValue' depends on axioms: [propext, Classical.choice, Quot.sound]
⚠ [4821/5119] Replayed ModifiedCartan.RightZFactorPolynomial
warning: ModifiedCartan/RightZFactorPolynomial.lean:35:20: Used `tac1 <;> tac2` where `(tac1; tac2)` would suffice

Note: This linter can be disabled with `set_option linter.unnecessarySeqFocus false`
⚠ [4822/5119] Replayed ModifiedCartan.RightZFactorLaurentSeries
warning: ModifiedCartan/RightZFactorLaurentSeries.lean:13:2: Try this: 
  letI̵

The goal is a proposition, so `let` is preferred over `letI`.
The difference between `let` and `letI` is that `letI` inlines the value.
But this is not relevant for proofs because of proof irrelevance.

Note: This linter can be disabled with `set_option linter.style.haveILetI false`
⚠ [4824/5119] Replayed ModifiedCartan.SupportedPowerSumQuadratic
warning: ModifiedCartan/SupportedPowerSumQuadratic.lean:44:12: `MonoidAlgebra.coeff_single_apply` has been deprecated: Use `Finsupp.single_apply` instead

Note: The updated constant has a different type:
  ∀ {α : Type u_1} {M : Type u_5} [inst : Zero M] {a a' : α} {b : M} [inst_1 : Decidable (a = a')],
    (Finsupp.single a b) a' = if a = a' then b else 0
instead of
  ∀ {R : Type u_1} {M : Type u_4} [inst : Semiring R] {a a' : M} {b : R} [inst_1 : Decidable (a = a')],
    (MonoidAlgebra.single a b).coeff a' = if a = a' then b else 0

Note: The updated constant is in a different namespace. Dot notation may need to be changed (e.g., from `x.coeff_single_apply` to `Finsupp.single_apply x`).
warning: ModifiedCartan/SupportedPowerSumQuadratic.lean:44:46: `if_pos` has been deprecated: Use `ite_eq_left` instead
warning: ModifiedCartan/SupportedPowerSumQuadratic.lean:48:14: `if_pos` has been deprecated: Use `ite_eq_left` instead
warning: ModifiedCartan/SupportedPowerSumQuadratic.lean:48:25: `dif_pos` has been deprecated: Use `dite_eq_left` instead
warning: ModifiedCartan/SupportedPowerSumQuadratic.lean:50:14: `if_neg` has been deprecated: Use `ite_eq_right` instead
warning: ModifiedCartan/SupportedPowerSumQuadratic.lean:50:25: `dif_neg` has been deprecated: Use `dite_eq_right` instead
warning: ModifiedCartan/SupportedPowerSumQuadratic.lean:53:12: `MonoidAlgebra.coeff_single_apply` has been deprecated: Use `Finsupp.single_apply` instead

Note: The updated constant has a different type:
  ∀ {α : Type u_1} {M : Type u_5} [inst : Zero M] {a a' : α} {b : M} [inst_1 : Decidable (a = a')],
    (Finsupp.single a b) a' = if a = a' then b else 0
instead of
  ∀ {R : Type u_1} {M : Type u_4} [inst : Semiring R] {a a' : M} {b : R} [inst_1 : Decidable (a = a')],
    (MonoidAlgebra.single a b).coeff a' = if a = a' then b else 0

Note: The updated constant is in a different namespace. Dot notation may need to be changed (e.g., from `x.coeff_single_apply` to `Finsupp.single_apply x`).
warning: ModifiedCartan/SupportedPowerSumQuadratic.lean:53:46: `if_neg` has been deprecated: Use `ite_eq_right` instead
warning: ModifiedCartan/SupportedPowerSumQuadratic.lean:53:82: `dif_neg` has been deprecated: Use `dite_eq_right` instead
⚠ [4827/5119] Replayed ModifiedCartan.AmbientFactorizationLaurentSeries
warning: ModifiedCartan/AmbientFactorizationLaurentSeries.lean:47:2: Try this: 
  letI̵

The goal is a proposition, so `let` is preferred over `letI`.
The difference between `let` and `letI` is that `letI` inlines the value.
But this is not relevant for proofs because of proof irrelevance.

Note: This linter can be disabled with `set_option linter.style.haveILetI false`
warning: ModifiedCartan/AmbientFactorizationLaurentSeries.lean:54:2: Try this: 
  letI̵

The goal is a proposition, so `let` is preferred over `letI`.
The difference between `let` and `letI` is that `letI` inlines the value.
But this is not relevant for proofs because of proof irrelevance.

Note: This linter can be disabled with `set_option linter.style.haveILetI false`
⚠ [4828/5119] Replayed ModifiedCartan.SupportedQuadraticMarkerCoefficients
warning: ModifiedCartan/SupportedQuadraticMarkerCoefficients.lean:21:38: This simp argument is unused:
  Finsupp.single_apply

Hint: Omit it from the simp argument list.
  [apply] simp [MonoidAlgebra.coeff_single, hm, hd]

Note: This linter can be disabled with `set_option linter.unusedSimpArgs false`
⚠ [4834/5119] Replayed ModifiedCartan.KPJointWronskian
warning: ModifiedCartan/KPJointWronskian.lean:57:4: Try this: 
  letI̵

The goal is a proposition, so `let` is preferred over `letI`.
The difference between `let` and `letI` is that `letI` inlines the value.
But this is not relevant for proofs because of proof irrelevance.

Note: This linter can be disabled with `set_option linter.style.haveILetI false`
ℹ [4836/5119] Replayed ModifiedCartan.KPJointProfileClosed
info: ModifiedCartan/KPJointProfileClosed.lean:81:0: 'ModifiedCartan.isClosed_kpJointProfiles' depends on axioms: [propext, Classical.choice, Quot.sound]
info: ModifiedCartan/KPJointProfileClosed.lean:82:0: 'ModifiedCartan.kpJointEigenspace_ne_bot_of_tendsto' depends on axioms: [propext, Classical.choice, Quot.sound]
ℹ [4837/5119] Replayed ModifiedCartan.KPParameterPermutation
info: ModifiedCartan/KPParameterPermutation.lean:78:0: 'ModifiedCartan.kpJointEigenspace_permute_ne_bot_iff' depends on axioms: [propext, Classical.choice, Quot.sound]
ℹ [4838/5119] Replayed ModifiedCartan.DiagonalTailIndependent
info: ModifiedCartan/DiagonalTailIndependent.lean:58:0: 'ModifiedCartan.eventually_linearIndependent_of_exponential_normalization' depends on axioms: [propext,
 Classical.choice,
 Quot.sound]
info: ModifiedCartan/DiagonalTailIndependent.lean:59:0: 'ModifiedCartan.diagonal_tail_fundamental_system_exists' depends on axioms: [propext, Classical.choice, Quot.sound]
ℹ [4839/5119] Replayed ModifiedCartan.DiagonalHalfLine
info: ModifiedCartan/DiagonalHalfLine.lean:33:0: 'ModifiedCartan.diagonal_halfLine_tail_exists' depends on axioms: [propext, Classical.choice, Quot.sound]
ℹ [4840/5119] Replayed ModifiedCartan.EuclideanDiagonalTail
info: ModifiedCartan/EuclideanDiagonalTail.lean:59:0: 'ModifiedCartan.euclidean_diagonal_tail_fundamental_system_exists' depends on axioms: [propext,
 Classical.choice,
 Quot.sound]
ℹ [4841/5119] Replayed ModifiedCartan.LinearODEExtension
info: ModifiedCartan/LinearODEExtension.lean:60:0: 'ModifiedCartan.linearODE_extend_from_tail' depends on axioms: [propext, Classical.choice, Quot.sound]
ℹ [4842/5119] Replayed ModifiedCartan.LinearODEIndependent
info: ModifiedCartan/LinearODEIndependent.lean:56:0: 'ModifiedCartan.linearODE_family_independent_of_one_time' depends on axioms: [propext, Classical.choice, Quot.sound]
⚠ [4843/5119] Replayed ModifiedCartan.IntegrableSystem
warning: ModifiedCartan/IntegrableSystem.lean:13:45: Variable name `hq` is not explicitly referenced.

Hint: The binding can be removed (if unused) or named `_` (if used implicitly). Alternatively, prefix the name with `_` to silence this warning:
  [apply] _hq

Note: This linter can be disabled with `set_option linter.unusedVariables false`
warning: ModifiedCartan/IntegrableSystem.lean:14:23: Variable name `hlam` is not explicitly referenced.

Hint: The binding can be removed (if unused) or named `_` (if used implicitly). Alternatively, prefix the name with `_` to silence this warning:
  [apply] _hlam

Note: This linter can be disabled with `set_option linter.unusedVariables false`
info: ModifiedCartan/IntegrableSystem.lean:55:0: 'ModifiedCartan.Paper.lem_integrable_system' depends on axioms: [propext, Classical.choice, Quot.sound]
ℹ [4844/5119] Replayed ModifiedCartan.FirstOrderElimination
info: ModifiedCartan/FirstOrderElimination.lean:47:0: 'ModifiedCartan.firstOrderEliminator_commutator' depends on axioms: [propext, Classical.choice, Quot.sound]
info: ModifiedCartan/FirstOrderElimination.lean:48:0: 'ModifiedCartan.firstOrderGauge_identity' depends on axioms: [propext, Classical.choice, Quot.sound]
⚠ [4845/5119] Replayed ModifiedCartan.FirstOrderError
warning: ModifiedCartan/FirstOrderError.lean:19:0: automatically included section variable(s) unused in theorem `ModifiedCartan.linearGauge_tendsto`:
  [CompleteSpace A]
consider restructuring your `variable` declarations so that the variables are not in scope or explicitly omit them:
  omit [CompleteSpace A] in theorem ...

Note: This linter can be disabled with `set_option linter.unusedSectionVars false`
warning: ModifiedCartan/FirstOrderError.lean:42:0: automatically included section variable(s) unused in theorem `ModifiedCartan.linearGauge_continuousOn`:
  [CompleteSpace A]
consider restructuring your `variable` declarations so that the variables are not in scope or explicitly omit them:
  omit [CompleteSpace A] in theorem ...

Note: This linter can be disabled with `set_option linter.unusedSectionVars false`
warning: ModifiedCartan/FirstOrderError.lean:63:0: automatically included section variable(s) unused in theorem `ModifiedCartan.firstOrderError_norm_le`:
  [CompleteSpace A]
consider restructuring your `variable` declarations so that the variables are not in scope or explicitly omit them:
  omit [CompleteSpace A] in theorem ...

Note: This linter can be disabled with `set_option linter.unusedSectionVars false`
info: ModifiedCartan/FirstOrderError.lean:103:0: 'ModifiedCartan.inverseLinearGauge_tendsto' depends on axioms: [propext, Classical.choice, Quot.sound]
info: ModifiedCartan/FirstOrderError.lean:104:0: 'ModifiedCartan.firstOrderError_tail_exists' depends on axioms: [propext, Classical.choice, Quot.sound]
⚠ [4846/5119] Replayed ModifiedCartan.FirstOrderGaugeSolutions
warning: ModifiedCartan/FirstOrderGaugeSolutions.lean:52:29: `ContinuousLinearMap.add_apply` has been deprecated: Use `add_apply` instead

Note: The updated constant is in a different namespace. Dot notation may need to be changed (e.g., from `x.add_apply` to `add_apply x`).
warning: ModifiedCartan/FirstOrderGaugeSolutions.lean:52:60: `ContinuousLinearMap.one_apply` has been deprecated: Use `one_apply_eq_self` instead

Note: The updated constant is in a different namespace. Dot notation may need to be changed (e.g., from `x.one_apply` to `one_apply_eq_self x`).
warning: ModifiedCartan/FirstOrderGaugeSolutions.lean:53:6: `ContinuousLinearMap.smul_apply` has been deprecated: Use `smul_apply` instead

Note: The updated constant is in a different namespace. Dot notation may need to be changed (e.g., from `x.smul_apply` to `smul_apply x`).
warning: ModifiedCartan/FirstOrderGaugeSolutions.lean:55:26: `ContinuousLinearMap.add_apply` has been deprecated: Use `add_apply` instead

Note: The updated constant is in a different namespace. Dot notation may need to be changed (e.g., from `x.add_apply` to `add_apply x`).
warning: ModifiedCartan/FirstOrderGaugeSolutions.lean:55:57: `ContinuousLinearMap.one_apply` has been deprecated: Use `one_apply_eq_self` instead

Note: The updated constant is in a different namespace. Dot notation may need to be changed (e.g., from `x.one_apply` to `one_apply_eq_self x`).
warning: ModifiedCartan/FirstOrderGaugeSolutions.lean:56:4: `ContinuousLinearMap.smul_apply` has been deprecated: Use `smul_apply` instead

Note: The updated constant is in a different namespace. Dot notation may need to be changed (e.g., from `x.smul_apply` to `smul_apply x`).
warning: ModifiedCartan/FirstOrderGaugeSolutions.lean:40:0: automatically included section variable(s) unused in theorem `ModifiedCartan.linearGauge_apply_hasDerivWithinAt`:
  [CompleteSpace V]
consider restructuring your `variable` declarations so that the variables are not in scope or explicitly omit them:
  omit [CompleteSpace V] in theorem ...

Note: This linter can be disabled with `set_option linter.unusedSectionVars false`
warning: ModifiedCartan/FirstOrderGaugeSolutions.lean:85:43: `ContinuousLinearMap.add_apply` has been deprecated: Use `add_apply` instead

Note: The updated constant is in a different namespace. Dot notation may need to be changed (e.g., from `x.add_apply` to `add_apply x`).
info: ModifiedCartan/FirstOrderGaugeSolutions.lean:89:0: 'ModifiedCartan.firstOrderGauge_dynamics_identity' depends on axioms: [propext, Classical.choice, Quot.sound]
info: ModifiedCartan/FirstOrderGaugeSolutions.lean:90:0: 'ModifiedCartan.powerLinearGauge_hasDerivWithinAt' depends on axioms: [propext, Classical.choice, Quot.sound]
ℹ [4847/5119] Replayed ModifiedCartan.RayPowerClock
info: ModifiedCartan/RayPowerClock.lean:68:0: 'ModifiedCartan.rayRadius_hasDerivAt' depends on axioms: [propext, Classical.choice, Quot.sound]
info: ModifiedCartan/RayPowerClock.lean:69:0: 'ModifiedCartan.rayRadius_power_hasDerivAt' depends on axioms: [propext, Classical.choice, Quot.sound]
ℹ [4848/5119] Replayed ModifiedCartan.RayScaledDerivatives
info: ModifiedCartan/RayScaledDerivatives.lean:67:0: 'ModifiedCartan.rayDerivativeCoordinate_hasDerivAt' depends on axioms: [propext, Classical.choice, Quot.sound]
ℹ [4849/5119] Replayed ModifiedCartan.SharpnessFourier
info: ModifiedCartan/SharpnessFourier.lean:82:0: 'ModifiedCartan.sharpnessRoot_injective' depends on axioms: [propext, Classical.choice, Quot.sound]
info: ModifiedCartan/SharpnessFourier.lean:83:0: 'ModifiedCartan.sharpnessFourierInverse_mul' depends on axioms: [propext, Classical.choice, Quot.sound]
info: ModifiedCartan/SharpnessFourier.lean:84:0: 'ModifiedCartan.sharpnessFourier_mul_inverse' depends on axioms: [propext, Classical.choice, Quot.sound]
ℹ [4850/5119] Replayed ModifiedCartan.SharpnessCompanion
info: ModifiedCartan/SharpnessCompanion.lean:71:0: 'ModifiedCartan.sharpnessFourier_diagonalizes_companion' depends on axioms: [propext, Classical.choice, Quot.sound]
info: ModifiedCartan/SharpnessCompanion.lean:72:0: 'ModifiedCartan.sharpnessFourier_degree_diagonal' depends on axioms: [propext, Classical.choice, Quot.sound]
⚠ [4851/5119] Replayed ModifiedCartan.FirstOrderGaugeAsymptotics
warning: ModifiedCartan/FirstOrderGaugeAsymptotics.lean:16:48: `ContinuousLinearMap.add_apply` has been deprecated: Use `add_apply` instead

Note: The updated constant is in a different namespace. Dot notation may need to be changed (e.g., from `x.add_apply` to `add_apply x`).
warning: ModifiedCartan/FirstOrderGaugeAsymptotics.lean:17:4: `ContinuousLinearMap.one_apply` has been deprecated: Use `one_apply_eq_self` instead

Note: The updated constant is in a different namespace. Dot notation may need to be changed (e.g., from `x.one_apply` to `one_apply_eq_self x`).
warning: ModifiedCartan/FirstOrderGaugeAsymptotics.lean:17:35: `ContinuousLinearMap.smul_apply` has been deprecated: Use `smul_apply` instead

Note: The updated constant is in a different namespace. Dot notation may need to be changed (e.g., from `x.smul_apply` to `smul_apply x`).
warning: ModifiedCartan/FirstOrderGaugeAsymptotics.lean:11:0: automatically included section variable(s) unused in theorem `ModifiedCartan.linearGauge_apply_tendsto`:
  [CompleteSpace V]
consider restructuring your `variable` declarations so that the variables are not in scope or explicitly omit them:
  omit [CompleteSpace V] in theorem ...

Note: This linter can be disabled with `set_option linter.unusedSectionVars false`
warning: ModifiedCartan/FirstOrderGaugeAsymptotics.lean:19:0: automatically included section variable(s) unused in theorem `ModifiedCartan.powerLinearGauge_normalization`:
  [CompleteSpace V]
consider restructuring your `variable` declarations so that the variables are not in scope or explicitly omit them:
  omit [CompleteSpace V] in theorem ...

Note: This linter can be disabled with `set_option linter.unusedSectionVars false`
info: ModifiedCartan/FirstOrderGaugeAsymptotics.lean:51:0: 'ModifiedCartan.powerLinearGauge_normalized_tendsto' depends on axioms: [propext, Classical.choice, Quot.sound]
info: ModifiedCartan/FirstOrderGaugeAsymptotics.lean:52:0: 'ModifiedCartan.powerLinearGauge_linearIndependent' depends on axioms: [propext, Classical.choice, Quot.sound]
ℹ [4852/5119] Replayed ModifiedCartan.FirstOrderDiagonalTail
info: ModifiedCartan/FirstOrderDiagonalTail.lean:59:0: 'ModifiedCartan.firstOrder_diagonal_tail_fundamental_system_exists' depends on axioms: [propext,
 Classical.choice,
 Quot.sound]
ℹ [4853/5119] Replayed ModifiedCartan.PolynomialGoodLine
info: ModifiedCartan/PolynomialGoodLine.lean:77:0: 'ModifiedCartan.polynomial_exists_good_horizontal_line' depends on axioms: [propext, Classical.choice, Quot.sound]
ℹ [4854/5119] Replayed ModifiedCartan.PolynomialGoodLineLimit
info: ModifiedCartan/PolynomialGoodLineLimit.lean:88:0: 'ModifiedCartan.LocalLpConvergence.polynomial_logDerivative' depends on axioms: [propext, Classical.choice, Quot.sound]
info: ModifiedCartan/PolynomialGoodLineLimit.lean:89:0: 'ModifiedCartan.LocalLpConvergence.polynomial_good_horizontal_lines' depends on axioms: [propext,
 Classical.choice,
 Quot.sound]
ℹ [4855/5119] Replayed ModifiedCartan.PolynomialVerticalLine
info: ModifiedCartan/PolynomialVerticalLine.lean:158:0: 'ModifiedCartan.polynomial_exists_good_vertical_line' depends on axioms: [propext, Classical.choice, Quot.sound]
info: ModifiedCartan/PolynomialVerticalLine.lean:159:0: 'ModifiedCartan.LocalLpConvergence.polynomial_good_vertical_lines' depends on axioms: [propext,
 Classical.choice,
 Quot.sound]
ℹ [4856/5119] Replayed ModifiedCartan.ScalarSphericalLine
info: ModifiedCartan/ScalarSphericalLine.lean:62:0: 'ModifiedCartan.scalar_curve_spherical_path_diameter' depends on axioms: [propext, Classical.choice, Quot.sound]
info: ModifiedCartan/ScalarSphericalLine.lean:63:0: 'ModifiedCartan.scalar_curve_horizontal_diameter' depends on axioms: [propext, Classical.choice, Quot.sound]
info: ModifiedCartan/ScalarSphericalLine.lean:64:0: 'ModifiedCartan.scalar_curve_vertical_diameter' depends on axioms: [propext, Classical.choice, Quot.sound]
ℹ [4857/5119] Replayed ModifiedCartan.ScalarCrossDiameter
info: ModifiedCartan/ScalarCrossDiameter.lean:50:0: 'ModifiedCartan.scalar_curve_cross_diameter' depends on axioms: [propext, Classical.choice, Quot.sound]
ℹ [4858/5119] Replayed ModifiedCartan.LocalPairCharacteristic
info: ModifiedCartan/LocalPairCharacteristic.lean:88:0: 'ModifiedCartan.diskCharacteristic_eq_local_pair_mean' depends on axioms: [propext, Classical.choice, Quot.sound]
info: ModifiedCartan/LocalPairCharacteristic.lean:89:0: 'ModifiedCartan.diskCharacteristic_mono' depends on axioms: [propext, Classical.choice, Quot.sound]
⚠ [4859/5119] Replayed ModifiedCartan.ScalarCharacteristicBridge
warning: ModifiedCartan/ScalarCharacteristicBridge.lean:11:59: Variable name `hf` is not explicitly referenced.

Hint: The binding can be removed (if unused) or named `_` (if used implicitly). Alternatively, prefix the name with `_` to silence this warning:
  [apply] _hf

Note: This linter can be disabled with `set_option linter.unusedVariables false`
info: ModifiedCartan/ScalarCharacteristicBridge.lean:96:0: 'ModifiedCartan.scalarCharacteristic_eq_pair_mean' depends on axioms: [propext, Classical.choice, Quot.sound]
info: ModifiedCartan/ScalarCharacteristicBridge.lean:97:0: 'ModifiedCartan.scalarCharacteristic_abs_sub_curve_le' depends on axioms: [propext, Classical.choice, Quot.sound]
ℹ [4860/5119] Replayed ModifiedCartan.ShiftedCombinations
info: ModifiedCartan/ShiftedCombinations.lean:86:0: 'ModifiedCartan.shiftedCombination_entireOrder_le' depends on axioms: [propext, Classical.choice, Quot.sound]
ℹ [4861/5119] Replayed ModifiedCartan.NormalizedCoordinates
info: ModifiedCartan/NormalizedCoordinates.lean:87:0: 'ModifiedCartan.normalizedCoordinates_initialJets' depends on axioms: [propext, Classical.choice, Quot.sound]
info: ModifiedCartan/NormalizedCoordinates.lean:88:0: 'ModifiedCartan.normalizedCoordinates_entireOrder_le' depends on axioms: [propext, Classical.choice, Quot.sound]
info: ModifiedCartan/NormalizedCoordinates.lean:89:0: 'ModifiedCartan.normalizedCoordinates_reconstruct' depends on axioms: [propext, Classical.choice, Quot.sound]
info: ModifiedCartan/NormalizedCoordinates.lean:90:0: 'ModifiedCartan.normalizedCoordinates_wronskian' depends on axioms: [propext, Classical.choice, Quot.sound]
⚠ [4862/5119] Replayed ModifiedCartan.CanonicalProductGrowth
warning: ModifiedCartan/CanonicalProductGrowth.lean:23:2: Try this: 
  letI̵

The goal is a proposition, so `let` is preferred over `letI`.
The difference between `let` and `letI` is that `letI` inlines the value.
But this is not relevant for proofs because of proof irrelevance.

Note: This linter can be disabled with `set_option linter.style.haveILetI false`
warning: ModifiedCartan/CanonicalProductGrowth.lean:24:2: Try this: 
  letI̵

The goal is a proposition, so `let` is preferred over `letI`.
The difference between `let` and `letI` is that `letI` inlines the value.
But this is not relevant for proofs because of proof irrelevance.

Note: This linter can be disabled with `set_option linter.style.haveILetI false`
warning: ModifiedCartan/CanonicalProductGrowth.lean:28:31: `Set.mem_setOf_eq` has been deprecated: Use `Set.mem_ofPred_eq` instead
warning: ModifiedCartan/CanonicalProductGrowth.lean:58:31: `Set.mem_setOf_eq` has been deprecated: Use `Set.mem_ofPred_eq` instead
warning: ModifiedCartan/CanonicalProductGrowth.lean:65:18: `if_pos` has been deprecated: Use `ite_eq_left` instead
warning: ModifiedCartan/CanonicalProductGrowth.lean:65:30: `if_neg` has been deprecated: Use `ite_eq_right` instead
warning: ModifiedCartan/CanonicalProductGrowth.lean:68:10: `if_neg` has been deprecated: Use `ite_eq_right` instead
warning: ModifiedCartan/CanonicalProductGrowth.lean:68:22: `if_pos` has been deprecated: Use `ite_eq_left` instead
info: ModifiedCartan/CanonicalProductGrowth.lean:145:0: 'ModifiedCartan.log_rootMajorantProduct_le_split' depends on axioms: [propext, Classical.choice, Quot.sound]
info: ModifiedCartan/CanonicalProductGrowth.lean:146:0: 'ModifiedCartan.Paper.eq_canonical_product_growth' depends on axioms: [propext, Classical.choice, Quot.sound]
info: ModifiedCartan/CanonicalProductGrowth.lean:147:0: 'ModifiedCartan.genusZeroProduct_posLog_power_bound' depends on axioms: [propext, Classical.choice, Quot.sound]
ℹ [4863/5119] Replayed ModifiedCartan.GaugedCoordinateBounds
info: ModifiedCartan/GaugedCoordinateBounds.lean:136:0: 'ModifiedCartan.gaugedCoordinates_characteristic_le' depends on axioms: [propext, Classical.choice, Quot.sound]
info: ModifiedCartan/GaugedCoordinateBounds.lean:137:0: 'ModifiedCartan.coordinate_genusZeroProduct_power_bound' depends on axioms: [propext, Classical.choice, Quot.sound]
info: ModifiedCartan/GaugedCoordinateBounds.lean:138:0: 'ModifiedCartan.gaugedCoordinates_posLog_power_bound' depends on axioms: [propext, Classical.choice, Quot.sound]
ℹ [4864/5119] Replayed ModifiedCartan.SmallOrderGauge
info: ModifiedCartan/SmallOrderGauge.lean:43:0: 'ModifiedCartan.exists_small_order_entire_gauge' depends on axioms: [propext, Classical.choice, Quot.sound]
⚠ [4865/5119] Replayed ModifiedCartan.ExponentialGauge
warning: ModifiedCartan/ExponentialGauge.lean:32:51: Variable name `z` is not explicitly referenced.

Hint: The binding can be removed (if unused) or named `_` (if used implicitly). Alternatively, prefix the name with `_` to silence this warning:
  [apply] _z

Note: This linter can be disabled with `set_option linter.unusedVariables false`
info: ModifiedCartan/ExponentialGauge.lean:61:0: 'ModifiedCartan.characteristic_scalarGauge' depends on axioms: [propext, Classical.choice, Quot.sound]
info: ModifiedCartan/ExponentialGauge.lean:62:0: 'ModifiedCartan.exponentialGauge_ramification' depends on axioms: [propext, Classical.choice, Quot.sound]
info: ModifiedCartan/ExponentialGauge.lean:63:0: 'ModifiedCartan.exponentialGauge_exists_regular_point' depends on axioms: [propext, Classical.choice, Quot.sound]
ℹ [4866/5119] Replayed ModifiedCartan.NormalizedCharacteristic
info: ModifiedCartan/NormalizedCharacteristic.lean:111:0: 'ModifiedCartan.normalizedCoordinates_characteristic_bound' depends on axioms: [propext, Classical.choice, Quot.sound]
⚠ [4867/5119] Replayed ModifiedCartan.WeightedZeroCounting
warning: ModifiedCartan/WeightedZeroCounting.lean:16:26: `if_neg` has been deprecated: Use `ite_eq_right` instead
warning: ModifiedCartan/WeightedZeroCounting.lean:72:28: `if_neg` has been deprecated: Use `ite_eq_right` instead
info: ModifiedCartan/WeightedZeroCounting.lean:88:0: 'ModifiedCartan.entire_logCounting_eq_tsum_weights' depends on axioms: [propext, Classical.choice, Quot.sound]
ℹ [4868/5119] Replayed ModifiedCartan.TranslatedZeroCopies
info: ModifiedCartan/TranslatedZeroCopies.lean:56:0: 'ModifiedCartan.zeroCopiesTranslateEquiv' depends on axioms: [propext, Classical.choice, Quot.sound]
info: ModifiedCartan/TranslatedZeroCopies.lean:57:0: 'ModifiedCartan.translated_logCounting_eq_tsum' depends on axioms: [propext, Classical.choice, Quot.sound]
⚠ [4869/5119] Replayed ModifiedCartan.TranslationWeightBound
warning: ModifiedCartan/TranslationWeightBound.lean:30:28: `if_pos` has been deprecated: Use `ite_eq_left` instead
warning: ModifiedCartan/TranslationWeightBound.lean:41:28: `if_neg` has been deprecated: Use `ite_eq_right` instead
info: ModifiedCartan/TranslationWeightBound.lean:55:0: 'ModifiedCartan.rootCountingWeight_translate_bound' depends on axioms: [propext, Classical.choice, Quot.sound]
ℹ [4870/5119] Replayed ModifiedCartan.RootKernel
info: ModifiedCartan/RootKernel.lean:48:0: 'ModifiedCartan.root_kernel_identity' depends on axioms: [propext, Classical.choice, Quot.sound]
ℹ [4871/5119] Replayed ModifiedCartan.PolynomialRootLogCounting
info: ModifiedCartan/PolynomialRootLogCounting.lean:74:0: 'ModifiedCartan.polynomial_root_list_logCounting' depends on axioms: [propext, Classical.choice, Quot.sound]
info: ModifiedCartan/PolynomialRootLogCounting.lean:75:0: 'ModifiedCartan.polynomial_root_list_kernel_integral' depends on axioms: [propext, Classical.choice, Quot.sound]
⚠ [4872/5119] Replayed ModifiedCartan.CountingPowerEnvelope
warning: ModifiedCartan/CountingPowerEnvelope.lean:19:2: Try this: 
  letI̵

The goal is a proposition, so `let` is preferred over `letI`.
The difference between `let` and `letI` is that `letI` inlines the value.
But this is not relevant for proofs because of proof irrelevance.

Note: This linter can be disabled with `set_option linter.style.haveILetI false`
info: ModifiedCartan/CountingPowerEnvelope.lean:86:0: 'ModifiedCartan.logCounting_le_power_envelope' depends on axioms: [propext, Classical.choice, Quot.sound]
info: ModifiedCartan/CountingPowerEnvelope.lean:87:0: 'ModifiedCartan.power_counting_kernel_integrable' depends on axioms: [propext, Classical.choice, Quot.sound]
ℹ [4873/5119] Replayed ModifiedCartan.WronskianCountingIntegralLimit
info: ModifiedCartan/WronskianCountingIntegralLimit.lean:50:0: 'ModifiedCartan.taylorWronskian_counting_integral_tendsto' depends on axioms: [propext, Classical.choice, Quot.sound]
⚠ [4874/5119] Replayed ModifiedCartan.RootConvolution
warning: ModifiedCartan/RootConvolution.lean:22:2: Try this: 
  letI̵

The goal is a proposition, so `let` is preferred over `letI`.
The difference between `let` and `letI` is that `letI` inlines the value.
But this is not relevant for proofs because of proof irrelevance.

Note: This linter can be disabled with `set_option linter.style.haveILetI false`
info: ModifiedCartan/RootConvolution.lean:66:0: 'ModifiedCartan.entire_root_product_convolution' depends on axioms: [propext, Classical.choice, Quot.sound]
info: ModifiedCartan/RootConvolution.lean:67:0: 'ModifiedCartan.normalized_wronskian_product_convolution' depends on axioms: [propext, Classical.choice, Quot.sound]
ℹ [4875/5119] Replayed ModifiedCartan.EnvelopeIntegration
info: ModifiedCartan/EnvelopeIntegration.lean:74:0: 'ModifiedCartan.integral_envelope_at_radius' depends on axioms: [propext, Classical.choice, Quot.sound]
ℹ [4876/5119] Replayed ModifiedCartan.Envelope
info: ModifiedCartan/Envelope.lean:29:0: 'ModifiedCartan.Paper.lem_envelope' depends on axioms: [propext, Classical.choice, Quot.sound]
⚠ [4877/5119] Replayed ModifiedCartan.NormalizedMonomials
warning: ModifiedCartan/NormalizedMonomials.lean:31:8: `if_neg` has been deprecated: Use `ite_eq_right` instead
info: ModifiedCartan/NormalizedMonomials.lean:51:0: 'ModifiedCartan.normalized_system_eq_monomials_of_power_sequence' depends on axioms: [propext,
 Classical.choice,
 Quot.sound]
ℹ [4878/5119] Replayed ModifiedCartan.PolynomialNormalForm
info: ModifiedCartan/PolynomialNormalForm.lean:13:0: Fintype.linearIndependent_iff.{u', u_2, u_4} {ι : Type u'} {R : Type u_2} {M : Type u_4} [Ring R] [AddCommGroup M]
  [Module R M] {v : ι → M} [Fintype ι] : LinearIndependent R v ↔ ∀ (g : ι → R), ∑ i, g i • v i = 0 → ∀ (i : ι), g i = 0
info: ModifiedCartan/PolynomialNormalForm.lean:14:0: Fin.sum_univ_eq_sum_range.{u_1} {α : Type u_1} [AddCommMonoid α] (f : ℕ → α) (n : ℕ) :
  ∑ i, f ↑i = ∑ i ∈ Finset.range n, f i
info: ModifiedCartan/PolynomialNormalForm.lean:15:0: Matrix.isUnit_iff_isUnit_det.{u', v} {n : Type u'} {α : Type v} [Fintype n] [DecidableEq n] [CommRing α]
  (A : Matrix n n α) : IsUnit A ↔ IsUnit A.det
info: ModifiedCartan/PolynomialNormalForm.lean:143:0: 'ModifiedCartan.powerExpansion_matrix_isUnit' depends on axioms: [propext, Classical.choice, Quot.sound]
info: ModifiedCartan/PolynomialNormalForm.lean:144:0: 'ModifiedCartan.rationalNormalForm_of_polynomial_degree_bound' depends on axioms: [propext,
 Classical.choice,
 Quot.sound]
info: ModifiedCartan/PolynomialNormalForm.lean:145:0: 'ModifiedCartan.gaugedCurve_polynomialRepresentation_of_normalized_polynomials' depends on axioms: [propext,
 Classical.choice,
 Quot.sound]
info: ModifiedCartan/PolynomialNormalForm.lean:146:0: 'ModifiedCartan.gaugedCurve_rationalNormalForm_of_normalized_monomials' depends on axioms: [propext,
 Classical.choice,
 Quot.sound]
info: ModifiedCartan/PolynomialNormalForm.lean:147:0: 'ModifiedCartan.rationalNormalForm_of_matrixGauge' depends on axioms: [propext, Classical.choice, Quot.sound]
⚠ [4879/5119] Replayed ModifiedCartan.AbsorptionConstants
warning: ModifiedCartan/AbsorptionConstants.lean:17:8: Unused tactic linter: `ring` does nothing

Note: This linter can be disabled with `set_option linter.unusedTactic false`
warning: ModifiedCartan/AbsorptionConstants.lean:17:8: this tactic is never executed

Note: This linter can be disabled with `set_option linter.unreachableTactic false`
info: ModifiedCartan/AbsorptionConstants.lean:39:0: 'ModifiedCartan.exists_small_absorption_coefficient' depends on axioms: [propext, Classical.choice, Quot.sound]
info: ModifiedCartan/AbsorptionConstants.lean:40:0: 'ModifiedCartan.exists_envelope_exponent_for_ratio' depends on axioms: [propext, Classical.choice, Quot.sound]
ℹ [4880/5119] Replayed ModifiedCartan.CircleSingularHalfPower
info: ModifiedCartan/CircleSingularHalfPower.lean:83:0: 'ModifiedCartan.circle_singular_half_power_integrable' depends on axioms: [propext, Classical.choice, Quot.sound]
info: ModifiedCartan/CircleSingularHalfPower.lean:84:0: 'ModifiedCartan.circle_singular_half_power_bound' depends on axioms: [propext, Classical.choice, Quot.sound]
ℹ [4881/5119] Replayed ModifiedCartan.CircleSingularSums
info: ModifiedCartan/CircleSingularSums.lean:95:0: 'ModifiedCartan.circle_weighted_poles_fractional_moment_bound' depends on axioms: [propext,
 Classical.choice,
 Quot.sound]
info: ModifiedCartan/CircleSingularSums.lean:96:0: 'ModifiedCartan.circle_weighted_poles_proximity_bound' depends on axioms: [propext, Classical.choice, Quot.sound]
⚠ [4882/5119] Replayed ModifiedCartan.NHElementaryBounds
warning: ModifiedCartan/NHElementaryBounds.lean:83:8: Unused tactic linter: `ring` does nothing

Note: This linter can be disabled with `set_option linter.unusedTactic false`
warning: ModifiedCartan/NHElementaryBounds.lean:83:8: this tactic is never executed

Note: This linter can be disabled with `set_option linter.unreachableTactic false`
info: ModifiedCartan/NHElementaryBounds.lean:101:0: 'ModifiedCartan.integer_poles_derivative_proximity_bound' depends on axioms: [propext, Classical.choice, Quot.sound]
ℹ [4883/5119] Replayed ModifiedCartan.NHRadiusSelection
info: ModifiedCartan/NHRadiusSelection.lean:50:0: 'ModifiedCartan.exists_NH_regular_radius' depends on axioms: [propext, Classical.choice, Quot.sound]
⚠ [4885/5119] Replayed FewInflection.Nevanlinna.PoissonLogFactor
warning: FewInflection/Nevanlinna/PoissonLogFactor.lean:48:2: Try this: 
  letI̵

The goal is a proposition, so `let` is preferred over `letI`.
The difference between `let` and `letI` is that `letI` inlines the value.
But this is not relevant for proofs because of proof irrelevance.

Note: This linter can be disabled with `set_option linter.style.haveILetI false`
⚠ [4888/5119] Replayed FewInflection.Nevanlinna.PoissonKernelBounds
warning: FewInflection/Nevanlinna/PoissonKernelBounds.lean:268:12: This simp argument is unused:
  norm_div

Hint: Omit it from the simp argument list.
  [apply] simp [norm_mul, Complex.norm_natCast, div_eq_mul_inv, mul_assoc]

Note: This linter can be disabled with `set_option linter.unusedSimpArgs false`
warning: FewInflection/Nevanlinna/PoissonKernelBounds.lean:268:22: This simp argument is unused:
  norm_mul

Hint: Omit it from the simp argument list.
  [apply] simp [norm_div, Complex.norm_natCast, div_eq_mul_inv, mul_assoc]

Note: This linter can be disabled with `set_option linter.unusedSimpArgs false`
warning: FewInflection/Nevanlinna/PoissonKernelBounds.lean:268:32: This simp argument is unused:
  Complex.norm_natCast

Hint: Omit it from the simp argument list.
  [apply] simp [norm_div, norm_mul, div_eq_mul_inv, mul_assoc]

Note: This linter can be disabled with `set_option linter.unusedSimpArgs false`
warning: FewInflection/Nevanlinna/PoissonKernelBounds.lean:322:22: This simp argument is unused:
  norm_mul

Hint: Omit it from the simp argument list.
  [apply] simp [Complex.norm_intCast, Real.norm_eq_abs]

Note: This linter can be disabled with `set_option linter.unusedSimpArgs false`
warning: FewInflection/Nevanlinna/PoissonKernelBounds.lean:322:54: This simp argument is unused:
  Real.norm_eq_abs

Hint: Omit it from the simp argument list.
  [apply] simp [norm_mul, Complex.norm_intCast]

Note: This linter can be disabled with `set_option linter.unusedSimpArgs false`
warning: FewInflection/Nevanlinna/PoissonKernelBounds.lean:364:18: This simp argument is unused:
  norm_mul

Hint: Omit it from the simp argument list.
  [apply] simp [norm_div, norm_pow, Complex.norm_natCast, div_eq_mul_inv, mul_assoc, mul_left_comm, mul_comm]

Note: This linter can be disabled with `set_option linter.unusedSimpArgs false`
warning: FewInflection/Nevanlinna/PoissonKernelBounds.lean:364:28: This simp argument is unused:
  norm_div

Hint: Omit it from the simp argument list.
  [apply] simp [norm_mul, norm_pow, Complex.norm_natCast, div_eq_mul_inv, mul_assoc, mul_left_comm, mul_comm]

Note: This linter can be disabled with `set_option linter.unusedSimpArgs false`
warning: FewInflection/Nevanlinna/PoissonKernelBounds.lean:364:48: This simp argument is unused:
  Complex.norm_natCast

Hint: Omit it from the simp argument list.
  [apply] simp [norm_mul, norm_div, norm_pow, div_eq_mul_inv, mul_assoc, mul_left_comm, mul_comm]

Note: This linter can be disabled with `set_option linter.unusedSimpArgs false`
⚠ [4894/5119] Replayed FewInflection.Nevanlinna.AbsoluteDivisorCount
warning: FewInflection/Nevanlinna/AbsoluteDivisorCount.lean:172:18: `if_pos` has been deprecated: Use `ite_eq_left` instead
ℹ [4895/5119] Replayed ModifiedCartan.DiskBoundaryMean
info: ModifiedCartan/DiskBoundaryMean.lean:57:0: 'ModifiedCartan.disk_boundary_abs_log_bound' depends on axioms: [propext, Classical.choice, Quot.sound]
ℹ [4896/5119] Replayed ModifiedCartan.MeromorphicDerivativeDecomposition
info: ModifiedCartan/MeromorphicDerivativeDecomposition.lean:54:0: 'ModifiedCartan.iteratedDeriv_singular_add_analytic_eventuallyEq' depends on axioms: [propext,
 Classical.choice,
 Quot.sound]
ℹ [4897/5119] Replayed ModifiedCartan.LocalProximityArithmetic
info: ModifiedCartan/LocalProximityArithmetic.lean:72:0: 'ModifiedCartan.local_proximity_sum_le' depends on axioms: [propext, Classical.choice, Quot.sound]
info: ModifiedCartan/LocalProximityArithmetic.lean:73:0: 'ModifiedCartan.local_proximity_prod_le' depends on axioms: [propext, Classical.choice, Quot.sound]
ℹ [4898/5119] Replayed ModifiedCartan.ZeroSharpProduct
info: ModifiedCartan/ZeroSharpProduct.lean:61:0: 'ModifiedCartan.zeroSharp_hasProdLocallyUniformlyOn' depends on axioms: [propext, Classical.choice, Quot.sound]
info: ModifiedCartan/ZeroSharpProduct.lean:62:0: 'ModifiedCartan.zeroSharpFunction_differentiable' depends on axioms: [propext, Classical.choice, Quot.sound]
info: ModifiedCartan/ZeroSharpProduct.lean:63:0: 'ModifiedCartan.zeroSharpFunction_root' depends on axioms: [propext, Classical.choice, Quot.sound]
⚠ [4899/5119] Replayed ModifiedCartan.EntireDerivativeNontrivial
warning: ModifiedCartan/EntireDerivativeNontrivial.lean:38:2: `push_neg` has been deprecated. Prefer using `push Not` instead.
If you'd rather continue using `push_neg` in your project, you can implement it as follows:
```
open Lean.Parser.Tactic in
macro "push_neg" cfg:optConfig loc:(location)? : tactic =>
  `(tactic| push $cfg:optConfig Not $[$loc]?)
```
info: ModifiedCartan/EntireDerivativeNontrivial.lean:42:0: 'ModifiedCartan.entire_polynomial_of_iteratedDeriv_eq_zero' depends on axioms: [propext, Classical.choice, Quot.sound]
⚠ [4900/5119] Replayed ModifiedCartan.FiniteRootCountingLower
warning: ModifiedCartan/FiniteRootCountingLower.lean:65:28: `if_neg` has been deprecated: Use `ite_eq_right` instead
info: ModifiedCartan/FiniteRootCountingLower.lean:81:0: 'ModifiedCartan.logCounting_lower_of_exponentially_spaced_roots' depends on axioms: [propext,
 Classical.choice,
 Quot.sound]
ℹ [4901/5119] Replayed ModifiedCartan.PolynomialCurveGrowth
info: ModifiedCartan/PolynomialCurveGrowth.lean:59:0: 'ModifiedCartan.polynomial_family_euclidean_power_bound' depends on axioms: [propext, Classical.choice, Quot.sound]
ℹ [4902/5119] Replayed ModifiedCartan.WeightedPrimitive
info: ModifiedCartan/WeightedPrimitive.lean:60:0: 'ModifiedCartan.norm_primitive_div_weight_tendsto_zero' depends on axioms: [propext, Classical.choice, Quot.sound]
ℹ [4903/5119] Replayed ModifiedCartan.PowerExpProfile
info: ModifiedCartan/PowerExpProfile.lean:75:0: 'ModifiedCartan.powerExpProfile_hasDerivAt' depends on axioms: [propext, Classical.choice, Quot.sound]
info: ModifiedCartan/PowerExpProfile.lean:76:0: 'ModifiedCartan.powerExpWeight_tail_deriv_lower' depends on axioms: [propext, Classical.choice, Quot.sound]
ℹ [4904/5119] Replayed ModifiedCartan.EntireSeries
info: ModifiedCartan/EntireSeries.lean:51:0: 'ModifiedCartan.entireSeries_differentiable' depends on axioms: [propext, Classical.choice, Quot.sound]
info: ModifiedCartan/EntireSeries.lean:52:0: 'ModifiedCartan.entireSeries_hasSum_iteratedDeriv' depends on axioms: [propext, Classical.choice, Quot.sound]
ℹ [4905/5119] Replayed ModifiedCartan.LinearODESpan
info: ModifiedCartan/LinearODESpan.lean:49:0: 'ModifiedCartan.linearODE_family_spans_solution' depends on axioms: [propext, Classical.choice, Quot.sound]
ℹ [4906/5119] Replayed ModifiedCartan.SharpnessDerivativeBounds
info: ModifiedCartan/SharpnessDerivativeBounds.lean:112:0: 'ModifiedCartan.IsSharpnessSystem.derivative_norm_le' depends on axioms: [propext, Classical.choice, Quot.sound]
⚠ [4907/5119] Replayed ModifiedCartan.DeterminantRowBounds
warning: ModifiedCartan/DeterminantRowBounds.lean:8:36: Variable name `hM` is not explicitly referenced.

Hint: The binding can be removed (if unused) or named `_` (if used implicitly). Alternatively, prefix the name with `_` to silence this warning:
  [apply] _hM

Note: This linter can be disabled with `set_option linter.unusedVariables false`
info: ModifiedCartan/DeterminantRowBounds.lean:44:0: 'ModifiedCartan.norm_matrix_det_le_zero_row' depends on axioms: [propext, Classical.choice, Quot.sound]
ℹ [4908/5119] Replayed ModifiedCartan.SharpnessCoefficients
info: ModifiedCartan/SharpnessCoefficients.lean:64:0: 'ModifiedCartan.sharpnessBaseCoeff_recurrence' depends on axioms: [propext, Classical.choice, Quot.sound]
info: ModifiedCartan/SharpnessCoefficients.lean:65:0: 'ModifiedCartan.sharpnessBaseCoeff_weighted_summable' depends on axioms: [propext, Classical.choice, Quot.sound]
ℹ [4909/5119] Replayed ModifiedCartan.WeakGradientLogTest
info: ModifiedCartan/WeakGradientLogTest.lean:68:0: 'ModifiedCartan.IsSubharmonicOn.weak_gradient_regularized_log_test' depends on axioms: [propext,
 Classical.choice,
 Quot.sound]
ℹ [4910/5119] Replayed ModifiedCartan.Tonelli
info: ModifiedCartan/Tonelli.lean:21:0: 'ModifiedCartan.Paper.lem_Tonelli' depends on axioms: [propext, Classical.choice, Quot.sound]
ℹ [4911/5119] Replayed ModifiedCartan.QuotientWronskian
info: ModifiedCartan/QuotientWronskian.lean:88:0: 'ModifiedCartan.rescaled_negative_norm_le_quotient_wronskian' depends on axioms: [propext, Classical.choice, Quot.sound]
ℹ [4912/5119] Replayed ModifiedCartan.PolynomialValueSpan
info: ModifiedCartan/PolynomialValueSpan.lean:47:0: 'ModifiedCartan.polynomialCombination_coeff_mem' depends on axioms: [propext, Classical.choice, Quot.sound]
⚠ [4913/5119] Replayed ModifiedCartan.KPGeneratedCommutative
warning: ModifiedCartan/KPGeneratedCommutative.lean:17:2: Try this: 
  letI̵

The goal is a proposition, so `let` is preferred over `letI`.
The difference between `let` and `letI` is that `letI` inlines the value.
But this is not relevant for proofs because of proof irrelevance.

Note: This linter can be disabled with `set_option linter.style.haveILetI false`
ℹ [4914/5119] Replayed ModifiedCartan.KPPolynomialParameters
info: ModifiedCartan/KPPolynomialParameters.lean:83:0: 'ModifiedCartan.kpParameterEvaluation_ext_pos_real' depends on axioms: [propext, Classical.choice, Quot.sound]
⚠ [4917/5178] Replayed ModifiedCartan.KPColumnLaurentExpansion
warning: ModifiedCartan/KPColumnLaurentExpansion.lean:20:20: This simp argument is unused:
  Finset.sum_mul

Hint: Omit it from the simp argument list.
  [apply] simp only [supportedColumnLaurentSeries, kpBeta_column_supported, MonoidAlgebra.coeff_sum,
    Finsupp.finsetSum_apply, map_sum, Finset.mul_sum]

Note: This linter can be disabled with `set_option linter.unusedSimpArgs false`
warning: ModifiedCartan/KPColumnLaurentExpansion.lean:30:40: This simp argument is unused:
  Finsupp.single_apply

Hint: Omit it from the simp argument list.
  [apply] simp [MonoidAlgebra.coeff_single, hg]

Note: This linter can be disabled with `set_option linter.unusedSimpArgs false`
info: ModifiedCartan/KPColumnLaurentExpansion.lean:40:0: 'ModifiedCartan.evaluatedColumnLaurentSeries_eq_sum' depends on axioms: [propext, Classical.choice, Quot.sound]
⚠ [4918/5178] Replayed ModifiedCartan.SupportedPowerSumEvaluation
warning: ModifiedCartan/SupportedPowerSumEvaluation.lean:23:26: This simp argument is unused:
  zero_mul

Hint: Omit it from the simp argument list.
  [apply] simp only [MonoidAlgebra.coeff_single, Finsupp.single_apply, hg, ite_true, ite_false, map_zero, mul_zero,
    evaluateSupportedMarkers_monomial, finiteCyclePolynomial, map_mul]

Note: This linter can be disabled with `set_option linter.unusedSimpArgs false`
warning: ModifiedCartan/SupportedPowerSumEvaluation.lean:24:15: Used `tac1 <;> tac2` where `(tac1; tac2)` would suffice

Note: This linter can be disabled with `set_option linter.unnecessarySeqFocus false`
ℹ [4924/5178] Replayed ModifiedCartan.KPQuadraticFrobeniusExpansion
info: ModifiedCartan/KPQuadraticFrobeniusExpansion.lean:52:0: 'ModifiedCartan.evaluatedSupportedProduct_frobenius' depends on axioms: [propext, Classical.choice, Quot.sound]
ℹ [4925/5178] Replayed ModifiedCartan.KPFrobeniusBernsteinResidue
info: ModifiedCartan/KPFrobeniusBernsteinResidue.lean:36:0: 'ModifiedCartan.kpFrobeniusBernstein_residue' depends on axioms: [propext, Classical.choice, Quot.sound]
ℹ [4926/5178] Replayed ModifiedCartan.KPJointBernsteinResidue
info: ModifiedCartan/KPJointBernsteinResidue.lean:62:0: 'ModifiedCartan.kpJointFrobeniusBernstein_residue' depends on axioms: [propext, Classical.choice, Quot.sound]
ℹ [4927/5178] Replayed ModifiedCartan.KPJointAlternantContraction
info: ModifiedCartan/KPJointAlternantContraction.lean:49:0: 'ModifiedCartan.kpJointAlternant_contraction' depends on axioms: [propext, Classical.choice, Quot.sound]
ℹ [4928/5178] Replayed ModifiedCartan.KPJointValueNormalization
info: ModifiedCartan/KPJointValueNormalization.lean:48:0: 'ModifiedCartan.kpJointValuePolynomial_top' depends on axioms: [propext, Classical.choice, Quot.sound]
ℹ [4929/5178] Replayed ModifiedCartan.RayScaleAlgebra
info: ModifiedCartan/RayScaleAlgebra.lean:53:0: 'ModifiedCartan.rayScale_pow' depends on axioms: [propext, Classical.choice, Quot.sound]
info: ModifiedCartan/RayScaleAlgebra.lean:54:0: 'ModifiedCartan.rayDerivativeCoordinate_top' depends on axioms: [propext, Classical.choice, Quot.sound]
ℹ [4930/5178] Replayed ModifiedCartan.RayCompanionSystem
info: ModifiedCartan/RayCompanionSystem.lean:58:0: 'ModifiedCartan.rayDerivativeJet_companion_hasDerivAt' depends on axioms: [propext, Classical.choice, Quot.sound]
⚠ [4931/5178] Replayed ModifiedCartan.RayFourierSystem
warning: ModifiedCartan/RayFourierSystem.lean:38:15: This simp argument is unused:
  Complex.ofReal_div

Hint: Omit it from the simp argument list.
  [apply] simp only [Complex.ofReal_mul, Complex.ofReal_inv, div_eq_mul_inv, mul_inv_rev]

Note: This linter can be disabled with `set_option linter.unusedSimpArgs false`
warning: ModifiedCartan/RayFourierSystem.lean:45:27: Used `tac1 <;> tac2` where `(tac1; tac2)` would suffice

Note: This linter can be disabled with `set_option linter.unnecessarySeqFocus false`
info: ModifiedCartan/RayFourierSystem.lean:85:0: 'ModifiedCartan.rayDiagonalPerturbation_diagonal' depends on axioms: [propext, Classical.choice, Quot.sound]
info: ModifiedCartan/RayFourierSystem.lean:86:0: 'ModifiedCartan.rayFourierJet_hasDerivAt' depends on axioms: [propext, Classical.choice, Quot.sound]
ℹ [4932/5178] Replayed ModifiedCartan.RayPhases
info: ModifiedCartan/RayPhases.lean:72:0: 'ModifiedCartan.rayPhases_power_balance' depends on axioms: [propext, Classical.choice, Quot.sound]
info: ModifiedCartan/RayPhases.lean:73:0: 'ModifiedCartan.sharpness_ray_fourier_hasDerivAt' depends on axioms: [propext, Classical.choice, Quot.sound]
ℹ [4933/5178] Replayed ModifiedCartan.SharpnessRootIndicator
info: ModifiedCartan/SharpnessRootIndicator.lean:81:0: 'ModifiedCartan.sharpnessRootIndicator_ae_pos' depends on axioms: [propext, Classical.choice, Quot.sound]
ℹ [4934/5178] Replayed ModifiedCartan.RootIndicatorSectors
info: ModifiedCartan/RootIndicatorSectors.lean:118:0: 'ModifiedCartan.sharpnessRootIndicator_periodic' depends on axioms: [propext, Classical.choice, Quot.sound]
info: ModifiedCartan/RootIndicatorSectors.lean:119:0: 'ModifiedCartan.sharpnessRootIndicator_eq_cos' depends on axioms: [propext, Classical.choice, Quot.sound]
⚠ [4936/5178] Replayed ModifiedCartan.LocalKernelBounds
warning: ModifiedCartan/LocalKernelBounds.lean:78:5: Variable name `hr` is not explicitly referenced.

Hint: The binding can be removed (if unused) or named `_` (if used implicitly). Alternatively, prefix the name with `_` to silence this warning:
  [apply] _hr

Note: This linter can be disabled with `set_option linter.unusedVariables false`
info: ModifiedCartan/LocalKernelBounds.lean:96:0: 'ModifiedCartan.localPoissonLogDerivative_bound' depends on axioms: [propext, Classical.choice, Quot.sound]
info: ModifiedCartan/LocalKernelBounds.lean:97:0: 'ModifiedCartan.local_cauchy_derivative_bound' depends on axioms: [propext, Classical.choice, Quot.sound]
⚠ [4938/5178] Replayed FewInflection.Nevanlinna.CharacteristicMassBound
warning: FewInflection/Nevanlinna/CharacteristicMassBound.lean:117:51: Variable name `hR` is not explicitly referenced.

Hint: The binding can be removed (if unused) or named `_` (if used implicitly). Alternatively, prefix the name with `_` to silence this warning:
  [apply] _hR

Note: This linter can be disabled with `set_option linter.unusedVariables false`
warning: FewInflection/Nevanlinna/CharacteristicMassBound.lean:187:39: This simp argument is unused:
  dist_comm

Hint: Omit it from the simp argument list.
  [apply] simp [Metric.mem_ball, dist_eq_norm]

Note: This linter can be disabled with `set_option linter.unusedSimpArgs false`
ℹ [4939/5178] Replayed ModifiedCartan.LocalPoissonRemainder
info: ModifiedCartan/LocalPoissonRemainder.lean:81:0: 'ModifiedCartan.poissonJensenRemainder_iteratedDeriv_bound' depends on axioms: [propext, Classical.choice, Quot.sound]
info: ModifiedCartan/LocalPoissonRemainder.lean:82:0: 'ModifiedCartan.logDeriv_eq_singular_add_remainder' depends on axioms: [propext, Classical.choice, Quot.sound]
ℹ [4940/5178] Replayed ModifiedCartan.NHControlledRemainder
info: ModifiedCartan/NHControlledRemainder.lean:47:0: 'ModifiedCartan.poissonJensenRemainder_iteratedDeriv_control_bound' depends on axioms: [propext,
 Classical.choice,
 Quot.sound]
ℹ [4941/5178] Replayed ModifiedCartan.DiskDivisorMass
info: ModifiedCartan/DiskDivisorMass.lean:104:0: 'ModifiedCartan.closedDisk_divisor_mass_mul_log_le' depends on axioms: [propext, Classical.choice, Quot.sound]
info: ModifiedCartan/DiskDivisorMass.lean:105:0: 'ModifiedCartan.disk_divisor_mass_bound' depends on axioms: [propext, Classical.choice, Quot.sound]
ℹ [4942/5178] Replayed ModifiedCartan.NHLocalDecomposition
info: ModifiedCartan/NHLocalDecomposition.lean:80:0: 'ModifiedCartan.exists_NH_local_decomposition' depends on axioms: [propext, Classical.choice, Quot.sound]
ℹ [4943/5178] Replayed ModifiedCartan.NHLogDerivativeControl
info: ModifiedCartan/NHLogDerivativeControl.lean:82:0: 'ModifiedCartan.exists_NH_logDeriv_control_bound' depends on axioms: [propext, Classical.choice, Quot.sound]
ℹ [4944/5178] Replayed ModifiedCartan.NHControlSize
info: ModifiedCartan/NHControlSize.lean:73:0: 'ModifiedCartan.one_add_log_nhControl_le' depends on axioms: [propext, Classical.choice, Quot.sound]
ℹ [4945/5178] Replayed ModifiedCartan.ZeroSharpRealRoots
info: ModifiedCartan/ZeroSharpRealRoots.lean:86:0: 'ModifiedCartan.zeroSharpFunction_not_polynomial' depends on axioms: [propext, Classical.choice, Quot.sound]
info: ModifiedCartan/ZeroSharpRealRoots.lean:87:0: 'ModifiedCartan.zeroSharpFunction_iteratedDeriv_nonzero' depends on axioms: [propext, Classical.choice, Quot.sound]
info: ModifiedCartan/ZeroSharpRealRoots.lean:88:0: 'ModifiedCartan.zeroSharpFunction_iteratedDeriv_real' depends on axioms: [propext, Classical.choice, Quot.sound]
ℹ [4946/5178] Replayed ModifiedCartan.ZeroSharpWronskian
info: ModifiedCartan/ZeroSharpWronskian.lean:74:0: 'ModifiedCartan.zeroSharpCoordinates_wronskian' depends on axioms: [propext, Classical.choice, Quot.sound]
info: ModifiedCartan/ZeroSharpWronskian.lean:75:0: 'ModifiedCartan.zeroSharpCurve_linearlyNonDegenerate' depends on axioms: [propext, Classical.choice, Quot.sound]
info: ModifiedCartan/ZeroSharpWronskian.lean:76:0: 'ModifiedCartan.zeroSharpCurve_ramification' depends on axioms: [propext, Classical.choice, Quot.sound]
ℹ [4947/5178] Replayed ModifiedCartan.ZeroSharpMajorant
info: ModifiedCartan/ZeroSharpMajorant.lean:106:0: 'ModifiedCartan.zeroSharp_norm_quadratic_log_bound' depends on axioms: [propext, Classical.choice, Quot.sound]
ℹ [4948/5178] Replayed ModifiedCartan.QuadraticLogDerivative
info: ModifiedCartan/QuadraticLogDerivative.lean:69:0: 'ModifiedCartan.quadratic_log_bound_iteratedDeriv' depends on axioms: [propext, Classical.choice, Quot.sound]
info: ModifiedCartan/QuadraticLogDerivative.lean:70:0: 'ModifiedCartan.logCounting_upper_of_quadratic_log_bound' depends on axioms: [propext, Classical.choice, Quot.sound]
ℹ [4949/5178] Replayed ModifiedCartan.ZeroSharpRolle
info: ModifiedCartan/ZeroSharpRolle.lean:60:0: 'ModifiedCartan.zeroSharp_derivative_root_sequence' depends on axioms: [propext, Classical.choice, Quot.sound]
ℹ [4950/5178] Replayed ModifiedCartan.ZeroSharpCountingLower
info: ModifiedCartan/ZeroSharpCountingLower.lean:32:0: 'ModifiedCartan.zeroSharp_derivative_logCounting_lower' depends on axioms: [propext, Classical.choice, Quot.sound]
ℹ [4951/5178] Replayed ModifiedCartan.ZeroSharpCurveBounds
info: ModifiedCartan/ZeroSharpCurveBounds.lean:84:0: 'ModifiedCartan.zeroSharpCurve_characteristic_quadratic_bounds' depends on axioms: [propext,
 Classical.choice,
 Quot.sound]
info: ModifiedCartan/ZeroSharpCurveBounds.lean:85:0: 'ModifiedCartan.zeroSharp_derivative_logCounting_quadratic_bounds' depends on axioms: [propext,
 Classical.choice,
 Quot.sound]
ℹ [4952/5178] Replayed ModifiedCartan.RationalCharacteristicGrowth
info: ModifiedCartan/RationalCharacteristicGrowth.lean:78:0: 'ModifiedCartan.characteristic_log_bound_of_polynomial_representation' depends on axioms: [propext,
 Classical.choice,
 Quot.sound]
info: ModifiedCartan/RationalCharacteristicGrowth.lean:79:0: 'ModifiedCartan.transcendental_of_positive_characteristic_power_limit' depends on axioms: [propext,
 Classical.choice,
 Quot.sound]
⚠ [4953/5178] Replayed ModifiedCartan.QuadraticLogLimits
warning: ModifiedCartan/QuadraticLogLimits.lean:20:6: Unused tactic linter: `ring` does nothing

Note: This linter can be disabled with `set_option linter.unusedTactic false`
warning: ModifiedCartan/QuadraticLogLimits.lean:20:6: this tactic is never executed

Note: This linter can be disabled with `set_option linter.unreachableTactic false`
info: ModifiedCartan/QuadraticLogLimits.lean:69:0: 'ModifiedCartan.log_growth_zero_of_logsquare_limit' depends on axioms: [propext, Classical.choice, Quot.sound]
info: ModifiedCartan/QuadraticLogLimits.lean:70:0: 'ModifiedCartan.transcendental_of_positive_characteristic_logsquare_limit' depends on axioms: [propext,
 Classical.choice,
 Quot.sound]
ℹ [4954/5178] Replayed ModifiedCartan.SharpnessZero
info: ModifiedCartan/SharpnessZero.lean:72:0: 'ModifiedCartan.zeroSharpCurve_characteristic_logsquare_limit' depends on axioms: [propext,
 Classical.choice,
 Quot.sound]
info: ModifiedCartan/SharpnessZero.lean:73:0: 'ModifiedCartan.zeroSharpCurve_ramification_ratio' depends on axioms: [propext, Classical.choice, Quot.sound]
info: ModifiedCartan/SharpnessZero.lean:74:0: 'ModifiedCartan.Paper.prop_sharpness_zero' depends on axioms: [propext, Classical.choice, Quot.sound]
⚠ [4955/5178] Replayed ModifiedCartan.PowerExpPrimitive
warning: ModifiedCartan/PowerExpPrimitive.lean:39:8: Unused tactic linter: `ring` does nothing

Note: This linter can be disabled with `set_option linter.unusedTactic false`
warning: ModifiedCartan/PowerExpPrimitive.lean:39:8: this tactic is never executed

Note: This linter can be disabled with `set_option linter.unreachableTactic false`
info: ModifiedCartan/PowerExpPrimitive.lean:92:0: 'ModifiedCartan.powerExp_primitive_ratio_limit' depends on axioms: [propext, Classical.choice, Quot.sound]
info: ModifiedCartan/PowerExpPrimitive.lean:93:0: 'ModifiedCartan.powerExp_primitive_normalized_limit' depends on axioms: [propext, Classical.choice, Quot.sound]
⚠ [4956/5178] Replayed ModifiedCartan.ExponentialUpperRate
warning: ModifiedCartan/ExponentialUpperRate.lean:59:45: `tendsto_finset_sum` has been deprecated: Use `tendsto_finsetSum` instead
info: ModifiedCartan/ExponentialUpperRate.lean:119:0: 'ModifiedCartan.HasExponentialUpperRate.of_profile_limit' depends on axioms: [propext, Classical.choice, Quot.sound]
info: ModifiedCartan/ExponentialUpperRate.lean:120:0: 'ModifiedCartan.HasExponentialUpperRate.primitive' depends on axioms: [propext, Classical.choice, Quot.sound]
ℹ [4957/5178] Replayed ModifiedCartan.FirstOrderPiTail
info: ModifiedCartan/FirstOrderPiTail.lean:41:0: 'ModifiedCartan.firstOrder_diagonal_pi_tail_exists' depends on axioms: [propext, Classical.choice, Quot.sound]
ℹ [4958/5178] Replayed ModifiedCartan.RayCompanionAsymptotics
info: ModifiedCartan/RayCompanionAsymptotics.lean:73:0: 'ModifiedCartan.rayCompanion_tail_fundamental_system_exists' depends on axioms: [propext, Classical.choice, Quot.sound]
⚠ [4959/5178] Replayed ModifiedCartan.PowerExpLog
warning: ModifiedCartan/PowerExpLog.lean:48:2: Used `tac1 <;> tac2` where `(tac1; tac2)` would suffice

Note: This linter can be disabled with `set_option linter.unnecessarySeqFocus false`
info: ModifiedCartan/PowerExpLog.lean:51:0: 'ModifiedCartan.log_norm_div_t_tendsto_of_power_exp_limit' depends on axioms: [propext, Classical.choice, Quot.sound]
ℹ [4960/5178] Replayed ModifiedCartan.VectorRayGrowth
info: ModifiedCartan/VectorRayGrowth.lean:78:0: 'ModifiedCartan.euclidean_exponential_decay_of_coordinate_upper_rates' depends on axioms: [propext,
 Classical.choice,
 Quot.sound]
info: ModifiedCartan/VectorRayGrowth.lean:79:0: 'ModifiedCartan.vector_log_limit_of_scalar_lower' depends on axioms: [propext, Classical.choice, Quot.sound]
ℹ [4961/5178] Replayed ModifiedCartan.EntirePrimitives
info: ModifiedCartan/EntirePrimitives.lean:34:0: 'ModifiedCartan.entire_iteratedPrimitive_exists' depends on axioms: [propext, Classical.choice, Quot.sound]
ℹ [4962/5178] Replayed ModifiedCartan.SharpnessCombinations
info: ModifiedCartan/SharpnessCombinations.lean:102:0: 'ModifiedCartan.IsSharpnessSystem.combination_with_jet_exists' depends on axioms: [propext,
 Classical.choice,
 Quot.sound]
info: ModifiedCartan/SharpnessCombinations.lean:103:0: 'ModifiedCartan.scalar_equation_of_iterated_primitive' depends on axioms: [propext, Classical.choice, Quot.sound]
ℹ [4963/5178] Replayed ModifiedCartan.RayMatrixContinuity
info: ModifiedCartan/RayMatrixContinuity.lean:37:0: 'ModifiedCartan.rayCompanionCLM_continuousOn' depends on axioms: [propext, Classical.choice, Quot.sound]
ℹ [4964/5178] Replayed ModifiedCartan.RaySolutionExpansion
info: ModifiedCartan/RaySolutionExpansion.lean:48:0: 'ModifiedCartan.scalar_ray_fundamental_expansion' depends on axioms: [propext, Classical.choice, Quot.sound]
ℹ [4965/5178] Replayed ModifiedCartan.RayPrimitives
info: ModifiedCartan/RayPrimitives.lean:79:0: 'ModifiedCartan.ray_primitive_ratio_limit' depends on axioms: [propext, Classical.choice, Quot.sound]
info: ModifiedCartan/RayPrimitives.lean:80:0: 'ModifiedCartan.ray_iteratedPrimitive_ratio_limit' depends on axioms: [propext, Classical.choice, Quot.sound]
⚠ [4966/5178] Replayed ModifiedCartan.RayUpperPrimitives
warning: ModifiedCartan/RayUpperPrimitives.lean:24:4: Unused tactic linter: `change ((ρ ^ a : ℝ) : ℂ) * η * (((t ^ a : ℝ) : ℂ) * deriv w (rayPoint ρ η t)) = _` does nothing

Note: This linter can be disabled with `set_option linter.unusedTactic false`
info: ModifiedCartan/RayUpperPrimitives.lean:40:0: 'ModifiedCartan.ray_iteratedPrimitive_upper_rate' depends on axioms: [propext, Classical.choice, Quot.sound]
ℹ [4967/5178] Replayed ModifiedCartan.SharpnessDomination
info: ModifiedCartan/SharpnessDomination.lean:118:0: 'ModifiedCartan.IsSharpnessSystem.log_vector_norm_bounds' depends on axioms: [propext, Classical.choice, Quot.sound]
info: ModifiedCartan/SharpnessDomination.lean:119:0: 'ModifiedCartan.IsSharpnessSystem.abs_log_vector_norm_le' depends on axioms: [propext, Classical.choice, Quot.sound]
⚠ [4968/5178] Replayed ModifiedCartan.SharpnessBaseSolutions
warning: ModifiedCartan/SharpnessBaseSolutions.lean:45:15: Variable name `hj` is not explicitly referenced.

Hint: The binding can be removed (if unused) or named `_` (if used implicitly). Alternatively, prefix the name with `_` to silence this warning:
  [apply] _hj

Note: This linter can be disabled with `set_option linter.unusedVariables false`
warning: ModifiedCartan/SharpnessBaseSolutions.lean:52:6: This simp argument is unused:
  iteratedDeriv_const_mul_field

Hint: Omit it from the simp argument list.
  [apply] simp only [Nat.mul_zero, Nat.add_zero, iteratedDeriv_fun_pow_zero, sharpnessBaseCoeff]

Note: This linter can be disabled with `set_option linter.unusedSimpArgs false`
warning: ModifiedCartan/SharpnessBaseSolutions.lean:88:15: This simp argument is unused:
  Nat.mul_zero

Hint: Omit it from the simp argument list.
  [apply] simp only [Nat.add_zero, iteratedDeriv_const_mul_field, iteratedDeriv_pow,
    Nat.descFactorial_eq_zero_iff_lt.mpr hj, Nat.cast_zero, zero_mul, mul_zero]

Note: This linter can be disabled with `set_option linter.unusedSimpArgs false`
warning: ModifiedCartan/SharpnessBaseSolutions.lean:89:6: This simp argument is unused:
  iteratedDeriv_const_mul_field

Hint: Omit it from the simp argument list.
  [apply] simp only [Nat.mul_zero, Nat.add_zero, iteratedDeriv_pow, Nat.descFactorial_eq_zero_iff_lt.mpr hj,
    Nat.cast_zero, zero_mul, mul_zero]

Note: This linter can be disabled with `set_option linter.unusedSimpArgs false`
info: ModifiedCartan/SharpnessBaseSolutions.lean:97:0: 'ModifiedCartan.sharpnessBaseSolution_initial' depends on axioms: [propext, Classical.choice, Quot.sound]
info: ModifiedCartan/SharpnessBaseSolutions.lean:98:0: 'ModifiedCartan.sharpnessBaseSolution_equation' depends on axioms: [propext, Classical.choice, Quot.sound]
ℹ [4969/5178] Replayed ModifiedCartan.SharpnessSystemExistence
info: ModifiedCartan/SharpnessSystemExistence.lean:71:0: 'ModifiedCartan.sharpness_solution_with_initial_jet_exists' depends on axioms: [propext, Classical.choice, Quot.sound]
info: ModifiedCartan/SharpnessSystemExistence.lean:72:0: 'ModifiedCartan.sharpnessSystem_exists' depends on axioms: [propext, Classical.choice, Quot.sound]
ℹ [4970/5178] Replayed ModifiedCartan.ZeroPhaseTest
info: ModifiedCartan/ZeroPhaseTest.lean:60:0: 'ModifiedCartan.IsSubharmonicOn.weak_gradient_zero_phase_test' depends on axioms: [propext,
 Classical.choice,
 Quot.sound]
ℹ [4971/5178] Replayed ModifiedCartan.BetheAlgebra
info: ModifiedCartan/BetheAlgebra.lean:101:0: 'ModifiedCartan.betheAlgebra_eq_adjoin_coefficients' depends on axioms: [propext, Classical.choice, Quot.sound]
info: ModifiedCartan/BetheAlgebra.lean:102:0: 'ModifiedCartan.betheAlgebra_le_kpGeneratedAlgebra' depends on axioms: [propext, Classical.choice, Quot.sound]
ℹ [4972/5178] Replayed ModifiedCartan.KPPolynomialCoefficientAction
info: ModifiedCartan/KPPolynomialCoefficientAction.lean:66:0: 'ModifiedCartan.kpBetaPowerCoefficient_action' depends on axioms: [propext, Classical.choice, Quot.sound]
ℹ [4973/5178] Replayed ModifiedCartan.KPParameterBetheAlgebra
info: ModifiedCartan/KPParameterBetheAlgebra.lean:91:0: 'ModifiedCartan.kpParameterBetheAlgebra_isMulCommutative' depends on axioms: [propext, Classical.choice, Quot.sound]
ℹ [4977/5178] Replayed ModifiedCartan.ColumnMinorDifferentialEquation
info: ModifiedCartan/ColumnMinorDifferentialEquation.lean:55:0: 'ModifiedCartan.polynomial_columnMinor_differential_identity' depends on axioms: [propext, Classical.choice, Quot.sound]
ℹ [4978/5178] Replayed ModifiedCartan.PolynomialODEJetMatrix
info: ModifiedCartan/PolynomialODEJetMatrix.lean:87:0: 'ModifiedCartan.polynomialODEJetMatrix_det' depends on axioms: [propext, Classical.choice, Quot.sound]
ℹ [4979/5178] Replayed ModifiedCartan.PolynomialODEAdjugate
info: ModifiedCartan/PolynomialODEAdjugate.lean:81:0: 'ModifiedCartan.polynomialODEJetMatrix_ofFn_adjugate_solution' depends on axioms: [propext,
 Classical.choice,
 Quot.sound]
⚠ [4980/5178] Replayed ModifiedCartan.SchubertDegreeInitialCoefficients
warning: ModifiedCartan/SchubertDegreeInitialCoefficients.lean:40:11: `if_pos` has been deprecated: Use `ite_eq_left` instead
warning: ModifiedCartan/SchubertDegreeInitialCoefficients.lean:40:26: `if_pos` has been deprecated: Use `ite_eq_left` instead
warning: ModifiedCartan/SchubertDegreeInitialCoefficients.lean:42:10: `if_pos` has been deprecated: Use `ite_eq_left` instead
warning: ModifiedCartan/SchubertDegreeInitialCoefficients.lean:43:8: `if_neg` has been deprecated: Use `ite_eq_right` instead
warning: ModifiedCartan/SchubertDegreeInitialCoefficients.lean:45:10: `if_pos` has been deprecated: Use `ite_eq_left` instead
warning: ModifiedCartan/SchubertDegreeInitialCoefficients.lean:52:14: `if_neg` has been deprecated: Use `ite_eq_right` instead
warning: ModifiedCartan/SchubertDegreeInitialCoefficients.lean:53:10: `if_neg` has been deprecated: Use `ite_eq_right` instead
info: ModifiedCartan/SchubertDegreeInitialCoefficients.lean:77:0: 'ModifiedCartan.PolynomialSchubertFrame.natDegree_le' depends on axioms: [propext, Classical.choice, Quot.sound]
info: ModifiedCartan/SchubertDegreeInitialCoefficients.lean:78:0: 'ModifiedCartan.polynomialODE_identityJets_adjugate_solution' depends on axioms: [propext, Classical.choice, Quot.sound]
ℹ [4981/5178] Replayed ModifiedCartan.PolynomialCoefficientMinors
info: ModifiedCartan/PolynomialCoefficientMinors.lean:91:0: 'ModifiedCartan.partitionCoefficientMinor_map' depends on axioms: [propext, Classical.choice, Quot.sound]
info: ModifiedCartan/PolynomialCoefficientMinors.lean:92:0: 'ModifiedCartan.partitionCoefficientMinor_smul' depends on axioms: [propext, Classical.choice, Quot.sound]
info: ModifiedCartan/PolynomialCoefficientMinors.lean:93:0: 'ModifiedCartan.partitionCoefficientMinor_eq_eval' depends on axioms: [propext, Classical.choice, Quot.sound]
ℹ [4982/5178] Replayed ModifiedCartan.PolynomialODEAdjugateMap
info: ModifiedCartan/PolynomialODEAdjugateMap.lean:60:0: 'ModifiedCartan.polynomialODEAdjugatePolynomial_map' depends on axioms: [propext, Classical.choice, Quot.sound]
ℹ [4983/5178] Replayed ModifiedCartan.KPRealJointActionExt
info: ModifiedCartan/KPRealJointActionExt.lean:47:0: 'ModifiedCartan.kpRealJointAction_ext' depends on axioms: [propext, Classical.choice, Quot.sound]
⚠ [4991/5178] Replayed ModifiedCartan.BlockSuccessorClassification
warning: ModifiedCartan/BlockSuccessorClassification.lean:81:11: Variable name `σ` is not explicitly referenced.

Hint: The binding can be removed (if unused) or named `_` (if used implicitly). Alternatively, prefix the name with `_` to silence this warning:
  [apply] _σ

Note: This linter can be disabled with `set_option linter.unusedVariables false`
⚠ [4999/5178] Replayed ModifiedCartan.PairSubsetSum
warning: ModifiedCartan/PairSubsetSum.lean:17:35: This simp argument is unused:
  hji

Hint: Omit it from the simp argument list.
  [apply] simp [Finset.mem_powersetCard, Ne.symm hji]

Note: This linter can be disabled with `set_option linter.unusedSimpArgs false`
⚠ [5005/5178] Replayed ModifiedCartan.SpechtIrreducibleExhaustion
warning: ModifiedCartan/SpechtIrreducibleExhaustion.lean:19:43: `if_neg` has been deprecated: Use `ite_eq_right` instead
⚠ [5006/5178] Replayed ModifiedCartan.SpechtCharacterProjection
warning: ModifiedCartan/SpechtCharacterProjection.lean:19:2: Try this: 
  letI̵

The goal is a proposition, so `let` is preferred over `letI`.
The difference between `let` and `letI` is that `letI` inlines the value.
But this is not relevant for proofs because of proof irrelevance.

Note: This linter can be disabled with `set_option linter.style.haveILetI false`
warning: ModifiedCartan/SpechtCharacterProjection.lean:32:2: Try this: 
  letI̵

The goal is a proposition, so `let` is preferred over `letI`.
The difference between `let` and `letI` is that `letI` inlines the value.
But this is not relevant for proofs because of proof irrelevance.

Note: This linter can be disabled with `set_option linter.style.haveILetI false`
ℹ [5021/5193] Replayed ModifiedCartan.PartitionAlternatingPolynomial
info: ModifiedCartan/PartitionAlternatingPolynomial.lean:87:0: 'ModifiedCartan.kpJointAlternatingPolynomial_ne_zero' depends on axioms: [propext, Classical.choice, Quot.sound]
info: ModifiedCartan/PartitionAlternatingPolynomial.lean:88:0: 'ModifiedCartan.kpJointAlternatingPolynomial_first_contraction' depends on axioms: [propext,
 Classical.choice,
 Quot.sound]
ℹ [5022/5193] Replayed ModifiedCartan.KPJointDividedContraction
info: ModifiedCartan/KPJointDividedContraction.lean:41:0: 'ModifiedCartan.kpJointDividedPolynomial_first_contraction' depends on axioms: [propext, Classical.choice, Quot.sound]
ℹ [5023/5193] Replayed ModifiedCartan.KPDividedPolynomialTranslation
info: ModifiedCartan/KPDividedPolynomialTranslation.lean:92:0: 'ModifiedCartan.finitePartitionDividedPolynomial_translation' depends on axioms: [propext, Classical.choice, Quot.sound]
ℹ [5024/5193] Replayed ModifiedCartan.PolynomialAlternantMinors
info: ModifiedCartan/PolynomialAlternantMinors.lean:51:0: 'ModifiedCartan.finitePartitionDividedPolynomial_representation_minor' depends on axioms: [propext,
 Classical.choice,
 Quot.sound]
ℹ [5025/5193] Replayed ModifiedCartan.PolynomialJetSupport
info: ModifiedCartan/PolynomialJetSupport.lean:62:0: 'ModifiedCartan.polynomialJetDet_zero_of_order_sum_gt' depends on axioms: [propext, Classical.choice, Quot.sound]
ℹ [5026/5193] Replayed ModifiedCartan.MvPolynomialTranslationJets
info: ModifiedCartan/MvPolynomialTranslationJets.lean:84:0: 'ModifiedCartan.finSuccEquiv_translate_factorial_coeff' depends on axioms: [propext, Classical.choice, Quot.sound]
⚠ [5027/5193] Replayed ModifiedCartan.PolynomialJetDegreeProfile
warning: ModifiedCartan/PolynomialJetDegreeProfile.lean:69:12: `if_pos` has been deprecated: Use `ite_eq_left` instead
info: ModifiedCartan/PolynomialJetDegreeProfile.lean:75:0: 'ModifiedCartan.polynomial_natDegree_eq_of_identity_jets_support' depends on axioms: [propext,
 Classical.choice,
 Quot.sound]
ℹ [5028/5193] Replayed ModifiedCartan.SchubertFrameReconstruction
info: ModifiedCartan/SchubertFrameReconstruction.lean:60:0: 'ModifiedCartan.polynomialSchubertFrame_exists_of_minor_support' depends on axioms: [propext,
 Classical.choice,
 Quot.sound]
ℹ [5029/5193] Replayed ModifiedCartan.SchubertChartPolynomials
info: ModifiedCartan/SchubertChartPolynomials.lean:112:0: 'ModifiedCartan.schubertChartSpace_mem' depends on axioms: [propext, Classical.choice, Quot.sound]
ℹ [5030/5193] Replayed ModifiedCartan.SchubertCoordinatePolynomials
info: ModifiedCartan/SchubertCoordinatePolynomials.lean:120:0: 'ModifiedCartan.normalizedSchubertCoordinate_chart' depends on axioms: [propext, Classical.choice, Quot.sound]
info: ModifiedCartan/SchubertCoordinatePolynomials.lean:121:0: 'ModifiedCartan.schubertWronskiCoefficientPolynomial_eval' depends on axioms: [propext, Classical.choice, Quot.sound]
ℹ [5031/5193] Replayed ModifiedCartan.KPJointShiftedContraction
info: ModifiedCartan/KPJointShiftedContraction.lean:55:0: 'ModifiedCartan.kpJointDividedPolynomial_translated_contraction' depends on axioms: [propext,
 Classical.choice,
 Quot.sound]
ℹ [5032/5193] Replayed ModifiedCartan.TranslatedDifferentialKernel
info: ModifiedCartan/TranslatedDifferentialKernel.lean:63:0: 'ModifiedCartan.kpJointDividedPolynomial_differential_eq_zero' depends on axioms: [propext,
 Classical.choice,
 Quot.sound]
ℹ [5033/5193] Replayed ModifiedCartan.PolynomialLinearCoefficients
info: ModifiedCartan/PolynomialLinearCoefficients.lean:61:0: 'ModifiedCartan.polynomialFirstDifferential_linearCoefficientMap' depends on axioms: [propext,
 Classical.choice,
 Quot.sound]
ℹ [5034/5193] Replayed ModifiedCartan.PolynomialCoefficientSpace
info: ModifiedCartan/PolynomialCoefficientSpace.lean:80:0: 'ModifiedCartan.polynomialCoefficientSpace_finrank_le' depends on axioms: [propext, Classical.choice, Quot.sound]
ℹ [5035/5193] Replayed ModifiedCartan.PolynomialTensorContraction
info: ModifiedCartan/PolynomialTensorContraction.lean:90:0: 'ModifiedCartan.polynomialTensorFunctional_first' depends on axioms: [propext, Classical.choice, Quot.sound]
ℹ [5036/5193] Replayed ModifiedCartan.PartitionAlternatingDualForm
info: ModifiedCartan/PartitionAlternatingDualForm.lean:84:0: 'ModifiedCartan.finitePartitionAlternatingDualForm_annihilator' depends on axioms: [propext,
 Classical.choice,
 Quot.sound]
ℹ [5037/5193] Replayed ModifiedCartan.PolynomialAlternantSeparation
info: ModifiedCartan/PolynomialAlternantSeparation.lean:97:0: 'ModifiedCartan.polynomialBasis_subspace_eq_of_alternant_eq' depends on axioms: [propext, Classical.choice, Quot.sound]
ℹ [5038/5193] Replayed ModifiedCartan.SchubertCoordinateInjectivity
info: ModifiedCartan/SchubertCoordinateInjectivity.lean:85:0: 'ModifiedCartan.polynomialSchubertSpace_eq_of_coordinates' depends on axioms: [propext, Classical.choice, Quot.sound]
ℹ [5039/5193] Replayed ModifiedCartan.SchubertChartSurjectivity
info: ModifiedCartan/SchubertChartSurjectivity.lean:78:0: 'ModifiedCartan.polynomialSchubertSpace_exists_chart' depends on axioms: [propext, Classical.choice, Quot.sound]
ℹ [5040/5193] Replayed ModifiedCartan.KPJointCoefficientSpace
info: ModifiedCartan/KPJointCoefficientSpace.lean:77:0: 'ModifiedCartan.kpJointCoefficientSpace_finrank_le' depends on axioms: [propext, Classical.choice, Quot.sound]
info: ModifiedCartan/KPJointCoefficientSpace.lean:78:0: 'ModifiedCartan.kpJointCoefficientSpace_ne_bot' depends on axioms: [propext, Classical.choice, Quot.sound]
ℹ [5041/5193] Replayed ModifiedCartan.KPJointCoefficientDimension
info: ModifiedCartan/KPJointCoefficientDimension.lean:55:0: 'ModifiedCartan.kpJointCoefficientSpace_finrank_eq' depends on axioms: [propext, Classical.choice, Quot.sound]
ℹ [5042/5193] Replayed ModifiedCartan.KPJointDecomposability
info: ModifiedCartan/KPJointDecomposability.lean:58:0: 'ModifiedCartan.kpJointDividedPolynomial_decomposable' depends on axioms: [propext, Classical.choice, Quot.sound]
ℹ [5043/5193] Replayed ModifiedCartan.KPJointPolynomialTuple
info: ModifiedCartan/KPJointPolynomialTuple.lean:66:0: 'ModifiedCartan.kpJointPolynomialTuple_exists' depends on axioms: [propext, Classical.choice, Quot.sound]
info: ModifiedCartan/KPJointPolynomialTuple.lean:67:0: 'ModifiedCartan.kpJointPolynomialTuple_normalized' depends on axioms: [propext, Classical.choice, Quot.sound]
ℹ [5044/5193] Replayed ModifiedCartan.KPJointSchubertSpace
info: ModifiedCartan/KPJointSchubertSpace.lean:44:0: 'ModifiedCartan.kpJointSchubertSpace_exists_card_dimension' depends on axioms: [propext, Classical.choice, Quot.sound]
ℹ [5045/5193] Replayed ModifiedCartan.KPJointWronskiFibre
info: ModifiedCartan/KPJointWronskiFibre.lean:33:0: 'ModifiedCartan.kpJointWronskiFibre_exists_card_dimension' depends on axioms: [propext, Classical.choice, Quot.sound]
ℹ [5046/5193] Replayed ModifiedCartan.SchubertDimensionStep
info: ModifiedCartan/SchubertDimensionStep.lean:89:0: 'ModifiedCartan.polynomialSchubertFrame_raise_dimension' depends on axioms: [propext, Classical.choice, Quot.sound]
info: ModifiedCartan/SchubertDimensionStep.lean:90:0: 'ModifiedCartan.polynomialSchubertFrame_lower_dimension' depends on axioms: [propext, Classical.choice, Quot.sound]
ℹ [5047/5193] Replayed ModifiedCartan.SchubertDimensionTransfer
info: ModifiedCartan/SchubertDimensionTransfer.lean:52:0: 'ModifiedCartan.polynomialSchubertFrame_exists_dimension' depends on axioms: [propext, Classical.choice, Quot.sound]
ℹ [5048/5193] Replayed ModifiedCartan.KPForwardCorrespondence
info: ModifiedCartan/KPForwardCorrespondence.lean:57:0: 'ModifiedCartan.kpJointSchubertSpace_exists' depends on axioms: [propext, Classical.choice, Quot.sound]
info: ModifiedCartan/KPForwardCorrespondence.lean:58:0: 'ModifiedCartan.kpJointWronskiFibre_exists' depends on axioms: [propext, Classical.choice, Quot.sound]
ℹ [5049/5193] Replayed ModifiedCartan.KPWronskiMapDominance
info: ModifiedCartan/KPWronskiMapDominance.lean:85:0: 'ModifiedCartan.kpJointSchubertChart_exists' depends on axioms: [propext, Classical.choice, Quot.sound]
info: ModifiedCartan/KPWronskiMapDominance.lean:86:0: 'ModifiedCartan.polynomial_eq_zero_of_kpJointSchubertCharts' depends on axioms: [propext, Classical.choice, Quot.sound]
ℹ [5050/5193] Replayed ModifiedCartan.KPSymmetricEquationTransfer
info: ModifiedCartan/KPSymmetricEquationTransfer.lean:51:0: 'ModifiedCartan.kpSymmetricEquation_vanishes_on_wronskiFibre' depends on axioms: [propext, Classical.choice, Quot.sound]
ℹ [5051/5193] Replayed ModifiedCartan.KPPolynomialEquationTransfer
info: ModifiedCartan/KPPolynomialEquationTransfer.lean:64:0: 'ModifiedCartan.kpPolynomialEquation_vanishes_on_wronskiFibre' depends on axioms: [propext,
 Classical.choice,
 Quot.sound]
ℹ [5052/5193] Replayed ModifiedCartan.FiniteKPJointEquation
info: ModifiedCartan/FiniteKPJointEquation.lean:72:0: 'ModifiedCartan.kpJointEigenspace_chart_ne_bot_iff_finite_det' depends on axioms: [propext,
 Classical.choice,
 Quot.sound]
ℹ [5053/5193] Replayed ModifiedCartan.KPEquationPolynomials
info: ModifiedCartan/KPEquationPolynomials.lean:119:0: 'ModifiedCartan.kpEquationDeterminantPolynomial_eval₂' depends on axioms: [propext, Classical.choice, Quot.sound]
ℹ [5054/5193] Replayed ModifiedCartan.KPInverseCorrespondence
info: ModifiedCartan/KPInverseCorrespondence.lean:68:0: 'ModifiedCartan.kpJointEigenspace_of_schubertWronskiFibre' depends on axioms: [propext, Classical.choice, Quot.sound]
ℹ [5055/5193] Replayed ModifiedCartan.KPCorrespondenceEigenspaces
info: ModifiedCartan/KPCorrespondenceEigenspaces.lean:93:0: 'ModifiedCartan.Paper.lem_KP_correspondence_ii' depends on axioms: [propext, Classical.choice, Quot.sound]
ℹ [5056/5193] Replayed ModifiedCartan.KPSchubertUnitVector
info: ModifiedCartan/KPSchubertUnitVector.lean:56:0: 'ModifiedCartan.schubertWronskiFibre_exists_unit_kpEigenvector' depends on axioms: [propext,
 Classical.choice,
 Quot.sound]
ℹ [5057/5193] Replayed ModifiedCartan.KPSchubertConstantVector
info: ModifiedCartan/KPSchubertConstantVector.lean:56:0: 'ModifiedCartan.schubertWronskiFibre_exists_unit_kpEigenvector_all' depends on axioms: [propext,
 Classical.choice,
 Quot.sound]
ℹ [5058/5193] Replayed ModifiedCartan.SchubertUniversalMinors
info: ModifiedCartan/SchubertUniversalMinors.lean:84:0: 'ModifiedCartan.schubertUniversalMinors' depends on axioms: [propext, Classical.choice, Quot.sound]
info: ModifiedCartan/SchubertUniversalMinors.lean:85:0: 'ModifiedCartan.schubertMinor_norm_le' depends on axioms: [propext, Classical.choice, Quot.sound]
ℹ [5059/5193] Replayed ModifiedCartan.UniversalPolynomialMinors
info: ModifiedCartan/UniversalPolynomialMinors.lean:74:0: 'ModifiedCartan.Paper.lem_universal_minors' depends on axioms: [propext, Classical.choice, Quot.sound]
info: ModifiedCartan/UniversalPolynomialMinors.lean:75:0: 'ModifiedCartan.Paper.eq_minor_es_bound' depends on axioms: [propext, Classical.choice, Quot.sound]
ℹ [5060/5193] Replayed ModifiedCartan.PolynomialCoefficientExpansion
info: ModifiedCartan/PolynomialCoefficientExpansion.lean:86:0: 'ModifiedCartan.Paper.prop_polynomialcoeff' depends on axioms: [propext, Classical.choice, Quot.sound]
ℹ [5061/5193] Replayed ModifiedCartan.PolynomialFamilyExpansion
info: ModifiedCartan/PolynomialFamilyExpansion.lean:51:0: 'ModifiedCartan.polynomialFamily_product_expansion' depends on axioms: [propext, Classical.choice, Quot.sound]
ℹ [5062/5193] Replayed ModifiedCartan.LocalCoefficientSplit
info: ModifiedCartan/LocalCoefficientSplit.lean:267:0: 'ModifiedCartan.rootSubsetSum_split' depends on axioms: [propext, Classical.choice, Quot.sound]
info: ModifiedCartan/LocalCoefficientSplit.lean:268:0: 'ModifiedCartan.norm_interiorRootSubsetSum_le' depends on axioms: [propext, Classical.choice, Quot.sound]
info: ModifiedCartan/LocalCoefficientSplit.lean:269:0: 'ModifiedCartan.exteriorRootSubsetSum_analytic' depends on axioms: [propext, Classical.choice, Quot.sound]
info: ModifiedCartan/LocalCoefficientSplit.lean:270:0: 'ModifiedCartan.interiorRootSubsetSum_localMeasure_zero' depends on axioms: [propext, Classical.choice, Quot.sound]
ℹ [5063/5193] Replayed ModifiedCartan.SmallRootPoleSums
info: ModifiedCartan/SmallRootPoleSums.lean:111:0: 'ModifiedCartan.finite_root_distance_sum_localMeasure_zero' depends on axioms: [propext, Classical.choice, Quot.sound]
info: ModifiedCartan/SmallRootPoleSums.lean:112:0: 'ModifiedCartan.finite_pole_sum_normalized_localMeasure_zero' depends on axioms: [propext, Classical.choice, Quot.sound]
ℹ [5064/5193] Replayed ModifiedCartan.PolynomialGaugeSmallness
info: ModifiedCartan/PolynomialGaugeSmallness.lean:127:0: 'ModifiedCartan.polynomial_logDeriv_jet_eq_root_sum_ae' depends on axioms: [propext, Classical.choice, Quot.sound]
info: ModifiedCartan/PolynomialGaugeSmallness.lean:128:0: 'ModifiedCartan.canonicalLogDerivative_eq_polynomial' depends on axioms: [propext, Classical.choice, Quot.sound]
info: ModifiedCartan/PolynomialGaugeSmallness.lean:129:0: 'ModifiedCartan.Paper.eq_gaugesmall' depends on axioms: [propext, Classical.choice, Quot.sound]
ℹ [5065/5193] Replayed ModifiedCartan.CanonicalJetSmallness
info: ModifiedCartan/CanonicalJetSmallness.lean:134:0: 'ModifiedCartan.canonical_logarithmicJet_normalized_eq_partition' depends on axioms: [propext,
 Classical.choice,
 Quot.sound]
info: ModifiedCartan/CanonicalJetSmallness.lean:135:0: 'ModifiedCartan.canonical_logarithmicJet_localMeasure_zero' depends on axioms: [propext, Classical.choice, Quot.sound]
ℹ [5066/5193] Replayed ModifiedCartan.LocalCoefficientCompactness
info: ModifiedCartan/LocalCoefficientCompactness.lean:196:0: 'ModifiedCartan.Paper.eq_splitcoeff' depends on axioms: [propext, Classical.choice, Quot.sound]
info: ModifiedCartan/LocalCoefficientCompactness.lean:197:0: 'ModifiedCartan.Paper.local_coefficient_relative_compactness' depends on axioms: [propext, Classical.choice, Quot.sound]
ℹ [5067/5193] Replayed ModifiedCartan.LocalCompactness
info: ModifiedCartan/LocalCompactness.lean:158:0: 'ModifiedCartan.Paper.eq_gaugecomparison' depends on axioms: [propext, Classical.choice, Quot.sound]
info: ModifiedCartan/LocalCompactness.lean:159:0: 'ModifiedCartan.Paper.prop_localcompact' depends on axioms: [propext, Classical.choice, Quot.sound]
ℹ [5068/5193] Replayed ModifiedCartan.CanonicalCompactness
info: ModifiedCartan/CanonicalCompactness.lean:56:0: 'ModifiedCartan.canonical_coefficient_relative_compactness_eventual' depends on axioms: [propext,
 Classical.choice,
 Quot.sound]
ℹ [5069/5193] Replayed ModifiedCartan.RescaledRepresentation
info: ModifiedCartan/RescaledRepresentation.lean:97:0: 'ModifiedCartan.Paper.prop_representation' depends on axioms: [propext, Classical.choice, Quot.sound]
ℹ [5070/5193] Replayed ModifiedCartan.ArbitraryCoefficientCompactness
info: ModifiedCartan/ArbitraryCoefficientCompactness.lean:54:0: 'ModifiedCartan.arbitrary_coefficient_relative_compactness' depends on axioms: [propext, Classical.choice, Quot.sound]
ℹ [5071/5193] Replayed ModifiedCartan.ArbitraryLimitModels
info: ModifiedCartan/ArbitraryLimitModels.lean:64:0: 'ModifiedCartan.arbitrary_coefficient_limit_scale_models' depends on axioms: [propext, Classical.choice, Quot.sound]
ℹ [5072/5193] Replayed ModifiedCartan.ArbitraryEntireModels
info: ModifiedCartan/ArbitraryEntireModels.lean:63:0: 'ModifiedCartan.arbitrary_coefficient_entire_models' depends on axioms: [propext, Classical.choice, Quot.sound]
ℹ [5073/5193] Replayed ModifiedCartan.ArbitraryCoefficients
info: ModifiedCartan/ArbitraryCoefficients.lean:94:0: 'ModifiedCartan.Paper.eq_arbitrary_coefficients' depends on axioms: [propext, Classical.choice, Quot.sound]
info: ModifiedCartan/ArbitraryCoefficients.lean:95:0: 'ModifiedCartan.Paper.eq_monomial_coefficients' depends on axioms: [propext, Classical.choice, Quot.sound]
ℹ [5074/5193] Replayed ModifiedCartan.EventualCoefficientComparison
info: ModifiedCartan/EventualCoefficientComparison.lean:98:0: 'ModifiedCartan.Paper.eq_gaugecomparison_eventual' depends on axioms: [propext, Classical.choice, Quot.sound]
info: ModifiedCartan/EventualCoefficientComparison.lean:99:0: 'ModifiedCartan.cramer_comparison_of_polynomial_approximation' depends on axioms: [propext,
 Classical.choice,
 Quot.sound]
ℹ [5075/5193] Replayed ModifiedCartan.ReplacementTaylorData
info: ModifiedCartan/ReplacementTaylorData.lean:101:0: 'ModifiedCartan.replacement_taylor_data' depends on axioms: [propext, Classical.choice, Quot.sound]
ℹ [5076/5193] Replayed ModifiedCartan.ReplacementCoefficientData
info: ModifiedCartan/ReplacementCoefficientData.lean:84:0: 'ModifiedCartan.replacement_scaled_coefficient_comparison' depends on axioms: [propext, Classical.choice, Quot.sound]
ℹ [5077/5193] Replayed ModifiedCartan.PolynomialReplacement
info: ModifiedCartan/PolynomialReplacement.lean:150:0: 'ModifiedCartan.Paper.lem_replacement' depends on axioms: [propext, Classical.choice, Quot.sound]
ℹ [5078/5193] Replayed ModifiedCartan.ReplacementSubsequence
info: ModifiedCartan/ReplacementSubsequence.lean:41:0: 'ModifiedCartan.PolynomialReplacementData.comp_tendsto' depends on axioms: [propext, Classical.choice, Quot.sound]
ℹ [5079/5193] Replayed ModifiedCartan.RescaledZeroCoefficients
info: ModifiedCartan/RescaledZeroCoefficients.lean:80:0: 'ModifiedCartan.rescaled_fundamental_coefficients_zero' depends on axioms: [propext, Classical.choice, Quot.sound]
ℹ [5080/5193] Replayed ModifiedCartan.EventualWronskianSum
info: ModifiedCartan/EventualWronskianSum.lean:67:0: 'ModifiedCartan.log_sum_nonneg_of_monic_wronskians' depends on axioms: [propext, Classical.choice, Quot.sound]
ℹ [5081/5193] Replayed ModifiedCartan.ReplacementLogLimits
info: ModifiedCartan/ReplacementLogLimits.lean:77:0: 'ModifiedCartan.PolynomialReplacementData.exists_log_limits' depends on axioms: [propext, Classical.choice, Quot.sound]
ℹ [5082/5193] Replayed ModifiedCartan.GoodCenters
info: ModifiedCartan/GoodCenters.lean:92:0: 'ModifiedCartan.PolynomialReplacementData.exists_good_centers' depends on axioms: [propext,
 Classical.choice,
 Quot.sound]
ℹ [5083/5193] Replayed ModifiedCartan.ArbitraryRadiusData
info: ModifiedCartan/ArbitraryRadiusData.lean:105:0: 'ModifiedCartan.GoodCenterData.limsup_lt_top' depends on axioms: [propext, Classical.choice, Quot.sound]
ℹ [5084/5193] Replayed ModifiedCartan.InitialPolynomialJetBounds
info: ModifiedCartan/InitialPolynomialJetBounds.lean:83:0: 'ModifiedCartan.initialPolynomialBasis_jet_norm_le' depends on axioms: [propext, Classical.choice, Quot.sound]
ℹ [5085/5193] Replayed ModifiedCartan.InitialPolynomialTaylorCoefficients
info: ModifiedCartan/InitialPolynomialTaylorCoefficients.lean:75:0: 'ModifiedCartan.initialPolynomialBasis_taylorCoeff_norm_le' depends on axioms: [propext, Classical.choice, Quot.sound]
ℹ [5086/5193] Replayed ModifiedCartan.PolynomialInitialBasisMajorant
info: ModifiedCartan/PolynomialInitialBasisMajorant.lean:73:0: 'ModifiedCartan.Paper.prop_initial_basis' depends on axioms: [propext, Classical.choice, Quot.sound]
ℹ [5087/5193] Replayed ModifiedCartan.PolynomialInitialValueBound
info: ModifiedCartan/PolynomialInitialValueBound.lean:82:0: 'ModifiedCartan.Paper.eq_initial_value_bound' depends on axioms: [propext, Classical.choice, Quot.sound]
ℹ [5088/5193] Replayed ModifiedCartan.PointInitialValue
info: ModifiedCartan/PointInitialValue.lean:70:0: 'ModifiedCartan.polynomial_matrix_initial_value_bound' depends on axioms: [propext, Classical.choice, Quot.sound]
ℹ [5089/5193] Replayed ModifiedCartan.PointInitialCoarse
info: ModifiedCartan/PointInitialCoarse.lean:36:0: 'ModifiedCartan.polynomial_matrix_initial_value_coarse_bound' depends on axioms: [propext, Classical.choice, Quot.sound]
ℹ [5090/5193] Replayed ModifiedCartan.ReplacementNormProperties
info: ModifiedCartan/ReplacementNormProperties.lean:79:0: 'ModifiedCartan.PolynomialReplacementData.polynomial_coordinate_bound' depends on axioms: [propext,
 Classical.choice,
 Quot.sound]
ℹ [5091/5193] Replayed ModifiedCartan.PolynomialNormLimit
info: ModifiedCartan/PolynomialNormLimit.lean:47:0: 'ModifiedCartan.Paper.eq_polynomial_norm' depends on axioms: [propext, Classical.choice, Quot.sound]
ℹ [5092/5193] Replayed ModifiedCartan.NormalizedRadialMean
info: ModifiedCartan/NormalizedRadialMean.lean:32:0: 'ModifiedCartan.PolynomialReplacementData.normalized_radial_mean' depends on axioms: [propext,
 Classical.choice,
 Quot.sound]
⚠ [5093/5193] Replayed ModifiedCartan.RootIndicatorIntegral
warning: ModifiedCartan/RootIndicatorIntegral.lean:46:8: Unused tactic linter: `ring` does nothing

Note: This linter can be disabled with `set_option linter.unusedTactic false`
warning: ModifiedCartan/RootIndicatorIntegral.lean:46:8: this tactic is never executed

Note: This linter can be disabled with `set_option linter.unreachableTactic false`
info: ModifiedCartan/RootIndicatorIntegral.lean:64:0: 'ModifiedCartan.sharpnessRootIndicator_integral_period' depends on axioms: [propext, Classical.choice, Quot.sound]
info: ModifiedCartan/RootIndicatorIntegral.lean:65:0: 'ModifiedCartan.sharpness_indicator_average' depends on axioms: [propext, Classical.choice, Quot.sound]
⚠ [5094/5193] Replayed ModifiedCartan.ScalarCosineIntegral
warning: ModifiedCartan/ScalarCosineIntegral.lean:65:2: Used `tac1 <;> tac2` where `(tac1; tac2)` would suffice

Note: This linter can be disabled with `set_option linter.unnecessarySeqFocus false`
info: ModifiedCartan/ScalarCosineIntegral.lean:68:0: 'ModifiedCartan.integral_abs_cos_half_integer' depends on axioms: [propext, Classical.choice, Quot.sound]
ℹ [5095/5193] Replayed ModifiedCartan.ScalarSphericalDecay
info: ModifiedCartan/ScalarSphericalDecay.lean:127:0: 'ModifiedCartan.small_monic_polynomial_uniform_exp_bound' depends on axioms: [propext, Classical.choice, Quot.sound]
info: ModifiedCartan/ScalarSphericalDecay.lean:128:0: 'ModifiedCartan.ArbitraryRadiusLimitData.scalar_rescaled_speed_exp_bound' depends on axioms: [propext,
 Classical.choice,
 Quot.sound]
info: ModifiedCartan/ScalarSphericalDecay.lean:130:0: 'ModifiedCartan.ArbitraryRadiusLimitData.scalar_physical_speed_exp_bound' depends on axioms: [propext,
 Classical.choice,
 Quot.sound]
ℹ [5096/5193] Replayed ModifiedCartan.PeakConstantSign
info: ModifiedCartan/PeakConstantSign.lean:101:0: 'ModifiedCartan.peak_coordinate_constant_nonpos' depends on axioms: [propext, Classical.choice, Quot.sound]
ℹ [5097/5193] Replayed ModifiedCartan.RepresentationMeanContradiction
info: ModifiedCartan/RepresentationMeanContradiction.lean:78:0: 'ModifiedCartan.representation_mean_contradicts_nonpositive_constants' depends on axioms: [propext,
 Classical.choice,
 Quot.sound]
⚠ [5098/5193] Replayed ModifiedCartan.PeakNonvanishing
warning: ModifiedCartan/PeakNonvanishing.lean:125:2: `push_neg` has been deprecated. Prefer using `push Not` instead.
If you'd rather continue using `push_neg` in your project, you can implement it as follows:
```
open Lean.Parser.Tactic in
macro "push_neg" cfg:optConfig loc:(location)? : tactic =>
  `(tactic| push $cfg:optConfig Not $[$loc]?)
```
info: ModifiedCartan/PeakNonvanishing.lean:133:0: 'ModifiedCartan.peak_coefficient_limit_nonzero' depends on axioms: [propext, Classical.choice, Quot.sound]
ℹ [5099/5193] Replayed ModifiedCartan.PeakCoefficientCompactness
info: ModifiedCartan/PeakCoefficientCompactness.lean:55:0: 'ModifiedCartan.peak_coefficient_relative_compactness' depends on axioms: [propext, Classical.choice, Quot.sound]
ℹ [5100/5193] Replayed ModifiedCartan.PeakLimitScaleModels
info: ModifiedCartan/PeakLimitScaleModels.lean:66:0: 'ModifiedCartan.peak_coefficient_limit_scale_models' depends on axioms: [propext, Classical.choice, Quot.sound]
ℹ [5101/5193] Replayed ModifiedCartan.Indices
info: ModifiedCartan/Indices.lean:65:0: 'ModifiedCartan.positive_index_order_admissible' depends on axioms: [propext, Classical.choice, Quot.sound]
info: ModifiedCartan/Indices.lean:66:0: 'ModifiedCartan.Paper.prop_indices' depends on axioms: [propext, Classical.choice, Quot.sound]
ℹ [5102/5193] Replayed ModifiedCartan.PolynomialNormalizedMajorant
info: ModifiedCartan/PolynomialNormalizedMajorant.lean:57:0: 'ModifiedCartan.normalized_polynomial_tuple_majorant' depends on axioms: [propext, Classical.choice, Quot.sound]
ℹ [5103/5193] Replayed ModifiedCartan.PolynomialIntegralMajorant
info: ModifiedCartan/PolynomialIntegralMajorant.lean:37:0: 'ModifiedCartan.normalized_polynomial_tuple_integral_majorant' depends on axioms: [propext,
 Classical.choice,
 Quot.sound]
⚠ [5104/5193] Replayed ModifiedCartan.EntireMajorant
warning: ModifiedCartan/EntireMajorant.lean:57:17: This simp argument is unused:
  hj

Hint: Omit it from the simp argument list.
  [apply] simp [hj0, Ne.symm hj, hv, rootMajorantProduct]

Note: This linter can be disabled with `set_option linter.unusedSimpArgs false`
info: ModifiedCartan/EntireMajorant.lean:65:0: 'ModifiedCartan.entire_component_integral_majorant' depends on axioms: [propext, Classical.choice, Quot.sound]
info: ModifiedCartan/EntireMajorant.lean:66:0: 'ModifiedCartan.Paper.lem_entire_majorant' depends on axioms: [propext, Classical.choice, Quot.sound]
ℹ [5105/5193] Replayed ModifiedCartan.Convolution
info: ModifiedCartan/Convolution.lean:59:0: 'ModifiedCartan.Paper.cor_convolution' depends on axioms: [propext, Classical.choice, Quot.sound]
ℹ [5106/5193] Replayed ModifiedCartan.TranslatedCounting
info: ModifiedCartan/TranslatedCounting.lean:13:0: Summable.tsum_le_tsum.{u_1, u_3} {ι : Type u_1} {α : Type u_3} {L : SummationFilter ι} [AddCommMonoid α] [Preorder α]
  [IsOrderedAddMonoid α] [TopologicalSpace α] [OrderClosedTopology α] {f g : ι → α} [L.NeBot] (h : ∀ (i : ι), f i ≤ g i)
  (hf : Summable f L) (hg : Summable g L) : ∑'[L] (i : ι), f i ≤ ∑'[L] (i : ι), g i
info: ModifiedCartan/TranslatedCounting.lean:14:0: Summable.tsum_add.{u_1, u_2} {α : Type u_1} {β : Type u_2} [AddCommMonoid α] [TopologicalSpace α] {f g : β → α}
  {L : SummationFilter β} [T2Space α] [ContinuousAdd α] [L.NeBot] (hf : Summable f L) (hg : Summable g L) :
  ∑'[L] (b : β), (f b + g b) = ∑'[L] (b : β), f b + ∑'[L] (b : β), g b
info: ModifiedCartan/TranslatedCounting.lean:15:0: Summable.mul_left.{u_1, u_3} {ι : Type u_1} {α : Type u_3} {L : SummationFilter ι} [NonUnitalNonAssocSemiring α]
  [TopologicalSpace α] [IsTopologicalSemiring α] {f : ι → α} (a : α) (hf : Summable f L) : Summable (fun i => a * f i) L
info: ModifiedCartan/TranslatedCounting.lean:81:0: 'ModifiedCartan.translated_logCounting_bound' depends on axioms: [propext, Classical.choice, Quot.sound]
info: ModifiedCartan/TranslatedCounting.lean:82:0: 'ModifiedCartan.normalizedCoordinates_counting_bound' depends on axioms: [propext, Classical.choice, Quot.sound]
ℹ [5107/5193] Replayed ModifiedCartan.SmallOrderCoordinates
info: ModifiedCartan/SmallOrderCoordinates.lean:51:0: 'ModifiedCartan.Paper.lem_small_order_coordinates' depends on axioms: [propext, Classical.choice, Quot.sound]
ℹ [5108/5193] Replayed ModifiedCartan.SystemDivisorMajorant
info: ModifiedCartan/SystemDivisorMajorant.lean:68:0: 'ModifiedCartan.system_divisor_majorant_of_eventual_bound' depends on axioms: [propext, Classical.choice, Quot.sound]
info: ModifiedCartan/SystemDivisorMajorant.lean:69:0: 'ModifiedCartan.small_order_divisor_majorant' depends on axioms: [propext, Classical.choice, Quot.sound]
⚠ [5109/5193] Replayed ModifiedCartan.ConvolutionAbsorption
warning: ModifiedCartan/ConvolutionAbsorption.lean:37:24: Used `tac1 <;> tac2` where `(tac1; tac2)` would suffice

Note: This linter can be disabled with `set_option linter.unnecessarySeqFocus false`
info: ModifiedCartan/ConvolutionAbsorption.lean:67:0: 'ModifiedCartan.constant_counting_kernel' depends on axioms: [propext, Classical.choice, Quot.sound]
info: ModifiedCartan/ConvolutionAbsorption.lean:68:0: 'ModifiedCartan.system_absorption_at_radius' depends on axioms: [propext, Classical.choice, Quot.sound]
⚠ [5110/5193] Replayed ModifiedCartan.SystemPowerSequence
warning: ModifiedCartan/SystemPowerSequence.lean:16:24: Used `tac1 <;> tac2` where `(tac1; tac2)` would suffice

Note: This linter can be disabled with `set_option linter.unnecessarySeqFocus false`
info: ModifiedCartan/SystemPowerSequence.lean:60:0: 'ModifiedCartan.system_power_sequence_of_divisor_majorant' depends on axioms: [propext, Classical.choice, Quot.sound]
ℹ [5111/5193] Replayed ModifiedCartan.SmallOrderClassification
info: ModifiedCartan/SmallOrderClassification.lean:62:0: 'ModifiedCartan.Paper.prop_small_order' depends on axioms: [propext, Classical.choice, Quot.sound]
ℹ [5112/5193] Replayed ModifiedCartan.NHHigherRatioControl
info: ModifiedCartan/NHHigherRatioControl.lean:67:0: 'ModifiedCartan.exists_NH_ratio_control_bound' depends on axioms: [propext, Classical.choice, Quot.sound]
ℹ [5113/5193] Replayed ModifiedCartan.NevanlinnaHiong
info: ModifiedCartan/NevanlinnaHiong.lean:45:0: 'ModifiedCartan.nevanlinna_hiong_closed_disk' depends on axioms: [propext, Classical.choice, Quot.sound]
info: ModifiedCartan/NevanlinnaHiong.lean:46:0: 'ModifiedCartan.Paper.lem_NH' depends on axioms: [propext, Classical.choice, Quot.sound]
ℹ [5114/5193] Replayed ModifiedCartan.RayModeRealization
info: ModifiedCartan/RayModeRealization.lean:91:0: 'ModifiedCartan.IsSharpnessSystem.realizes_ray_solution' depends on axioms: [propext, Classical.choice, Quot.sound]
info: ModifiedCartan/RayModeRealization.lean:92:0: 'ModifiedCartan.IsSharpnessSystem.realizes_positive_ray_mode' depends on axioms: [propext, Classical.choice, Quot.sound]
ℹ [5115/5193] Replayed ModifiedCartan.ScalarRayGrowthUpper
info: ModifiedCartan/ScalarRayGrowthUpper.lean:53:0: 'ModifiedCartan.scalar_ray_upper_rate' depends on axioms: [propext, Classical.choice, Quot.sound]
info: ModifiedCartan/ScalarRayGrowthUpper.lean:54:0: 'ModifiedCartan.IsSharpnessSystem.coordinate_ray_upper_rate' depends on axioms: [propext, Classical.choice, Quot.sound]
ℹ [5116/5193] Replayed ModifiedCartan.SharpnessRayLimit
info: ModifiedCartan/SharpnessRayLimit.lean:78:0: 'ModifiedCartan.IsSharpnessSystem.ray_log_limit_of_maximal_positive_mode' depends on axioms: [propext,
 Classical.choice,
 Quot.sound]
info: ModifiedCartan/SharpnessRayLimit.lean:79:0: 'ModifiedCartan.IsSharpnessSystem.ray_radius_log_limit_of_maximal_positive_mode' depends on axioms: [propext,
 Classical.choice,
 Quot.sound]
ℹ [5117/5193] Replayed ModifiedCartan.SharpnessRayAE
info: ModifiedCartan/SharpnessRayAE.lean:40:0: 'ModifiedCartan.IsSharpnessSystem.ae_ray_log_limit' depends on axioms: [propext, Classical.choice, Quot.sound]
ℹ [5118/5193] Replayed ModifiedCartan.SharpnessCharacteristicLimit
info: ModifiedCartan/SharpnessCharacteristicLimit.lean:72:0: 'ModifiedCartan.IsSharpnessSystem.characteristic_power_limit' depends on axioms: [propext, Classical.choice, Quot.sound]
ℹ [5119/5193] Replayed ModifiedCartan.SharpnessOrders
info: ModifiedCartan/SharpnessOrders.lean:43:0: 'ModifiedCartan.Paper.prop_sharpness_orders' depends on axioms: [propext, Classical.choice, Quot.sound]
info: ModifiedCartan/SharpnessOrders.lean:44:0: 'ModifiedCartan.Paper.prop_sharpness_orders_realized' depends on axioms: [propext, Classical.choice, Quot.sound]
ℹ [5120/5193] Replayed ModifiedCartan.ZeroOrderRamification
info: ModifiedCartan/ZeroOrderRamification.lean:82:0: 'ModifiedCartan.zero_order_polynomial_of_eventual_ratio_bound' depends on axioms: [propext,
 Classical.choice,
 Quot.sound]
info: ModifiedCartan/ZeroOrderRamification.lean:83:0: 'ModifiedCartan.Paper.prop_zero_order_ramification' depends on axioms: [propext, Classical.choice, Quot.sound]
info: ModifiedCartan/ZeroOrderRamification.lean:84:0: 'ModifiedCartan.Paper.cor_zero_ratio' depends on axioms: [propext, Classical.choice, Quot.sound]
ℹ [5121/5193] Replayed ModifiedCartan.KPParameterDifferentialCoefficients
info: ModifiedCartan/KPParameterDifferentialCoefficients.lean:91:0: 'ModifiedCartan.kpParameterColumnPolynomial_zero' depends on axioms: [propext, Classical.choice, Quot.sound]
info: ModifiedCartan/KPParameterDifferentialCoefficients.lean:92:0: 'ModifiedCartan.kpParameterDifferentialCoefficients_leading' depends on axioms: [propext, Classical.choice, Quot.sound]
ℹ [5122/5193] Replayed ModifiedCartan.SchubertColumnDifferentialEquation
info: ModifiedCartan/SchubertColumnDifferentialEquation.lean:68:0: 'ModifiedCartan.schubert_columnValues_differential_identity' depends on axioms: [propext, Classical.choice, Quot.sound]
ℹ [5123/5193] Replayed ModifiedCartan.KPParameterCharacters
info: ModifiedCartan/KPParameterCharacters.lean:113:0: 'ModifiedCartan.kpParameterDifferentialCoefficients_character' depends on axioms: [propext,
 Classical.choice,
 Quot.sound]
ℹ [5124/5193] Replayed ModifiedCartan.SchubertAdjugateReconstruction
info: ModifiedCartan/SchubertAdjugateReconstruction.lean:76:0: 'ModifiedCartan.schubert_columnValues_adjugate_solution' depends on axioms: [propext, Classical.choice, Quot.sound]
info: ModifiedCartan/SchubertAdjugateReconstruction.lean:77:0: 'ModifiedCartan.schubert_columnValues_adjugate_minor' depends on axioms: [propext, Classical.choice, Quot.sound]
ℹ [5125/5193] Replayed ModifiedCartan.KPParameterAdjugateReconstruction
info: ModifiedCartan/KPParameterAdjugateReconstruction.lean:145:0: 'ModifiedCartan.kpParameterODEDeterminant_eval_ne_zero' depends on axioms: [propext, Classical.choice, Quot.sound]
info: ModifiedCartan/KPParameterAdjugateReconstruction.lean:146:0: 'ModifiedCartan.kpParameterAdjugatePolynomial_character' depends on axioms: [propext, Classical.choice, Quot.sound]
info: ModifiedCartan/KPParameterAdjugateReconstruction.lean:147:0: 'ModifiedCartan.kpParameterScalarODEJetMatrix_det' depends on axioms: [propext, Classical.choice, Quot.sound]
ℹ [5126/5193] Replayed ModifiedCartan.KPJointInitialBasis
info: ModifiedCartan/KPJointInitialBasis.lean:56:0: 'ModifiedCartan.kpJoint_identityBasis_exists' depends on axioms: [propext, Classical.choice, Quot.sound]
ℹ [5127/5193] Replayed ModifiedCartan.KPAdjugateMinorCharacters
info: ModifiedCartan/KPAdjugateMinorCharacters.lean:50:0: 'ModifiedCartan.kpParameterAdjugateMinor_character' depends on axioms: [propext, Classical.choice, Quot.sound]
ℹ [5128/5193] Replayed ModifiedCartan.KPUniversalAdjugateIdentity
info: ModifiedCartan/KPUniversalAdjugateIdentity.lean:62:0: 'ModifiedCartan.kpParameterAdjugateMinor_positive' depends on axioms: [propext, Classical.choice, Quot.sound]
info: ModifiedCartan/KPUniversalAdjugateIdentity.lean:63:0: 'ModifiedCartan.kpParameterAdjugateMinor_identity' depends on axioms: [propext, Classical.choice, Quot.sound]
⚠ [5129/5193] Replayed ModifiedCartan.BetheAlgebraIdentification
warning: ModifiedCartan/BetheAlgebraIdentification.lean:42:2: Try this: intro i _ h
info: ModifiedCartan/BetheAlgebraIdentification.lean:62:0: 'ModifiedCartan.kpBeta_zero_mem_bethe_of_prod_ne_zero' depends on axioms: [propext, Classical.choice, Quot.sound]
info: ModifiedCartan/BetheAlgebraIdentification.lean:63:0: 'ModifiedCartan.kpGeneratedAlgebra_eq_betheAlgebra' depends on axioms: [propext, Classical.choice, Quot.sound]
ℹ [5130/5193] Replayed ModifiedCartan.KPCorrespondence
info: ModifiedCartan/KPCorrespondence.lean:46:0: 'ModifiedCartan.Paper.lem_KP_correspondence' depends on axioms: [propext, Classical.choice, Quot.sound]
⚠ [5135/5193] Replayed FewInflection.PolynomialRootMinors
warning: FewInflection/PolynomialRootMinors.lean:78:4: try 'simp' instead of 'simpa'

Note: This linter can be disabled with `set_option linter.unnecessarySimpa false`
warning: FewInflection/PolynomialRootMinors.lean:73:37: This simp argument is unused:
  add_comm

Hint: Omit it from the simp argument list.
  [apply] simp [sub_eq_add_neg, add_assoc, add_left_comm]

Note: This linter can be disabled with `set_option linter.unusedSimpArgs false`
warning: FewInflection/PolynomialRootMinors.lean:73:47: This simp argument is unused:
  add_left_comm

Hint: Omit it from the simp argument list.
  [apply] simp [sub_eq_add_neg, add_assoc, add_comm]

Note: This linter can be disabled with `set_option linter.unusedSimpArgs false`
⚠ [5142/5193] Replayed FewInflection.Nevanlinna.PoissonHigherDerivative
warning: FewInflection/Nevanlinna/PoissonHigherDerivative.lean:54:6: Try this: intro a z hz
ℹ [5143/5193] Replayed FewInflection.ExplicitExamples
info: FewInflection/ExplicitExamples.lean:393:2: Try this:
  [apply] ring_nf
  
  The `ring` tactic failed to close the goal. Use `ring_nf` to obtain a normal form.
    
  Note that `ring` works primarily in *commutative* rings. If you have a noncommutative ring, abelian group or module, consider using `noncomm_ring`, `abel` or `module` instead.
⚠ [5145/5193] Replayed FewInflection.ExplicitExponentialFamily
warning: FewInflection/ExplicitExponentialFamily.lean:57:39: This simp argument is unused:
  mul_left_comm

Hint: Omit it from the simp argument list.
  [apply] simp [exponentialRate, mul_comm, mul_assoc]

Note: This linter can be disabled with `set_option linter.unusedSimpArgs false`
warning: FewInflection/ExplicitExponentialFamily.lean:57:54: This simp argument is unused:
  mul_assoc

Hint: Omit it from the simp argument list.
  [apply] simp [exponentialRate, mul_comm, mul_left_comm]

Note: This linter can be disabled with `set_option linter.unusedSimpArgs false`
warning: FewInflection/ExplicitExponentialFamily.lean:159:39: This simp argument is unused:
  Curve.vector

Hint: Omit it from the simp argument list.
  [apply] simp only [exponentialFamilyCurve, exponentialFamily, Complex.norm_exp]

Note: This linter can be disabled with `set_option linter.unusedSimpArgs false`
info: FewInflection/ExplicitExponentialFamily.lean:240:4: Try this:
  [apply] ring_nf
  
  The `ring` tactic failed to close the goal. Use `ring_nf` to obtain a normal form.
    
  Note that `ring` works primarily in *commutative* rings. If you have a noncommutative ring, abelian group or module, consider using `noncomm_ring`, `abel` or `module` instead.
ℹ [5147/5193] Replayed ModifiedCartan.ArbitraryPolynomialCoefficients
info: ModifiedCartan/ArbitraryPolynomialCoefficients.lean:48:0: 'ModifiedCartan.ArbitraryRadiusLimitData.polynomial_coefficient_limit' depends on axioms: [propext,
 Classical.choice,
 Quot.sound]
ℹ [5148/5193] Replayed ModifiedCartan.PowerChartCoefficients
info: ModifiedCartan/PowerChartCoefficients.lean:68:0: 'ModifiedCartan.ArbitraryRadiusLimitData.fullCoefficient_powerChart' depends on axioms: [propext,
 Classical.choice,
 Quot.sound]
info: ModifiedCartan/PowerChartCoefficients.lean:69:0: 'ModifiedCartan.exists_finite_roots_monic_equation' depends on axioms: [propext, Classical.choice, Quot.sound]
⚠ [5149/5193] Replayed ModifiedCartan.UnitaryPolynomialCoefficients
warning: ModifiedCartan/UnitaryPolynomialCoefficients.lean:48:2: Unused tactic linter: `change
  FewInflection.fundamentalCoefficients n (fun j w => (d.polynomial (ns ν) j).eval w) z i / _ = _` does nothing

Note: This linter can be disabled with `set_option linter.unusedTactic false`
info: ModifiedCartan/UnitaryPolynomialCoefficients.lean:53:0: 'ModifiedCartan.ArbitraryRadiusLimitData.unitary_polynomial_coefficient_limit' depends on axioms: [propext,
 Classical.choice,
 Quot.sound]
ℹ [5150/5193] Replayed ModifiedCartan.UnitaryComponentGradient
info: ModifiedCartan/UnitaryComponentGradient.lean:40:0: 'ModifiedCartan.ArbitraryRadiusLimitData.unitary_component_gradient_equation' depends on axioms: [propext,
 Classical.choice,
 Quot.sound]
ℹ [5151/5193] Replayed ModifiedCartan.GoodCenterComponentValue
info: ModifiedCartan/GoodCenterComponentValue.lean:60:0: 'ModifiedCartan.ArbitraryRadiusLimitData.unitary_component_value_at_good_center' depends on axioms: [propext,
 Classical.choice,
 Quot.sound]
ℹ [5152/5193] Replayed ModifiedCartan.UnitaryLogBalance
info: ModifiedCartan/UnitaryLogBalance.lean:76:0: 'ModifiedCartan.ArbitraryRadiusLimitData.unitary_norm_and_sum_limits' depends on axioms: [propext,
 Classical.choice,
 Quot.sound]
ℹ [5153/5193] Replayed ModifiedCartan.PointSingularExponents
info: ModifiedCartan/PointSingularExponents.lean:56:0: 'ModifiedCartan.ArbitraryRadiusLimitData.exists_singular_exponents' depends on axioms: [propext,
 Classical.choice,
 Quot.sound]
ℹ [5154/5193] Replayed ModifiedCartan.BasisAtPoint
info: ModifiedCartan/BasisAtPoint.lean:73:0: 'ModifiedCartan.Paper.lem_basis_at_point' depends on axioms: [propext, Classical.choice, Quot.sound]
ℹ [5155/5193] Replayed ModifiedCartan.UnitaryComponentRegularity
info: ModifiedCartan/UnitaryComponentRegularity.lean:55:0: 'ModifiedCartan.ArbitraryRadiusLimitData.unitary_component_regular' depends on axioms: [propext,
 Classical.choice,
 Quot.sound]
info: ModifiedCartan/UnitaryComponentRegularity.lean:56:0: 'ModifiedCartan.ArbitraryRadiusLimitData.norm_limit_continuous' depends on axioms: [propext,
 Classical.choice,
 Quot.sound]
⚠ [5156/5193] Replayed ModifiedCartan.PointwiseUnitaryBalance
warning: ModifiedCartan/PointwiseUnitaryBalance.lean:34:2: Unused tactic linter: `change v z = (u z).toReal` does nothing

Note: This linter can be disabled with `set_option linter.unusedTactic false`
info: ModifiedCartan/PointwiseUnitaryBalance.lean:62:0: 'ModifiedCartan.ArbitraryRadiusLimitData.unitary_component_real_gradient' depends on axioms: [propext,
 Classical.choice,
 Quot.sound]
info: ModifiedCartan/PointwiseUnitaryBalance.lean:63:0: 'ModifiedCartan.ArbitraryRadiusLimitData.unitary_component_sum_nonneg' depends on axioms: [propext,
 Classical.choice,
 Quot.sound]
ℹ [5157/5193] Replayed ModifiedCartan.UnitaryPowerConvexity
info: ModifiedCartan/UnitaryPowerConvexity.lean:71:0: 'ModifiedCartan.ArbitraryRadiusLimitData.unitary_component_powerChart_convex' depends on axioms: [propext,
 Classical.choice,
 Quot.sound]
ℹ [5158/5193] Replayed ModifiedCartan.GoodCenterHomogeneity
info: ModifiedCartan/GoodCenterHomogeneity.lean:81:0: 'ModifiedCartan.ArbitraryRadiusLimitData.norm_limit_dilation_at_good_center' depends on axioms: [propext,
 Classical.choice,
 Quot.sound]
ℹ [5159/5193] Replayed ModifiedCartan.SmallExponentNorm
info: ModifiedCartan/SmallExponentNorm.lean:77:0: 'ModifiedCartan.ArbitraryRadiusLimitData.norm_limit_eq_zero_of_order_lt_one' depends on axioms: [propext,
 Classical.choice,
 Quot.sound]
⚠ [5160/5193] Replayed ModifiedCartan.Homogeneity
warning: ModifiedCartan/Homogeneity.lean:41:5: Variable name `hρ` is not explicitly referenced.

Hint: The binding can be removed (if unused) or named `_` (if used implicitly). Alternatively, prefix the name with `_` to silence this warning:
  [apply] _hρ

Note: This linter can be disabled with `set_option linter.unusedVariables false`
info: ModifiedCartan/Homogeneity.lean:67:0: 'ModifiedCartan.Paper.prop_homogeneity' depends on axioms: [propext, Classical.choice, Quot.sound]
ℹ [5161/5193] Replayed ModifiedCartan.HomogeneousRadialMeans
info: ModifiedCartan/HomogeneousRadialMeans.lean:71:0: 'ModifiedCartan.ArbitraryRadiusLimitData.circleAverage_homogeneous' depends on axioms: [propext,
 Classical.choice,
 Quot.sound]
info: ModifiedCartan/HomogeneousRadialMeans.lean:72:0: 'ModifiedCartan.integral_ball_eq_radial_mean_of_continuousOn' depends on axioms: [propext, Classical.choice, Quot.sound]
ℹ [5162/5193] Replayed ModifiedCartan.NormLogIntegrals
info: ModifiedCartan/NormLogIntegrals.lean:48:0: 'ModifiedCartan.LocalLpConvergence.integral_ball_tendsto' depends on axioms: [propext, Classical.choice, Quot.sound]
info: ModifiedCartan/NormLogIntegrals.lean:49:0: 'ModifiedCartan.ArbitraryRadiusLimitData.normLog_localLp' depends on axioms: [propext, Classical.choice, Quot.sound]
ℹ [5163/5193] Replayed ModifiedCartan.AnnularRatioLimit
info: ModifiedCartan/AnnularRatioLimit.lean:93:0: 'ModifiedCartan.ArbitraryRadiusLimitData.annular_ratio_tendsto' depends on axioms: [propext,
 Classical.choice,
 Quot.sound]
ℹ [5164/5193] Replayed ModifiedCartan.MonotoneWeightedIntegrals
info: ModifiedCartan/MonotoneWeightedIntegrals.lean:86:0: 'ModifiedCartan.tendsto_of_monotone_weighted_integrals' depends on axioms: [propext, Classical.choice, Quot.sound]
ℹ [5165/5193] Replayed ModifiedCartan.ArbitraryRadiusConstruction
info: ModifiedCartan/ArbitraryRadiusConstruction.lean:140:0: 'ModifiedCartan.exists_arbitrary_radius_limits_normalized' depends on axioms: [propext, Classical.choice, Quot.sound]
info: ModifiedCartan/ArbitraryRadiusConstruction.lean:141:0: 'ModifiedCartan.Paper.exists_arbitrary_radius_limits' depends on axioms: [propext, Classical.choice, Quot.sound]
ℹ [5166/5193] Replayed ModifiedCartan.SubsequenceRatios
info: ModifiedCartan/SubsequenceRatios.lean:77:0: 'ModifiedCartan.ArbitraryRadiusLimitData.ratio_tendsto' depends on axioms: [propext, Classical.choice, Quot.sound]
info: ModifiedCartan/SubsequenceRatios.lean:78:0: 'ModifiedCartan.characteristic_ratio_tendsto_of_lt_two' depends on axioms: [propext, Classical.choice, Quot.sound]
ℹ [5167/5193] Replayed ModifiedCartan.CharacteristicRatioLimit
info: ModifiedCartan/CharacteristicRatioLimit.lean:28:0: 'ModifiedCartan.characteristic_ratio_tendsto' depends on axioms: [propext, Classical.choice, Quot.sound]
ℹ [5168/5193] Replayed ModifiedCartan.UnitaryPowerGradient
info: ModifiedCartan/UnitaryPowerGradient.lean:73:0: 'ModifiedCartan.ArbitraryRadiusLimitData.unitary_component_powerChart_gradient_equation' depends on axioms: [propext,
 Classical.choice,
 Quot.sound]
ℹ [5169/5193] Replayed ModifiedCartan.ScalarPowerGradient
info: ModifiedCartan/ScalarPowerGradient.lean:78:0: 'ModifiedCartan.ArbitraryRadiusLimitData.unitary_component_powerChart_quadratic' depends on axioms: [propext,
 Classical.choice,
 Quot.sound]
info: ModifiedCartan/ScalarPowerGradient.lean:79:0: 'ModifiedCartan.ArbitraryRadiusLimitData.unitary_component_powerChart_two_phase' depends on axioms: [propext,
 Classical.choice,
 Quot.sound]
ℹ [5170/5193] Replayed ModifiedCartan.ScalarNormTwoPhase
info: ModifiedCartan/ScalarNormTwoPhase.lean:88:0: 'ModifiedCartan.ArbitraryRadiusLimitData.scalar_norm_powerChart_locallyTwoPhase' depends on axioms: [propext,
 Classical.choice,
 Quot.sound]
ℹ [5171/5193] Replayed ModifiedCartan.ScalarNormLocalAbsolute
info: ModifiedCartan/ScalarNormLocalAbsolute.lean:71:0: 'ModifiedCartan.ArbitraryRadiusLimitData.scalar_norm_powerChart_local_absolute' depends on axioms: [propext,
 Classical.choice,
 Quot.sound]
info: ModifiedCartan/ScalarNormLocalAbsolute.lean:72:0: 'ModifiedCartan.ArbitraryRadiusLimitData.scalar_norm_value_root' depends on axioms: [propext,
 Classical.choice,
 Quot.sound]
ℹ [5172/5193] Replayed ModifiedCartan.ScalarNormSquare
info: ModifiedCartan/ScalarNormSquare.lean:73:0: 'ModifiedCartan.ArbitraryRadiusLimitData.scalar_norm_square' depends on axioms: [propext, Classical.choice, Quot.sound]
info: ModifiedCartan/ScalarNormSquare.lean:74:0: 'ModifiedCartan.ArbitraryRadiusLimitData.scalar_coefficient_monomial_nonzero' depends on axioms: [propext,
 Classical.choice,
 Quot.sound]
ℹ [5173/5193] Replayed ModifiedCartan.ScalarNormPowerProfile
info: ModifiedCartan/ScalarNormPowerProfile.lean:52:0: 'ModifiedCartan.ArbitraryRadiusLimitData.scalar_norm_principal_power_profile' depends on axioms: [propext,
 Classical.choice,
 Quot.sound]
ℹ [5174/5193] Replayed ModifiedCartan.ScalarDominantComponent
info: ModifiedCartan/ScalarDominantComponent.lean:88:0: 'ModifiedCartan.ArbitraryRadiusLimitData.scalar_exists_dominant_component_near_good_center' depends on axioms: [propext,
 Classical.choice,
 Quot.sound]
⚠ [5175/5193] Replayed ModifiedCartan.ScalarNormSmooth
warning: ModifiedCartan/ScalarNormSmooth.lean:38:4: Try `simp at hpos` instead of `simpa using hpos`

Note: This linter can be disabled with `set_option linter.unnecessarySimpa false`
info: ModifiedCartan/ScalarNormSmooth.lean:82:0: 'ModifiedCartan.ArbitraryRadiusLimitData.scalar_norm_contDiffAt_of_pos' depends on axioms: [propext,
 Classical.choice,
 Quot.sound]
info: ModifiedCartan/ScalarNormSmooth.lean:83:0: 'ModifiedCartan.ArbitraryRadiusLimitData.scalar_norm_hasWeakComplexGradient_of_pos' depends on axioms: [propext,
 Classical.choice,
 Quot.sound]
ℹ [5176/5193] Replayed ModifiedCartan.PolynomialGaugeLower
info: ModifiedCartan/PolynomialGaugeLower.lean:104:0: 'ModifiedCartan.PolynomialReplacementData.gauge_norm_lower_of_unitary_component' depends on axioms: [propext,
 Classical.choice,
 Quot.sound]
info: ModifiedCartan/PolynomialGaugeLower.lean:105:0: 'ModifiedCartan.ArbitraryRadiusLimitData.scalar_speed_decay_of_polynomial_component' depends on axioms: [propext,
 Classical.choice,
 Quot.sound]
ℹ [5177/5193] Replayed ModifiedCartan.MonotoneCompactUniformity
info: ModifiedCartan/MonotoneCompactUniformity.lean:61:0: 'ModifiedCartan.eventually_uniform_of_monotone_pointwise' depends on axioms: [propext, Classical.choice, Quot.sound]
ℹ [5178/5193] Replayed ModifiedCartan.RegularVariation
info: ModifiedCartan/RegularVariation.lean:38:0: 'ModifiedCartan.Paper.prop_regular_variation' depends on axioms: [propext, Classical.choice, Quot.sound]
ℹ [5179/5193] Built ModifiedCartan.RectangleConnectivity (17s)
info: ModifiedCartan/RectangleConnectivity.lean:70:0: 'ModifiedCartan.IsPreconnected.rectangle_reachable' depends on axioms: [propext, Classical.choice, Quot.sound]
ℹ [5180/5193] Replayed ModifiedCartan.ScalarPowerPolar
info: ModifiedCartan/ScalarPowerPolar.lean:48:0: 'ModifiedCartan.abs_re_cpow_circleMap' depends on axioms: [propext, Classical.choice, Quot.sound]
ℹ [5181/5193] Replayed ModifiedCartan.ScalarNormNormalizedProfile
info: ModifiedCartan/ScalarNormNormalizedProfile.lean:44:0: 'ModifiedCartan.ArbitraryRadiusLimitData.scalar_norm_polar_profile' depends on axioms: [propext,
 Classical.choice,
 Quot.sound]
ℹ [5182/5193] Replayed ModifiedCartan.ScalarPositiveCenters
info: ModifiedCartan/ScalarPositiveCenters.lean:55:0: 'ModifiedCartan.ArbitraryRadiusLimitData.scalar_exists_positive_good_center' depends on axioms: [propext,
 Classical.choice,
 Quot.sound]
ℹ [5183/5193] Replayed ModifiedCartan.ScalarPowerChartProfile
info: ModifiedCartan/ScalarPowerChartProfile.lean:55:0: 'ModifiedCartan.ArbitraryRadiusLimitData.scalar_norm_powerChart_profile' depends on axioms: [propext,
 Classical.choice,
 Quot.sound]
ℹ [5184/5193] Replayed ModifiedCartan.ScalarSectorComponent
info: ModifiedCartan/ScalarSectorComponent.lean:142:0: 'ModifiedCartan.ArbitraryRadiusLimitData.scalar_exists_component_on_positive_chart' depends on axioms: [propext,
 Classical.choice,
 Quot.sound]
ℹ [5185/5193] Replayed ModifiedCartan.ScalarGoodCross
info: ModifiedCartan/ScalarGoodCross.lean:106:0: 'ModifiedCartan.ArbitraryRadiusLimitData.scalar_component_good_cross' depends on axioms: [propext,
 Classical.choice,
 Quot.sound]
info: ModifiedCartan/ScalarGoodCross.lean:107:0: 'ModifiedCartan.ArbitraryRadiusLimitData.scalar_exists_good_cross_near_good_center' depends on axioms: [propext,
 Classical.choice,
 Quot.sound]
ℹ [5186/5193] Replayed ModifiedCartan.ScalarChartPaths
info: ModifiedCartan/ScalarChartPaths.lean:72:0: 'ModifiedCartan.ArbitraryRadiusLimitData.scalar_exists_positive_chart_with_small_crosses' depends on axioms: [propext,
 Classical.choice,
 Quot.sound]
ℹ [5187/5193] Replayed ModifiedCartan.MainTheorem
info: ModifiedCartan/MainTheorem.lean:56:0: 'ModifiedCartan.exists_common_admissible_order' depends on axioms: [propext, Classical.choice, Quot.sound]
info: ModifiedCartan/MainTheorem.lean:57:0: 'ModifiedCartan.Paper.thm_main_explicit_factor' depends on axioms: [propext, Classical.choice, Quot.sound]
info: ModifiedCartan/MainTheorem.lean:58:0: 'ModifiedCartan.Paper.thm_main' depends on axioms: [propext, Classical.choice, Quot.sound]
ℹ [5188/5193] Replayed ModifiedCartan.ScalarTheoremGrowth
info: ModifiedCartan/ScalarTheoremGrowth.lean:67:0: 'ModifiedCartan.Paper.thm_A_growth' depends on axioms: [propext, Classical.choice, Quot.sound]
ℹ [5189/5193] Replayed ModifiedCartan.ScalarValueCharacteristic
info: ModifiedCartan/ScalarValueCharacteristic.lean:68:0: 'ModifiedCartan.scalarValueCharacteristic_ratio_tendsto_one' depends on axioms: [propext, Classical.choice, Quot.sound]
ℹ [5190/5193] Replayed ModifiedCartan.ScalarDeficiencyBasics
info: ModifiedCartan/ScalarDeficiencyBasics.lean:153:0: 'ModifiedCartan.scalarDeficiency_le_one' depends on axioms: [propext, Classical.choice, Quot.sound]
info: ModifiedCartan/ScalarDeficiencyBasics.lean:154:0: 'ModifiedCartan.scalarDeficiency_eq_one_sub_limsup_counting' depends on axioms: [propext, Classical.choice, Quot.sound]
ℹ [5191/5193] Built ModifiedCartan.ScalarScaleSeparation (17s)
info: ModifiedCartan/ScalarScaleSeparation.lean:43:0: 'ModifiedCartan.characteristic_doubled_increment_eventually' depends on axioms: [propext, Classical.choice, Quot.sound]
info: ModifiedCartan/ScalarScaleSeparation.lean:44:0: 'ModifiedCartan.characteristic_doubled_exp_halving_eventually' depends on axioms: [propext,
 Classical.choice,
 Quot.sound]
✔ [5192/5193] Built ModifiedCartan (16s)
Build completed successfully (5193 jobs).
