⚠ [3487/3499] Replayed FewInflection.FundamentalAnalytic
warning: FewInflection/FundamentalAnalytic.lean:208:35: This simp argument is unused:
  hW

Hint: Omit it from the simp argument list.
  [apply] simp [fundamentalCoefficients, not_ne_iff.mp hW]

Note: This linter can be disabled with `set_option linter.unusedSimpArgs false`
⚠ [3509/3524] Replayed FewInflection.Gauge
warning: FewInflection/Gauge.lean:52:4: `push_neg` has been deprecated. Prefer using `push Not` instead.
If you'd rather continue using `push_neg` in your project, you can implement it as follows:
```
open Lean.Parser.Tactic in
macro "push_neg" cfg:optConfig loc:(location)? : tactic =>
  `(tactic| push $cfg:optConfig Not $[$loc]?)
```
warning: FewInflection/Gauge.lean:93:38: This simp argument is unused:
  Finset.sum_mul

Hint: Omit it from the simp argument list.
  [apply] simp [matrixGauge, smul_eq_mul, Finset.mul_sum, mul_comm, mul_left_comm, mul_assoc] at hz

Note: This linter can be disabled with `set_option linter.unusedSimpArgs false`
warning: FewInflection/Gauge.lean:94:33: This simp argument is unused:
  mul_assoc

Hint: Omit it from the simp argument list.
  [apply] simp [matrixGauge, smul_eq_mul, Finset.sum_mul, Finset.mul_sum, mul_comm, mul_left_comm] at hz

Note: This linter can be disabled with `set_option linter.unusedSimpArgs false`
⚠ [3514/3529] Replayed FewInflection.ScalarWronskian
warning: FewInflection/ScalarWronskian.lean:33:8: `if_pos` has been deprecated: Use `ite_eq_left` instead
⚠ [3526/3535] Replayed FewInflection.CanonicalLocalGauge
warning: FewInflection/CanonicalLocalGauge.lean:88:2: Try this: 
  letI̵

The goal is a proposition, so `let` is preferred over `letI`.
The difference between `let` and `letI` is that `letI` inlines the value.
But this is not relevant for proofs because of proof irrelevance.

Note: This linter can be disabled with `set_option linter.style.haveILetI false`
⚠ [3674/3709] Replayed ModifiedCartan.SobolevLocality
warning: ModifiedCartan/SobolevLocality.lean:46:6: `dif_pos` has been deprecated: Use `dite_eq_left` instead
warning: ModifiedCartan/SobolevLocality.lean:105:2: Try this: 
  letI̵

The goal is a proposition, so `let` is preferred over `letI`.
The difference between `let` and `letI` is that `letI` inlines the value.
But this is not relevant for proofs because of proof irrelevance.

Note: This linter can be disabled with `set_option linter.style.haveILetI false`
⚠ [3699/3752] Replayed FewInflection.DerivativeMinors
warning: FewInflection/DerivativeMinors.lean:123:41: This simp argument is unused:
  dotProduct

Hint: Omit it from the simp argument list.
  [apply] simp [D, M, Matrix.diagonal_apply]

Note: This linter can be disabled with `set_option linter.unusedSimpArgs false`
⚠ [3700/3752] Replayed ModifiedCartan.SkewTableaux
warning: ModifiedCartan/SkewTableaux.lean:106:2: Try this: 
  letI̵

The goal is a proposition, so `let` is preferred over `letI`.
The difference between `let` and `letI` is that `letI` inlines the value.
But this is not relevant for proofs because of proof irrelevance.

Note: This linter can be disabled with `set_option linter.style.haveILetI false`
warning: ModifiedCartan/SkewTableaux.lean:108:2: Try this: 
  letI̵

The goal is a proposition, so `let` is preferred over `letI`.
The difference between `let` and `letI` is that `letI` inlines the value.
But this is not relevant for proofs because of proof irrelevance.

Note: This linter can be disabled with `set_option linter.style.haveILetI false`
warning: ModifiedCartan/SkewTableaux.lean:113:2: Try this: 
  haveI̵

The goal is a proposition, so `have` is preferred over `haveI`.
The difference between `have` and `haveI` is that `haveI` inlines the value.
But this is not relevant for proofs because of proof irrelevance.

Note: This linter can be disabled with `set_option linter.style.haveILetI false`
warning: ModifiedCartan/SkewTableaux.lean:118:2: Try this: 
  letI̵

The goal is a proposition, so `let` is preferred over `letI`.
The difference between `let` and `letI` is that `letI` inlines the value.
But this is not relevant for proofs because of proof irrelevance.

Note: This linter can be disabled with `set_option linter.style.haveILetI false`
⚠ [3713/3758] Replayed ModifiedCartan.SkewAdditions
warning: ModifiedCartan/SkewAdditions.lean:17:44: Variable name `a` is not explicitly referenced.

Hint: The binding can be removed (if unused) or named `_` (if used implicitly). Alternatively, prefix the name with `_` to silence this warning:
  [apply] _a

Note: This linter can be disabled with `set_option linter.unusedVariables false`
warning: ModifiedCartan/SkewAdditions.lean:17:46: Variable name `b` is not explicitly referenced.

Hint: The binding can be removed (if unused) or named `_` (if used implicitly). Alternatively, prefix the name with `_` to silence this warning:
  [apply] _b

Note: This linter can be disabled with `set_option linter.unusedVariables false`
ℹ [3717/3758] Replayed ModifiedCartan.PolynomialODEKernelBound
info: ModifiedCartan/PolynomialODEKernelBound.lean:71:0: 'ModifiedCartan.polynomialDifferential_subspace_finrank_le' depends on axioms: [propext, Classical.choice, Quot.sound]
⚠ [3723/3771] Replayed ModifiedCartan.LocalLogHypotheses
warning: ModifiedCartan/LocalLogHypotheses.lean:19:2: `push_neg` has been deprecated. Prefer using `push Not` instead.
If you'd rather continue using `push_neg` in your project, you can implement it as follows:
```
open Lean.Parser.Tactic in
macro "push_neg" cfg:optConfig loc:(location)? : tactic =>
  `(tactic| push $cfg:optConfig Not $[$loc]?)
```
⚠ [3725/3771] Replayed ModifiedCartan.TableauCountRecurrence
warning: ModifiedCartan/TableauCountRecurrence.lean:40:32: `if_pos` has been deprecated: Use `ite_eq_left` instead
⚠ [3729/3773] Replayed ModifiedCartan.MinorGrowthPaths
warning: ModifiedCartan/MinorGrowthPaths.lean:85:4: Try this: 
  haveI̵

The goal is a proposition, so `have` is preferred over `haveI`.
The difference between `have` and `haveI` is that `haveI` inlines the value.
But this is not relevant for proofs because of proof irrelevance.

Note: This linter can be disabled with `set_option linter.style.haveILetI false`
ℹ [3733/3773] Replayed ModifiedCartan.RootDistanceSums
info: ModifiedCartan/RootDistanceSums.lean:145:0: 'ModifiedCartan.eLpNorm_scaled_reciprocalDistanceSum_le' depends on axioms: [propext, Classical.choice, Quot.sound]
info: ModifiedCartan/RootDistanceSums.lean:146:0: 'ModifiedCartan.reciprocalDistanceSum_exterior_le' depends on axioms: [propext, Classical.choice, Quot.sound]
info: ModifiedCartan/RootDistanceSums.lean:147:0: 'ModifiedCartan.inner_root_sum_eLpNorm_tendsto_zero' depends on axioms: [propext, Classical.choice, Quot.sound]
info: ModifiedCartan/RootDistanceSums.lean:148:0: 'ModifiedCartan.inner_root_sum_localMeasure_zero' depends on axioms: [propext, Classical.choice, Quot.sound]
⚠ [3734/3773] Replayed ModifiedCartan.TableauCountPositive
warning: ModifiedCartan/TableauCountPositive.lean:50:22: Unused tactic linter: `change partitionSize ν = partitionSize r.enlarged + k` does nothing

Note: This linter can be disabled with `set_option linter.unusedTactic false`
⚠ [3738/3773] Replayed ModifiedCartan.MinorGrowthCount
warning: ModifiedCartan/MinorGrowthCount.lean:18:4: Try this: 
  letI̵

The goal is a proposition, so `let` is preferred over `letI`.
The difference between `let` and `letI` is that `letI` inlines the value.
But this is not relevant for proofs because of proof irrelevance.

Note: This linter can be disabled with `set_option linter.style.haveILetI false`
warning: ModifiedCartan/MinorGrowthCount.lean:20:4: Try this: 
  letI̵

The goal is a proposition, so `let` is preferred over `letI`.
The difference between `let` and `letI` is that `letI` inlines the value.
But this is not relevant for proofs because of proof irrelevance.

Note: This linter can be disabled with `set_option linter.style.haveILetI false`
warning: ModifiedCartan/MinorGrowthCount.lean:24:4: Try this: 
  letI̵

The goal is a proposition, so `let` is preferred over `letI`.
The difference between `let` and `letI` is that `letI` inlines the value.
But this is not relevant for proofs because of proof irrelevance.

Note: This linter can be disabled with `set_option linter.style.haveILetI false`
warning: ModifiedCartan/MinorGrowthCount.lean:30:2: Try this: 
  letI̵

The goal is a proposition, so `let` is preferred over `letI`.
The difference between `let` and `letI` is that `letI` inlines the value.
But this is not relevant for proofs because of proof irrelevance.

Note: This linter can be disabled with `set_option linter.style.haveILetI false`
warning: ModifiedCartan/MinorGrowthCount.lean:36:2: Try this: 
  letI̵

The goal is a proposition, so `let` is preferred over `letI`.
The difference between `let` and `letI` is that `letI` inlines the value.
But this is not relevant for proofs because of proof irrelevance.

Note: This linter can be disabled with `set_option linter.style.haveILetI false`
ℹ [3756/3776] Replayed ModifiedCartan.SubsetProductBounds
info: ModifiedCartan/SubsetProductBounds.lean:221:0: 'ModifiedCartan.powersetCard_product_difference_le_exp_one' depends on axioms: [propext, Classical.choice, Quot.sound]
info: ModifiedCartan/SubsetProductBounds.lean:222:0: 'ModifiedCartan.norm_marked_powersetCard_product_sum_le' depends on axioms: [propext, Classical.choice, Quot.sound]
⚠ [3757/3776] Replayed ModifiedCartan.YoungPolytabloid
warning: ModifiedCartan/YoungPolytabloid.lean:54:2: Try `simp at hc` instead of `simpa using hc`

Note: This linter can be disabled with `set_option linter.unnecessarySimpa false`
⚠ [3758/3776] Replayed ModifiedCartan.LogDerivativeLimit
warning: ModifiedCartan/LogDerivativeLimit.lean:59:57: `if_pos` has been deprecated: Use `ite_eq_left` instead
warning: ModifiedCartan/LogDerivativeLimit.lean:62:36: `if_false` has been deprecated: Use `ite_false` instead
ℹ [3760/3776] Replayed ModifiedCartan.PolynomialApproximationCounting
info: ModifiedCartan/PolynomialApproximationCounting.lean:170:0: 'ModifiedCartan.exists_monic_polynomial_growth_center' depends on axioms: [propext, Classical.choice, Quot.sound]
info: ModifiedCartan/PolynomialApproximationCounting.lean:171:0: 'ModifiedCartan.polynomial_approximation_divisor_count_le' depends on axioms: [propext, Classical.choice, Quot.sound]
⚠ [3762/3778] Replayed ModifiedCartan.MinorTranslation
warning: ModifiedCartan/MinorTranslation.lean:30:8: `if_pos` has been deprecated: Use `ite_eq_left` instead
⚠ [3763/3778] Replayed ModifiedCartan.SchubertWronskianDegree
warning: ModifiedCartan/SchubertWronskianDegree.lean:30:44: `if_neg` has been deprecated: Use `ite_eq_right` instead
ℹ [3771/3783] Replayed ModifiedCartan.SchubertMonicWronskian
info: ModifiedCartan/SchubertMonicWronskian.lean:69:0: 'ModifiedCartan.normalizedSchubertCoordinate_bot' depends on axioms: [propext, Classical.choice, Quot.sound]
info: ModifiedCartan/SchubertMonicWronskian.lean:70:0: 'ModifiedCartan.schubertMonicWronskian_monic' depends on axioms: [propext, Classical.choice, Quot.sound]
⚠ [3772/3783] Replayed ModifiedCartan.MonicPolynomialParameters
warning: ModifiedCartan/MonicPolynomialParameters.lean:54:2: try 'simp' instead of 'simpa'

Note: This linter can be disabled with `set_option linter.unnecessarySimpa false`
info: ModifiedCartan/MonicPolynomialParameters.lean:59:0: 'ModifiedCartan.complex_monic_eq_prod_linear' depends on axioms: [propext, Classical.choice, Quot.sound]
ℹ [3777/3788] Replayed ModifiedCartan.PolynomialRootCount
info: ModifiedCartan/PolynomialRootCount.lean:164:0: 'ModifiedCartan.polynomial_root_list_count' depends on axioms: [propext, Classical.choice, Quot.sound]
info: ModifiedCartan/PolynomialRootCount.lean:165:0: 'ModifiedCartan.exists_normalized_polynomial_root_list' depends on axioms: [propext, Classical.choice, Quot.sound]
info: ModifiedCartan/PolynomialRootCount.lean:166:0: 'ModifiedCartan.polynomial_approximation_root_count_tendsto_zero' depends on axioms: [propext,
 Classical.choice,
 Quot.sound]
ℹ [3781/3791] Replayed ModifiedCartan.LocalRootSeparation
info: ModifiedCartan/LocalRootSeparation.lean:116:0: 'ModifiedCartan.Paper.eq_rootbounds' depends on axioms: [propext, Classical.choice, Quot.sound]
⚠ [3910/3967] Replayed ModifiedCartan.YoungFillings
warning: ModifiedCartan/YoungFillings.lean:27:25: try 'simp' instead of 'simpa'

Note: This linter can be disabled with `set_option linter.unnecessarySimpa false`
warning: ModifiedCartan/YoungFillings.lean:78:32: `if_pos` has been deprecated: Use `ite_eq_left` instead
⚠ [3935/3971] Replayed ModifiedCartan.YoungAlternatingRange
warning: ModifiedCartan/YoungAlternatingRange.lean:23:4: `push_neg` has been deprecated. Prefer using `push Not` instead.
If you'd rather continue using `push_neg` in your project, you can implement it as follows:
```
open Lean.Parser.Tactic in
macro "push_neg" cfg:optConfig loc:(location)? : tactic =>
  `(tactic| push $cfg:optConfig Not $[$loc]?)
```
⚠ [3941/3980] Replayed ModifiedCartan.CentralCharacterOperator
warning: ModifiedCartan/CentralCharacterOperator.lean:18:0: automatically included section variable(s) unused in theorem `ModifiedCartan.characterWeightedOperator_commutes`:
  [FiniteDimensional ℂ V]
consider restructuring your `variable` declarations so that the variables are not in scope or explicitly omit them:
  omit [FiniteDimensional ℂ V] in theorem ...

Note: This linter can be disabled with `set_option linter.unusedSectionVars false`
⚠ [3942/3980] Replayed ModifiedCartan.CharacterScalarAction
warning: ModifiedCartan/CharacterScalarAction.lean:13:0: automatically included section variable(s) unused in theorem `ModifiedCartan.characterWeightedOperator_trace`:
  [FiniteDimensional ℂ V]
  [FiniteDimensional ℂ W]
consider restructuring your `variable` declarations so that the variables are not in scope or explicitly omit them:
  omit [FiniteDimensional ℂ V] [FiniteDimensional ℂ W] in theorem ...

Note: This linter can be disabled with `set_option linter.unusedSectionVars false`
warning: ModifiedCartan/CharacterScalarAction.lean:31:2: Try this: 
  letI̵

The goal is a proposition, so `let` is preferred over `letI`.
The difference between `let` and `letI` is that `letI` inlines the value.
But this is not relevant for proofs because of proof irrelevance.

Note: This linter can be disabled with `set_option linter.style.haveILetI false`
warning: ModifiedCartan/CharacterScalarAction.lean:32:2: Try this: 
  letI̵

The goal is a proposition, so `let` is preferred over `letI`.
The difference between `let` and `letI` is that `letI` inlines the value.
But this is not relevant for proofs because of proof irrelevance.

Note: This linter can be disabled with `set_option linter.style.haveILetI false`
warning: ModifiedCartan/CharacterScalarAction.lean:29:0: automatically included section variable(s) unused in theorem `ModifiedCartan.irreducible_finrank_ne_zero`:
  [Fintype G]
consider restructuring your `variable` declarations so that the variables are not in scope or explicitly omit them:
  omit [Fintype G] in theorem ...

Note: This linter can be disabled with `set_option linter.unusedSectionVars false`
warning: ModifiedCartan/CharacterScalarAction.lean:46:2: Try this: 
  letI̵

The goal is a proposition, so `let` is preferred over `letI`.
The difference between `let` and `letI` is that `letI` inlines the value.
But this is not relevant for proofs because of proof irrelevance.

Note: This linter can be disabled with `set_option linter.style.haveILetI false`
warning: ModifiedCartan/CharacterScalarAction.lean:55:8: `if_pos` has been deprecated: Use `ite_eq_left` instead
warning: ModifiedCartan/CharacterScalarAction.lean:62:8: `if_neg` has been deprecated: Use `ite_eq_right` instead
⚠ [3943/3980] Replayed ModifiedCartan.CharacterProjectorBasic
warning: ModifiedCartan/CharacterProjectorBasic.lean:12:0: automatically included section variable(s) unused in theorem `ModifiedCartan.characterWeightedOperator_natural`:
  [FiniteDimensional ℂ V]
consider restructuring your `variable` declarations so that the variables are not in scope or explicitly omit them:
  omit [FiniteDimensional ℂ V] in theorem ...

Note: This linter can be disabled with `set_option linter.unusedSectionVars false`
⚠ [3946/3980] Replayed ModifiedCartan.CharacterProjectorFixed
warning: ModifiedCartan/CharacterProjectorFixed.lean:12:0: automatically included section variable(s) unused in theorem `ModifiedCartan.intertwiner_apply_mem_isotypic`:
  [Fintype G]
  [FiniteDimensional ℂ V]
consider restructuring your `variable` declarations so that the variables are not in scope or explicitly omit them:
  omit [Fintype G] [FiniteDimensional ℂ V] in theorem ...

Note: This linter can be disabled with `set_option linter.unusedSectionVars false`
⚠ [3949/3983] Replayed ModifiedCartan.CharacterOrthogonalInvariant
warning: ModifiedCartan/CharacterOrthogonalInvariant.lean:39:0: automatically included section variable(s) unused in theorem `ModifiedCartan.invariant_orthogonal_of_unitary`:
  [Fintype G]
consider restructuring your `variable` declarations so that the variables are not in scope or explicitly omit them:
  omit [Fintype G] in theorem ...

Note: This linter can be disabled with `set_option linter.unusedSectionVars false`
⚠ [3969/4017] Replayed ModifiedCartan.CycleColorings
warning: ModifiedCartan/CycleColorings.lean:20:0: automatically included section variable(s) unused in theorem `ModifiedCartan.permutationCycleClass_apply`:
  [Fintype A]
  [DecidableEq A]
consider restructuring your `variable` declarations so that the variables are not in scope or explicitly omit them:
  omit [Fintype A] [DecidableEq A] in theorem ...

Note: This linter can be disabled with `set_option linter.unusedSectionVars false`
warning: ModifiedCartan/CycleColorings.lean:24:0: automatically included section variable(s) unused in theorem `ModifiedCartan.coloring_pow_eq`:
  [Fintype A]
  [DecidableEq A]
consider restructuring your `variable` declarations so that the variables are not in scope or explicitly omit them:
  omit [Fintype A] [DecidableEq A] in theorem ...

Note: This linter can be disabled with `set_option linter.unusedSectionVars false`
⚠ [3970/4017] Replayed ModifiedCartan.SpechtRepresentation
warning: ModifiedCartan/SpechtRepresentation.lean:22:2: Try this: 
  letI̵

The goal is a proposition, so `let` is preferred over `letI`.
The difference between `let` and `letI` is that `letI` inlines the value.
But this is not relevant for proofs because of proof irrelevance.

Note: This linter can be disabled with `set_option linter.style.haveILetI false`
⚠ [3978/4018] Replayed ModifiedCartan.ColoringOrbits
warning: ModifiedCartan/ColoringOrbits.lean:14:11: Variable name `f` is not explicitly referenced.

Hint: The binding can be removed (if unused) or named `_` (if used implicitly). Alternatively, prefix the name with `_` to silence this warning:
  [apply] _f

Note: This linter can be disabled with `set_option linter.unusedVariables false`
warning: ModifiedCartan/ColoringOrbits.lean:15:11: Variable name `σ` is not explicitly referenced.

Hint: The binding can be removed (if unused) or named `_` (if used implicitly). Alternatively, prefix the name with `_` to silence this warning:
  [apply] _σ

Note: This linter can be disabled with `set_option linter.unusedVariables false`
warning: ModifiedCartan/ColoringOrbits.lean:15:13: Variable name `τ` is not explicitly referenced.

Hint: The binding can be removed (if unused) or named `_` (if used implicitly). Alternatively, prefix the name with `_` to silence this warning:
  [apply] _τ

Note: This linter can be disabled with `set_option linter.unusedVariables false`
warning: ModifiedCartan/ColoringOrbits.lean:15:15: Variable name `f` is not explicitly referenced.

Hint: The binding can be removed (if unused) or named `_` (if used implicitly). Alternatively, prefix the name with `_` to silence this warning:
  [apply] _f

Note: This linter can be disabled with `set_option linter.unusedVariables false`
⚠ [3979/4018] Replayed ModifiedCartan.RemovedBoxes
warning: ModifiedCartan/RemovedBoxes.lean:41:11: Variable name `a` is not explicitly referenced.

Hint: The binding can be removed (if unused) or named `_` (if used implicitly). Alternatively, prefix the name with `_` to silence this warning:
  [apply] _a

Note: This linter can be disabled with `set_option linter.unusedVariables false`
warning: ModifiedCartan/RemovedBoxes.lean:42:12: Variable name `a` is not explicitly referenced.

Hint: The binding can be removed (if unused) or named `_` (if used implicitly). Alternatively, prefix the name with `_` to silence this warning:
  [apply] _a

Note: This linter can be disabled with `set_option linter.unusedVariables false`
⚠ [4001/4121] Replayed ModifiedCartan.RemovedPermutations
warning: ModifiedCartan/RemovedPermutations.lean:51:4: Unused tactic linter: `change f ((youngRemovalPermutationEquiv μ b p).val a) = f a` does nothing

Note: This linter can be disabled with `set_option linter.unusedTactic false`
ℹ [4005/4121] Replayed ModifiedCartan.DividedPowerPolynomials
info: ModifiedCartan/DividedPowerPolynomials.lean:57:0: 'ModifiedCartan.complexDividedPowerPolynomial_jet_zero' depends on axioms: [propext, Classical.choice, Quot.sound]
⚠ [4007/4121] Replayed ModifiedCartan.CharacterIrreducibleImages
warning: ModifiedCartan/CharacterIrreducibleImages.lean:24:0: automatically included section variable(s) unused in theorem `ModifiedCartan.intertwiner_apply_mem_isotypic_of_equiv`:
  [FiniteDimensional ℂ W]
consider restructuring your `variable` declarations so that the variables are not in scope or explicitly omit them:
  omit [FiniteDimensional ℂ W] in theorem ...

Note: This linter can be disabled with `set_option linter.unusedSectionVars false`
⚠ [4008/4121] Replayed ModifiedCartan.CharacterSimpleGeneration
warning: ModifiedCartan/CharacterSimpleGeneration.lean:17:2: Try this: 
  letI̵

The goal is a proposition, so `let` is preferred over `letI`.
The difference between `let` and `letI` is that `letI` inlines the value.
But this is not relevant for proofs because of proof irrelevance.

Note: This linter can be disabled with `set_option linter.style.haveILetI false`
ℹ [4015/4121] Replayed ModifiedCartan.PolynomialBasisReduction
info: ModifiedCartan/PolynomialBasisReduction.lean:40:0: 'ModifiedCartan.basis_exists_elementary_subtraction' depends on axioms: [propext, Classical.choice, Quot.sound]
info: ModifiedCartan/PolynomialBasisReduction.lean:41:0: 'ModifiedCartan.polynomial_natDegree_cancel_leading_lt' depends on axioms: [propext, Classical.choice, Quot.sound]
ℹ [4023/4121] Replayed ModifiedCartan.MvDividedPowerNormalization
info: ModifiedCartan/MvDividedPowerNormalization.lean:56:0: 'ModifiedCartan.mvDividedPowerNormalize_first_coeff' depends on axioms: [propext, Classical.choice, Quot.sound]
⚠ [4024/4121] Replayed ModifiedCartan.SpechtFiniteAlphabetRepresentation
warning: ModifiedCartan/SpechtFiniteAlphabetRepresentation.lean:24:2: Try this: 
  letI̵

The goal is a proposition, so `let` is preferred over `letI`.
The difference between `let` and `letI` is that `letI` inlines the value.
But this is not relevant for proofs because of proof irrelevance.

Note: This linter can be disabled with `set_option linter.style.haveILetI false`
⚠ [4026/4121] Replayed ModifiedCartan.ClassFunctionScalarAction
warning: ModifiedCartan/ClassFunctionScalarAction.lean:14:0: automatically included section variable(s) unused in theorem `ModifiedCartan.classFunctionOperator_trace`:
  [FiniteDimensional ℂ V]
consider restructuring your `variable` declarations so that the variables are not in scope or explicitly omit them:
  omit [FiniteDimensional ℂ V] in theorem ...

Note: This linter can be disabled with `set_option linter.unusedSectionVars false`
⚠ [4027/4121] Replayed ModifiedCartan.GroupSubmoduleIntertwiners
warning: ModifiedCartan/GroupSubmoduleIntertwiners.lean:35:0: automatically included section variable(s) unused in theorem `ModifiedCartan.groupSubmoduleIntertwiner_apply`:
  [Fintype G]
consider restructuring your `variable` declarations so that the variables are not in scope or explicitly omit them:
  omit [Fintype G] in theorem ...

Note: This linter can be disabled with `set_option linter.unusedSectionVars false`
warning: ModifiedCartan/GroupSubmoduleIntertwiners.lean:40:0: automatically included section variable(s) unused in theorem `ModifiedCartan.groupSubmoduleIntertwiner_injective`:
  [Fintype G]
consider restructuring your `variable` declarations so that the variables are not in scope or explicitly omit them:
  omit [Fintype G] in theorem ...

Note: This linter can be disabled with `set_option linter.unusedSectionVars false`
warning: ModifiedCartan/GroupSubmoduleIntertwiners.lean:55:0: automatically included section variable(s) unused in theorem `ModifiedCartan.groupSubmoduleRepresentationIrreducible`:
  [Fintype G]
consider restructuring your `variable` declarations so that the variables are not in scope or explicitly omit them:
  omit [Fintype G] in theorem ...

Note: This linter can be disabled with `set_option linter.unusedSectionVars false`
⚠ [4037/4122] Replayed ModifiedCartan.FixedPointPermutationSums
warning: ModifiedCartan/FixedPointPermutationSums.lean:51:12: `dif_pos` has been deprecated: Use `dite_eq_left` instead
⚠ [4038/4122] Replayed ModifiedCartan.CharacterProjectorRange
warning: ModifiedCartan/CharacterProjectorRange.lean:23:4: Try this: 
  letI̵

The goal is a proposition, so `let` is preferred over `letI`.
The difference between `let` and `letI` is that `letI` inlines the value.
But this is not relevant for proofs because of proof irrelevance.

Note: This linter can be disabled with `set_option linter.style.haveILetI false`
warning: ModifiedCartan/CharacterProjectorRange.lean:24:4: Try this: 
  letI̵

The goal is a proposition, so `let` is preferred over `letI`.
The difference between `let` and `letI` is that `letI` inlines the value.
But this is not relevant for proofs because of proof irrelevance.

Note: This linter can be disabled with `set_option linter.style.haveILetI false`
warning: ModifiedCartan/CharacterProjectorRange.lean:26:4: Try this: 
  letI̵

The goal is a proposition, so `let` is preferred over `letI`.
The difference between `let` and `letI` is that `letI` inlines the value.
But this is not relevant for proofs because of proof irrelevance.

Note: This linter can be disabled with `set_option linter.style.haveILetI false`
⚠ [4039/4122] Replayed ModifiedCartan.SpechtCharacterPairingStep
warning: ModifiedCartan/SpechtCharacterPairingStep.lean:20:2: Try this: 
  letI̵

The goal is a proposition, so `let` is preferred over `letI`.
The difference between `let` and `letI` is that `letI` inlines the value.
But this is not relevant for proofs because of proof irrelevance.

Note: This linter can be disabled with `set_option linter.style.haveILetI false`
warning: ModifiedCartan/SpechtCharacterPairingStep.lean:21:2: Try this: 
  letI̵

The goal is a proposition, so `let` is preferred over `letI`.
The difference between `let` and `letI` is that `letI` inlines the value.
But this is not relevant for proofs because of proof irrelevance.

Note: This linter can be disabled with `set_option linter.style.haveILetI false`
warning: ModifiedCartan/SpechtCharacterPairingStep.lean:22:2: Try this: 
  letI̵

The goal is a proposition, so `let` is preferred over `letI`.
The difference between `let` and `letI` is that `letI` inlines the value.
But this is not relevant for proofs because of proof irrelevance.

Note: This linter can be disabled with `set_option linter.style.haveILetI false`
⚠ [4040/4122] Replayed ModifiedCartan.ClassFunctionRegularCoefficients
warning: ModifiedCartan/ClassFunctionRegularCoefficients.lean:17:4: This simp argument is unused:
  MonoidAlgebra.coeff_smul_apply

Hint: Omit it from the simp argument list.
  [apply] simp [classFunctionOperator, LinearMap.sum_apply, LinearMap.smul_apply, Representation.leftRegular,
    Representation.ofMulAction_single, MonoidAlgebra.coeff_sum, Finsupp.finsetSum_apply, MonoidAlgebra.coeff_single,
    Finsupp.single_apply]

Note: This linter can be disabled with `set_option linter.unusedSimpArgs false`
ℹ [4050/4122] Replayed ModifiedCartan.ColumnPartitionMinorOrders
info: ModifiedCartan/ColumnPartitionMinorOrders.lean:58:0: 'ModifiedCartan.columnPartition_order_cycle' depends on axioms: [propext, Classical.choice, Quot.sound]
⚠ [4051/4122] Replayed ModifiedCartan.CycleWeightedPowers
warning: ModifiedCartan/CycleWeightedPowers.lean:15:0: automatically included section variable(s) unused in theorem `ModifiedCartan.coloring_product_eq_cycle_product`:
  [DecidableEq A]
consider restructuring your `variable` declarations so that the variables are not in scope or explicitly omit them:
  omit [DecidableEq A] in theorem ...

Note: This linter can be disabled with `set_option linter.unusedSectionVars false`
⚠ [4054/4122] Replayed ModifiedCartan.CharacterProjectorOrthogonal
warning: ModifiedCartan/CharacterProjectorOrthogonal.lean:23:45: `if_neg` has been deprecated: Use `ite_eq_right` instead
ℹ [4059/4125] Replayed ModifiedCartan.ColumnMinorCramer
info: ModifiedCartan/ColumnMinorCramer.lean:88:0: 'ModifiedCartan.fundamentalCoefficients_eq_columnMinor' depends on axioms: [propext, Classical.choice, Quot.sound]
⚠ [4072/4127] Replayed ModifiedCartan.FixedColoringProduct
warning: ModifiedCartan/FixedColoringProduct.lean:19:11: Variable name `f` is not explicitly referenced.

Hint: The binding can be removed (if unused) or named `_` (if used implicitly). Alternatively, prefix the name with `_` to silence this warning:
  [apply] _f

Note: This linter can be disabled with `set_option linter.unusedVariables false`
warning: ModifiedCartan/FixedColoringProduct.lean:20:12: Variable name `p` is not explicitly referenced.

Hint: The binding can be removed (if unused) or named `_` (if used implicitly). Alternatively, prefix the name with `_` to silence this warning:
  [apply] _p

Note: This linter can be disabled with `set_option linter.unusedVariables false`
warning: ModifiedCartan/FixedColoringProduct.lean:27:2: Try this: 
  letI̵

The goal is a proposition, so `let` is preferred over `letI`.
The difference between `let` and `letI` is that `letI` inlines the value.
But this is not relevant for proofs because of proof irrelevance.

Note: This linter can be disabled with `set_option linter.style.haveILetI false`
ℹ [4075/4141] Replayed ModifiedCartan.SingleVariableSeries
info: ModifiedCartan/SingleVariableSeries.lean:66:0: 'ModifiedCartan.singleVariableSeries_coeff' depends on axioms: [propext, Classical.choice, Quot.sound]
ℹ [4084/4141] Replayed ModifiedCartan.DeterminantFirstPivot
info: ModifiedCartan/DeterminantFirstPivot.lean:67:0: 'ModifiedCartan.det_first_pivot' depends on axioms: [propext, Classical.choice, Quot.sound]
⚠ [4085/4141] Replayed ModifiedCartan.WeightColoringRepresentation
warning: ModifiedCartan/WeightColoringRepresentation.lean:17:11: Variable name `f` is not explicitly referenced.

Hint: The binding can be removed (if unused) or named `_` (if used implicitly). Alternatively, prefix the name with `_` to silence this warning:
  [apply] _f

Note: This linter can be disabled with `set_option linter.unusedVariables false`
warning: ModifiedCartan/WeightColoringRepresentation.lean:18:11: Variable name `σ` is not explicitly referenced.

Hint: The binding can be removed (if unused) or named `_` (if used implicitly). Alternatively, prefix the name with `_` to silence this warning:
  [apply] _σ

Note: This linter can be disabled with `set_option linter.unusedVariables false`
warning: ModifiedCartan/WeightColoringRepresentation.lean:18:13: Variable name `τ` is not explicitly referenced.

Hint: The binding can be removed (if unused) or named `_` (if used implicitly). Alternatively, prefix the name with `_` to silence this warning:
  [apply] _τ

Note: This linter can be disabled with `set_option linter.unusedVariables false`
warning: ModifiedCartan/WeightColoringRepresentation.lean:18:15: Variable name `f` is not explicitly referenced.

Hint: The binding can be removed (if unused) or named `_` (if used implicitly). Alternatively, prefix the name with `_` to silence this warning:
  [apply] _f

Note: This linter can be disabled with `set_option linter.unusedVariables false`
⚠ [4086/4141] Replayed ModifiedCartan.SeparateVariableProducts
warning: ModifiedCartan/SeparateVariableProducts.lean:14:35: This simp argument is unused:
  Finsupp.finsetSum_apply

Hint: Omit it from the simp argument list.
  [apply] simp [singleVariableDegreeSplit, Finsupp.single_apply, eq_comm]

Note: This linter can be disabled with `set_option linter.unusedSimpArgs false`
warning: ModifiedCartan/SeparateVariableProducts.lean:14:60: This simp argument is unused:
  Finsupp.single_apply

Hint: Omit it from the simp argument list.
  [apply] simp [singleVariableDegreeSplit, Finsupp.finsetSum_apply, eq_comm]

Note: This linter can be disabled with `set_option linter.unusedSimpArgs false`
warning: ModifiedCartan/SeparateVariableProducts.lean:14:82: This simp argument is unused:
  eq_comm

Hint: Omit it from the simp argument list.
  [apply] simp [singleVariableDegreeSplit, Finsupp.finsetSum_apply, Finsupp.single_apply]

Note: This linter can be disabled with `set_option linter.unusedSimpArgs false`
info: ModifiedCartan/SeparateVariableProducts.lean:62:0: 'ModifiedCartan.singleVariableSeries_coeff_prod' depends on axioms: [propext, Classical.choice, Quot.sound]
ℹ [4087/4141] Replayed ModifiedCartan.SeriesHomogenization
info: ModifiedCartan/SeriesHomogenization.lean:67:0: 'ModifiedCartan.seriesHomogenization_coeff_coeff' depends on axioms: [propext, Classical.choice, Quot.sound]
⚠ [4090/4144] Replayed ModifiedCartan.YoungColoringMinimum
warning: ModifiedCartan/YoungColoringMinimum.lean:37:4: `push_neg` has been deprecated. Prefer using `push Not` instead.
If you'd rather continue using `push_neg` in your project, you can implement it as follows:
```
open Lean.Parser.Tactic in
macro "push_neg" cfg:optConfig loc:(location)? : tactic =>
  `(tactic| push $cfg:optConfig Not $[$loc]?)
```
ℹ [4094/4144] Replayed ModifiedCartan.FiniteCauchyPivot
info: ModifiedCartan/FiniteCauchyPivot.lean:52:0: 'ModifiedCartan.finiteCauchyMatrix_det_succ' depends on axioms: [propext, Classical.choice, Quot.sound]
ℹ [4095/4167] Replayed ModifiedCartan.PolynomialDeterminantCoefficients
info: ModifiedCartan/PolynomialDeterminantCoefficients.lean:78:0: 'ModifiedCartan.polynomialAlternant_coeff' depends on axioms: [propext, Classical.choice, Quot.sound]
ℹ [4098/4167] Replayed ModifiedCartan.FiniteGeometricSeries
info: ModifiedCartan/FiniteGeometricSeries.lean:42:0: 'ModifiedCartan.geometricMvSeries_inverse' depends on axioms: [propext, Classical.choice, Quot.sound]
info: ModifiedCartan/FiniteGeometricSeries.lean:43:0: 'ModifiedCartan.geometricMvSeries_coeff_prod' depends on axioms: [propext, Classical.choice, Quot.sound]
⚠ [4099/4167] Replayed ModifiedCartan.YoungRowDegrees
warning: ModifiedCartan/YoungRowDegrees.lean:30:2: Try this: 
  letI̵

The goal is a proposition, so `let` is preferred over `letI`.
The difference between `let` and `letI` is that `letI` inlines the value.
But this is not relevant for proofs because of proof irrelevance.

Note: This linter can be disabled with `set_option linter.style.haveILetI false`
⚠ [4100/4167] Replayed ModifiedCartan.HomogenizedGeometricSeries
warning: ModifiedCartan/HomogenizedGeometricSeries.lean:22:44: Used `tac1 <;> tac2` where `(tac1; tac2)` would suffice

Note: This linter can be disabled with `set_option linter.unnecessarySeqFocus false`
info: ModifiedCartan/HomogenizedGeometricSeries.lean:62:0: 'ModifiedCartan.seriesHomogenization_geometricMvSeries' depends on axioms: [propext, Classical.choice, Quot.sound]
ℹ [4102/4167] Replayed ModifiedCartan.FiniteCauchyDeterminant
info: ModifiedCartan/FiniteCauchyDeterminant.lean:64:0: 'ModifiedCartan.finiteCauchyMatrix_det_mul_denominator' depends on axioms: [propext, Classical.choice, Quot.sound]
ℹ [4105/4167] Replayed ModifiedCartan.GeometricProductCoefficients
info: ModifiedCartan/GeometricProductCoefficients.lean:51:0: 'ModifiedCartan.geometricPowerSeries_prod_coeff' depends on axioms: [propext, Classical.choice, Quot.sound]
⚠ [4106/4167] Replayed ModifiedCartan.KPAlphaCoefficients
warning: ModifiedCartan/KPAlphaCoefficients.lean:16:8: `dif_pos` has been deprecated: Use `dite_eq_left` instead
warning: ModifiedCartan/KPAlphaCoefficients.lean:22:8: `dif_neg` has been deprecated: Use `dite_eq_right` instead
warning: ModifiedCartan/KPAlphaCoefficients.lean:60:8: `dif_pos` has been deprecated: Use `dite_eq_left` instead
warning: ModifiedCartan/KPAlphaCoefficients.lean:60:20: `dif_pos` has been deprecated: Use `dite_eq_left` instead
warning: ModifiedCartan/KPAlphaCoefficients.lean:63:8: `dif_neg` has been deprecated: Use `dite_eq_right` instead
warning: ModifiedCartan/KPAlphaCoefficients.lean:63:20: `dif_neg` has been deprecated: Use `dite_eq_right` instead
⚠ [4109/4167] Replayed ModifiedCartan.IsotypicCopies
warning: ModifiedCartan/IsotypicCopies.lean:29:0: automatically included section variable(s) unused in theorem `ModifiedCartan.nonempty_equiv_intertwiner_range`:
  [Fintype G]
  [FiniteDimensional ℂ V]
consider restructuring your `variable` declarations so that the variables are not in scope or explicitly omit them:
  omit [Fintype G] [FiniteDimensional ℂ V] in theorem ...

Note: This linter can be disabled with `set_option linter.unusedSectionVars false`
⚠ [4110/4167] Replayed ModifiedCartan.FinitePartitionDegrees
warning: ModifiedCartan/FinitePartitionDegrees.lean:24:11: Variable name `b` is not explicitly referenced.

Hint: The binding can be removed (if unused) or named `_` (if used implicitly). Alternatively, prefix the name with `_` to silence this warning:
  [apply] _b

Note: This linter can be disabled with `set_option linter.unusedVariables false`
warning: ModifiedCartan/FinitePartitionDegrees.lean:25:12: Variable name `p` is not explicitly referenced.

Hint: The binding can be removed (if unused) or named `_` (if used implicitly). Alternatively, prefix the name with `_` to silence this warning:
  [apply] _p

Note: This linter can be disabled with `set_option linter.unusedVariables false`
info: ModifiedCartan/FinitePartitionDegrees.lean:57:0: 'ModifiedCartan.finiteColorWeight_partitionFiniteDegree' depends on axioms: [propext, Classical.choice, Quot.sound]
info: ModifiedCartan/FinitePartitionDegrees.lean:58:0: 'ModifiedCartan.partitionFiniteDegree_mapDomain' depends on axioms: [propext, Classical.choice, Quot.sound]
ℹ [4111/4167] Replayed ModifiedCartan.CauchyKernelCoefficients
info: ModifiedCartan/CauchyKernelCoefficients.lean:44:0: 'ModifiedCartan.finiteCauchyCoefficientPolynomial_coeff' depends on axioms: [propext, Classical.choice, Quot.sound]
ℹ [4113/4167] Replayed ModifiedCartan.FiniteCauchyRing
info: ModifiedCartan/FiniteCauchyRing.lean:71:0: 'ModifiedCartan.finiteCauchy_inverse_det' depends on axioms: [propext, Classical.choice, Quot.sound]
ℹ [4115/4168] Replayed ModifiedCartan.StaircaseWeights
info: ModifiedCartan/StaircaseWeights.lean:90:0: 'ModifiedCartan.finiteStaircaseDegree_weight_lt' depends on axioms: [propext, Classical.choice, Quot.sound]
⚠ [4117/4168] Replayed ModifiedCartan.ClassScalarIsotypic
warning: ModifiedCartan/ClassScalarIsotypic.lean:48:4: This simp argument is unused:
  MonoidAlgebra.coeff_smul_apply

Hint: Omit it from the simp argument list.
  [apply] simp [classWeightedOperator, LinearMap.sum_apply, LinearMap.smul_apply, Representation.leftRegular,
    MonoidAlgebra.coeff_sum, Finsupp.finsetSum_apply, MonoidAlgebra.coeff_single, Finsupp.single_apply]

Note: This linter can be disabled with `set_option linter.unusedSimpArgs false`
warning: ModifiedCartan/ClassScalarIsotypic.lean:50:0: automatically included section variable(s) unused in theorem `ModifiedCartan.characterProjector_regular_coefficient`:
  [FiniteDimensional ℂ V]
consider restructuring your `variable` declarations so that the variables are not in scope or explicitly omit them:
  omit [FiniteDimensional ℂ V] in theorem ...

Note: This linter can be disabled with `set_option linter.unusedSectionVars false`
⚠ [4118/4168] Replayed ModifiedCartan.CharacterProjectionBound
warning: ModifiedCartan/CharacterProjectionBound.lean:12:0: automatically included section variable(s) unused in theorem `ModifiedCartan.characterWeightedOperator_eq_scaled_projector`:
  [FiniteDimensional ℂ W]
consider restructuring your `variable` declarations so that the variables are not in scope or explicitly omit them:
  omit [FiniteDimensional ℂ W] in theorem ...

Note: This linter can be disabled with `set_option linter.unusedSectionVars false`
ℹ [4119/4169] Replayed ModifiedCartan.FiniteAlternants
info: ModifiedCartan/FiniteAlternants.lean:51:0: 'ModifiedCartan.finiteAlternant_eq_det' depends on axioms: [propext, Classical.choice, Quot.sound]
⚠ [4123/4169] Replayed ModifiedCartan.SymmetricCharacterProjection
warning: ModifiedCartan/SymmetricCharacterProjection.lean:14:0: automatically included section variable(s) unused in theorem `ModifiedCartan.permutation_character_inv`:
  [FiniteDimensional ℂ V]
consider restructuring your `variable` declarations so that the variables are not in scope or explicitly omit them:
  omit [FiniteDimensional ℂ V] in theorem ...

Note: This linter can be disabled with `set_option linter.unusedSectionVars false`
warning: ModifiedCartan/SymmetricCharacterProjection.lean:26:0: automatically included section variable(s) unused in theorem `ModifiedCartan.permutationCharacterOperator_eq_weighted`:
  [FiniteDimensional ℂ W]
consider restructuring your `variable` declarations so that the variables are not in scope or explicitly omit them:
  omit [FiniteDimensional ℂ W] in theorem ...

Note: This linter can be disabled with `set_option linter.unusedSectionVars false`
ℹ [4127/4172] Replayed ModifiedCartan.AlternantCoefficients
info: ModifiedCartan/AlternantCoefficients.lean:89:0: 'ModifiedCartan.finiteAlternant_partition_coeff' depends on axioms: [propext, Classical.choice, Quot.sound]
ℹ [4129/4172] Replayed ModifiedCartan.VandermondeAlternantMaps
info: ModifiedCartan/VandermondeAlternantMaps.lean:40:0: 'ModifiedCartan.finiteVandermondeAlternant_map_mul' depends on axioms: [propext, Classical.choice, Quot.sound]
ℹ [4134/4174] Replayed ModifiedCartan.OrderedPartitionExponents
info: ModifiedCartan/OrderedPartitionExponents.lean:75:0: 'ModifiedCartan.exists_partitionAlternantExponent' depends on axioms: [propext, Classical.choice, Quot.sound]
info: ModifiedCartan/OrderedPartitionExponents.lean:76:0: 'ModifiedCartan.exists_perm_strictAnti' depends on axioms: [propext, Classical.choice, Quot.sound]
⚠ [4140/4175] Replayed ModifiedCartan.FiniteCauchySeries
warning: ModifiedCartan/FiniteCauchySeries.lean:36:2: Try this: 
  letI̵

The goal is a proposition, so `let` is preferred over `letI`.
The difference between `let` and `letI` is that `letI` inlines the value.
But this is not relevant for proofs because of proof irrelevance.

Note: This linter can be disabled with `set_option linter.style.haveILetI false`
info: ModifiedCartan/FiniteCauchySeries.lean:44:0: 'ModifiedCartan.finiteCauchySeriesMatrix_coeff_det' depends on axioms: [propext, Classical.choice, Quot.sound]
info: ModifiedCartan/FiniteCauchySeries.lean:45:0: 'ModifiedCartan.finiteCauchySeriesMatrix_det' depends on axioms: [propext, Classical.choice, Quot.sound]
ℹ [4143/4175] Replayed ModifiedCartan.PolynomialDegreeBasis
info: ModifiedCartan/PolynomialDegreeBasis.lean:63:0: 'ModifiedCartan.polynomialBasis_exists_strictMono_natDegree' depends on axioms: [propext, Classical.choice, Quot.sound]
ℹ [4144/4175] Replayed ModifiedCartan.AlternatingPolynomialExt
info: ModifiedCartan/AlternatingPolynomialExt.lean:69:0: 'ModifiedCartan.alternatingPolynomial_ext' depends on axioms: [propext, Classical.choice, Quot.sound]
ℹ [4145/4175] Replayed ModifiedCartan.DividedPowerPartitionMinors
info: ModifiedCartan/DividedPowerPartitionMinors.lean:55:0: 'ModifiedCartan.dividedPowerPartitionMinor_eval' depends on axioms: [propext, Classical.choice, Quot.sound]
ℹ [4147/4175] Replayed ModifiedCartan.HomogeneousSeriesCoefficients
info: ModifiedCartan/HomogeneousSeriesCoefficients.lean:35:0: 'ModifiedCartan.homogeneous_polynomial_mul_series_coeff' depends on axioms: [propext, Classical.choice, Quot.sound]
ℹ [4148/4175] Replayed ModifiedCartan.AlternantHomogeneity
info: ModifiedCartan/AlternantHomogeneity.lean:54:0: 'ModifiedCartan.finiteVandermondeAlternant_isHomogeneous' depends on axioms: [propext, Classical.choice, Quot.sound]
info: ModifiedCartan/AlternantHomogeneity.lean:55:0: 'ModifiedCartan.partitionAlternantExponent_degree' depends on axioms: [propext, Classical.choice, Quot.sound]
⚠ [4149/4175] Replayed ModifiedCartan.InducedSpechtClassFunction
warning: ModifiedCartan/InducedSpechtClassFunction.lean:33:8: `dif_pos` has been deprecated: Use `dite_eq_left` instead
warning: ModifiedCartan/InducedSpechtClassFunction.lean:33:44: `dif_pos` has been deprecated: Use `dite_eq_left` instead
warning: ModifiedCartan/InducedSpechtClassFunction.lean:41:8: `dif_neg` has been deprecated: Use `dite_eq_right` instead
warning: ModifiedCartan/InducedSpechtClassFunction.lean:41:20: `dif_neg` has been deprecated: Use `dite_eq_right` instead
warning: ModifiedCartan/InducedSpechtClassFunction.lean:62:8: `dif_pos` has been deprecated: Use `dite_eq_left` instead
warning: ModifiedCartan/InducedSpechtClassFunction.lean:62:49: `dif_pos` has been deprecated: Use `dite_eq_left` instead
warning: ModifiedCartan/InducedSpechtClassFunction.lean:67:8: `dif_neg` has been deprecated: Use `dite_eq_right` instead
warning: ModifiedCartan/InducedSpechtClassFunction.lean:67:20: `dif_neg` has been deprecated: Use `dite_eq_right` instead
⚠ [4155/4183] Replayed ModifiedCartan.SpechtRegularCompleteness
warning: ModifiedCartan/SpechtRegularCompleteness.lean:28:8: `if_pos` has been deprecated: Use `ite_eq_left` instead
warning: ModifiedCartan/SpechtRegularCompleteness.lean:30:8: `if_neg` has been deprecated: Use `ite_eq_right` instead
⚠ [4156/4183] Replayed ModifiedCartan.SpechtRestrictionPairing
warning: ModifiedCartan/SpechtRestrictionPairing.lean:14:8: `if_pos` has been deprecated: Use `ite_eq_left` instead
warning: ModifiedCartan/SpechtRestrictionPairing.lean:17:8: `if_neg` has been deprecated: Use `ite_eq_right` instead
warning: ModifiedCartan/SpechtRestrictionPairing.lean:22:8: `if_neg` has been deprecated: Use `ite_eq_right` instead
⚠ [4165/4188] Replayed ModifiedCartan.ClassFunctionSpechtExpansion
warning: ModifiedCartan/ClassFunctionSpechtExpansion.lean:24:6: Try this: 
  letI̵

The goal is a proposition, so `let` is preferred over `letI`.
The difference between `let` and `letI` is that `letI` inlines the value.
But this is not relevant for proofs because of proof irrelevance.

Note: This linter can be disabled with `set_option linter.style.haveILetI false`
⚠ [4171/4192] Replayed ModifiedCartan.SpechtFourierExpansion
warning: ModifiedCartan/SpechtFourierExpansion.lean:17:2: Try this: 
  letI̵

The goal is a proposition, so `let` is preferred over `letI`.
The difference between `let` and `letI` is that `letI` inlines the value.
But this is not relevant for proofs because of proof irrelevance.

Note: This linter can be disabled with `set_option linter.style.haveILetI false`
warning: ModifiedCartan/SpechtFourierExpansion.lean:27:2: Try this: 
  letI̵

The goal is a proposition, so `let` is preferred over `letI`.
The difference between `let` and `letI` is that `letI` inlines the value.
But this is not relevant for proofs because of proof irrelevance.

Note: This linter can be disabled with `set_option linter.style.haveILetI false`
⚠ [4172/4192] Replayed ModifiedCartan.KPAlphaFullInduction
warning: ModifiedCartan/KPAlphaFullInduction.lean:40:0: automatically included section variable(s) unused in theorem `ModifiedCartan.kpSubsetExtension_full`:
  [Fintype A]
consider restructuring your `variable` declarations so that the variables are not in scope or explicitly omit them:
  omit [Fintype A] in theorem ...

Note: This linter can be disabled with `set_option linter.unusedSectionVars false`
⚠ [4182/4196] Replayed ModifiedCartan.KPFullCharacterAction
warning: ModifiedCartan/KPFullCharacterAction.lean:18:0: automatically included section variable(s) unused in theorem `ModifiedCartan.supportedPermutation_univ`:
  [DecidableEq A]
consider restructuring your `variable` declarations so that the variables are not in scope or explicitly omit them:
  omit [DecidableEq A] in theorem ...

Note: This linter can be disabled with `set_option linter.unusedSectionVars false`
warning: ModifiedCartan/KPFullCharacterAction.lean:49:2: Try this: 
  letI̵

The goal is a proposition, so `let` is preferred over `letI`.
The difference between `let` and `letI` is that `letI` inlines the value.
But this is not relevant for proofs because of proof irrelevance.

Note: This linter can be disabled with `set_option linter.style.haveILetI false`
warning: ModifiedCartan/KPFullCharacterAction.lean:50:2: Try this: 
  letI̵

The goal is a proposition, so `let` is preferred over `letI`.
The difference between `let` and `letI` is that `letI` inlines the value.
But this is not relevant for proofs because of proof irrelevance.

Note: This linter can be disabled with `set_option linter.style.haveILetI false`
⚠ [4185/4197] Replayed ModifiedCartan.SeparatedFrobeniusCauchy
warning: ModifiedCartan/SeparatedFrobeniusCauchy.lean:44:13: This simp argument is unused:
  Fintype.card_fin

Hint: Omit it from the simp argument list.
  [apply] simp only [map_sum, map_mul, separateAlphabetPolynomial_rename_inl,
    separateAlphabetPolynomial_rename_inr] at h

Note: This linter can be disabled with `set_option linter.unusedSimpArgs false`
info: ModifiedCartan/SeparatedFrobeniusCauchy.lean:54:0: 'ModifiedCartan.finiteFrobeniusPolynomial_cauchy_separated' depends on axioms: [propext, Classical.choice, Quot.sound]
ℹ [4189/4200] Replayed ModifiedCartan.FormalFrobeniusKernel
info: ModifiedCartan/FormalFrobeniusKernel.lean:48:0: 'ModifiedCartan.finiteCauchyKernelSeries_alternant_coeff' depends on axioms: [propext, Classical.choice, Quot.sound]
ℹ [4190/4200] Replayed ModifiedCartan.AlternantCauchyExpansion
info: ModifiedCartan/AlternantCauchyExpansion.lean:55:0: 'ModifiedCartan.finiteAlternant_frobenius_expansion' depends on axioms: [propext, Classical.choice, Quot.sound]
ℹ [4194/4204] Replayed ModifiedCartan.DividedPowerAlternants
info: ModifiedCartan/DividedPowerAlternants.lean:43:0: 'ModifiedCartan.finiteDividedAlternant_eq_det' depends on axioms: [propext, Classical.choice, Quot.sound]
ℹ [4195/4204] Replayed ModifiedCartan.PolynomialAlternantTranslation
info: ModifiedCartan/PolynomialAlternantTranslation.lean:117:0: 'ModifiedCartan.dividedAlternant_translate_partition_coeff' depends on axioms: [propext, Classical.choice, Quot.sound]
ℹ [4198/4205] Replayed ModifiedCartan.PolynomialSpaceSchubert
info: ModifiedCartan/PolynomialSpaceSchubert.lean:68:0: 'ModifiedCartan.polynomialSpace_exists_schubertFrame' depends on axioms: [propext, Classical.choice, Quot.sound]
info: ModifiedCartan/PolynomialSpaceSchubert.lean:69:0: 'ModifiedCartan.schubertWronskiFibre_partitionSize' depends on axioms: [propext, Classical.choice, Quot.sound]
⚠ [4249/4304] Replayed ModifiedCartan.SizedSubsetInsertion
warning: ModifiedCartan/SizedSubsetInsertion.lean:40:0: automatically included section variable(s) unused in theorem `ModifiedCartan.sum_sizedLetterSubset`:
  [DecidableEq A]
consider restructuring your `variable` declarations so that the variables are not in scope or explicitly omit them:
  omit [DecidableEq A] in theorem ...

Note: This linter can be disabled with `set_option linter.unusedSectionVars false`
warning: ModifiedCartan/SizedSubsetInsertion.lean:45:0: automatically included section variable(s) unused in theorem `ModifiedCartan.sum_sizedLetterSubset_congr`:
  [DecidableEq A]
consider restructuring your `variable` declarations so that the variables are not in scope or explicitly omit them:
  omit [DecidableEq A] in theorem ...

Note: This linter can be disabled with `set_option linter.unusedSectionVars false`
⚠ [4250/4304] Replayed ModifiedCartan.FiniteInvolutionSum
warning: ModifiedCartan/FiniteInvolutionSum.lean:19:17: `if_pos` has been deprecated: Use `ite_eq_left` instead
warning: ModifiedCartan/FiniteInvolutionSum.lean:19:28: `if_neg` has been deprecated: Use `ite_eq_right` instead
warning: ModifiedCartan/FiniteInvolutionSum.lean:21:19: `if_neg` has been deprecated: Use `ite_eq_right` instead
warning: ModifiedCartan/FiniteInvolutionSum.lean:21:30: `if_pos` has been deprecated: Use `ite_eq_left` instead
warning: ModifiedCartan/FiniteInvolutionSum.lean:22:19: `if_neg` has been deprecated: Use `ite_eq_right` instead
warning: ModifiedCartan/FiniteInvolutionSum.lean:22:30: `if_neg` has been deprecated: Use `ite_eq_right` instead
⚠ [4257/4335] Replayed ModifiedCartan.KPAlphaConjugation
warning: ModifiedCartan/KPAlphaConjugation.lean:12:0: automatically included section variable(s) unused in theorem `ModifiedCartan.kpAlpha_conjugate`:
  [Fintype A]
consider restructuring your `variable` declarations so that the variables are not in scope or explicitly omit them:
  omit [Fintype A] in theorem ...

Note: This linter can be disabled with `set_option linter.unusedSectionVars false`
⚠ [4268/4362] Replayed ModifiedCartan.PermutationStar
warning: ModifiedCartan/PermutationStar.lean:14:0: automatically included section variable(s) unused in theorem `ModifiedCartan.permutationElement_mul`:
  [DecidableEq A]
consider restructuring your `variable` declarations so that the variables are not in scope or explicitly omit them:
  omit [DecidableEq A] in theorem ...

Note: This linter can be disabled with `set_option linter.unusedSectionVars false`
warning: ModifiedCartan/PermutationStar.lean:18:0: automatically included section variable(s) unused in theorem `ModifiedCartan.permutationElement_one`:
  [DecidableEq A]
consider restructuring your `variable` declarations so that the variables are not in scope or explicitly omit them:
  omit [DecidableEq A] in theorem ...

Note: This linter can be disabled with `set_option linter.unusedSectionVars false`
⚠ [4269/4362] Replayed ModifiedCartan.SpechtRestrictionMultiplicity
warning: ModifiedCartan/SpechtRestrictionMultiplicity.lean:30:2: Try this: 
  letI̵

The goal is a proposition, so `let` is preferred over `letI`.
The difference between `let` and `letI` is that `letI` inlines the value.
But this is not relevant for proofs because of proof irrelevance.

Note: This linter can be disabled with `set_option linter.style.haveILetI false`
warning: ModifiedCartan/SpechtRestrictionMultiplicity.lean:51:2: Try this: 
  letI̵

The goal is a proposition, so `let` is preferred over `letI`.
The difference between `let` and `letI` is that `letI` inlines the value.
But this is not relevant for proofs because of proof irrelevance.

Note: This linter can be disabled with `set_option linter.style.haveILetI false`
⚠ [4270/4362] Replayed ModifiedCartan.KPSubsetWeights
warning: ModifiedCartan/KPSubsetWeights.lean:51:12: `dif_pos` has been deprecated: Use `dite_eq_left` instead
warning: ModifiedCartan/KPSubsetWeights.lean:52:12: `dif_neg` has been deprecated: Use `dite_eq_right` instead
⚠ [4272/4362] Replayed ModifiedCartan.LegalMinorRowCovers
warning: ModifiedCartan/LegalMinorRowCovers.lean:53:11: `if_pos` has been deprecated: Use `ite_eq_left` instead
⚠ [4279/4527] Replayed ModifiedCartan.CommonEigenvectors
warning: ModifiedCartan/CommonEigenvectors.lean:27:6: `push_neg` has been deprecated. Prefer using `push Not` instead.
If you'd rather continue using `push_neg` in your project, you can implement it as follows:
```
open Lean.Parser.Tactic in
macro "push_neg" cfg:optConfig loc:(location)? : tactic =>
  `(tactic| push $cfg:optConfig Not $[$loc]?)
```
warning: ModifiedCartan/CommonEigenvectors.lean:32:6: Try this: 
  letI̵

The goal is a proposition, so `let` is preferred over `letI`.
The difference between `let` and `letI` is that `letI` inlines the value.
But this is not relevant for proofs because of proof irrelevance.

Note: This linter can be disabled with `set_option linter.style.haveILetI false`
⚠ [4280/4527] Replayed ModifiedCartan.KPSubsetInduction
warning: ModifiedCartan/KPSubsetInduction.lean:17:0: automatically included section variable(s) unused in theorem `ModifiedCartan.kpSubsetExtension_erase`:
  [Fintype A]
consider restructuring your `variable` declarations so that the variables are not in scope or explicitly omit them:
  omit [Fintype A] in theorem ...

Note: This linter can be disabled with `set_option linter.unusedSectionVars false`
warning: ModifiedCartan/KPSubsetInduction.lean:64:14: `if_pos` has been deprecated: Use `ite_eq_left` instead
warning: ModifiedCartan/KPSubsetInduction.lean:64:25: `if_pos` has been deprecated: Use `ite_eq_left` instead
warning: ModifiedCartan/KPSubsetInduction.lean:66:14: `if_neg` has been deprecated: Use `ite_eq_right` instead
warning: ModifiedCartan/KPSubsetInduction.lean:66:25: `if_neg` has been deprecated: Use `ite_eq_right` instead
⚠ [4282/4527] Replayed ModifiedCartan.KPAlphaEraseCommutator
warning: ModifiedCartan/KPAlphaEraseCommutator.lean:10:0: automatically included section variable(s) unused in theorem `ModifiedCartan.transpositionElement_comm`:
  [Fintype A]
consider restructuring your `variable` declarations so that the variables are not in scope or explicitly omit them:
  omit [Fintype A] in theorem ...

Note: This linter can be disabled with `set_option linter.unusedSectionVars false`
ℹ [4285/4527] Replayed ModifiedCartan.SchubertChartSlots
info: ModifiedCartan/SchubertChartSlots.lean:65:0: 'ModifiedCartan.schubertChartSlot_card' depends on axioms: [propext, Classical.choice, Quot.sound]
ℹ [4286/4527] Replayed ModifiedCartan.DividedAlternantTranslation
info: ModifiedCartan/DividedAlternantTranslation.lean:96:0: 'ModifiedCartan.finiteDividedAlternant_translation' depends on axioms: [propext, Classical.choice, Quot.sound]
⚠ [4287/4527] Replayed ModifiedCartan.FiniteGroupLinearCoefficients
warning: ModifiedCartan/FiniteGroupLinearCoefficients.lean:17:35: This simp argument is unused:
  MonoidAlgebra.coeff_smul_apply

Hint: Omit it from the simp argument list.
  [apply] simp [MonoidAlgebra.coeff_sum, MonoidAlgebra.coeff_single, Finsupp.finsetSum_apply, Finsupp.single_apply]

Note: This linter can be disabled with `set_option linter.unusedSimpArgs false`
warning: ModifiedCartan/FiniteGroupLinearCoefficients.lean:18:34: This simp argument is unused:
  Finsupp.finsetSum_apply

Hint: Omit it from the simp argument list.
  [apply] simp [MonoidAlgebra.coeff_sum, MonoidAlgebra.coeff_smul_apply, MonoidAlgebra.coeff_single,
    Finsupp.single_apply]

Note: This linter can be disabled with `set_option linter.unusedSimpArgs false`
warning: ModifiedCartan/FiniteGroupLinearCoefficients.lean:18:59: This simp argument is unused:
  Finsupp.single_apply

Hint: Omit it from the simp argument list.
  [apply] simp [MonoidAlgebra.coeff_sum, MonoidAlgebra.coeff_smul_apply, MonoidAlgebra.coeff_single,
    Finsupp.finsetSum_apply]

Note: This linter can be disabled with `set_option linter.unusedSimpArgs false`
info: ModifiedCartan/FiniteGroupLinearCoefficients.lean:61:0: 'ModifiedCartan.finiteGroup_polynomial_relation_linear' depends on axioms: [propext, Classical.choice, Quot.sound]
⚠ [4290/4527] Replayed ModifiedCartan.MarkerAssignmentDegree
warning: ModifiedCartan/MarkerAssignmentDegree.lean:42:78: `if_pos` has been deprecated: Use `ite_eq_left` instead
warning: ModifiedCartan/MarkerAssignmentDegree.lean:46:78: `if_neg` has been deprecated: Use `ite_eq_right` instead
warning: ModifiedCartan/MarkerAssignmentDegree.lean:55:10: `if_pos` has been deprecated: Use `ite_eq_left` instead
warning: ModifiedCartan/MarkerAssignmentDegree.lean:58:10: `if_neg` has been deprecated: Use `ite_eq_right` instead
⚠ [4295/4527] Replayed ModifiedCartan.FixedColoringDirectSum
warning: ModifiedCartan/FixedColoringDirectSum.lean:29:2: Try this: 
  letI̵

The goal is a proposition, so `let` is preferred over `letI`.
The difference between `let` and `letI` is that `letI` inlines the value.
But this is not relevant for proofs because of proof irrelevance.

Note: This linter can be disabled with `set_option linter.style.haveILetI false`
⚠ [4296/4527] Replayed ModifiedCartan.SigmaFiberPermutations
warning: ModifiedCartan/SigmaFiberPermutations.lean:41:17: `if_pos` has been deprecated: Use `ite_eq_left` instead
warning: ModifiedCartan/SigmaFiberPermutations.lean:42:37: `if_true` has been deprecated: Use `ite_true` instead
warning: ModifiedCartan/SigmaFiberPermutations.lean:43:10: `if_neg` has been deprecated: Use `ite_eq_right` instead
warning: ModifiedCartan/SigmaFiberPermutations.lean:41:17: This simp argument is unused:
  if_pos hal

Hint: Omit it from the simp argument list.
  [apply] simp only [sigmaFiberPermutation_other B c a (σ c) (σ a b) hac, List.mem_cons, hal, or_true, if_true]

Note: This linter can be disabled with `set_option linter.unusedSimpArgs false`
warning: ModifiedCartan/SigmaFiberPermutations.lean:57:53: `if_pos` has been deprecated: Use `ite_eq_left` instead
⚠ [4298/4527] Replayed ModifiedCartan.InvariantCycleSets
warning: ModifiedCartan/InvariantCycleSets.lean:14:0: automatically included section variable(s) unused in theorem `ModifiedCartan.mem_permutationCycleUnion`:
  [DecidableEq A]
consider restructuring your `variable` declarations so that the variables are not in scope or explicitly omit them:
  omit [DecidableEq A] in theorem ...

Note: This linter can be disabled with `set_option linter.unusedSectionVars false`
⚠ [4302/4527] Replayed ModifiedCartan.ExtraColorEmbeddings
warning: ModifiedCartan/ExtraColorEmbeddings.lean:16:22: This simp argument is unused:
  Equiv.optionSubtypeNe_symm_self

Hint: Omit it from the simp argument list.
  [apply] simp [extraColorAt]

Note: This linter can be disabled with `set_option linter.unusedSimpArgs false`
⚠ [4304/4527] Replayed ModifiedCartan.TransitivePermutationSign
warning: ModifiedCartan/TransitivePermutationSign.lean:13:4: Try this: 
  letI̵

The goal is a proposition, so `let` is preferred over `letI`.
The difference between `let` and `letI` is that `letI` inlines the value.
But this is not relevant for proofs because of proof irrelevance.

Note: This linter can be disabled with `set_option linter.style.haveILetI false`
warning: ModifiedCartan/TransitivePermutationSign.lean:14:4: Try this: 
  letI̵

The goal is a proposition, so `let` is preferred over `letI`.
The difference between `let` and `letI` is that `letI` inlines the value.
But this is not relevant for proofs because of proof irrelevance.

Note: This linter can be disabled with `set_option linter.style.haveILetI false`
warning: ModifiedCartan/TransitivePermutationSign.lean:18:4: Try this: 
  letI̵

The goal is a proposition, so `let` is preferred over `letI`.
The difference between `let` and `letI` is that `letI` inlines the value.
But this is not relevant for proofs because of proof irrelevance.

Note: This linter can be disabled with `set_option linter.style.haveILetI false`
⚠ [4305/4527] Replayed ModifiedCartan.TransitiveSigmaColorings
warning: ModifiedCartan/TransitiveSigmaColorings.lean:28:2: Try this: 
  letI̵

The goal is a proposition, so `let` is preferred over `letI`.
The difference between `let` and `letI` is that `letI` inlines the value.
But this is not relevant for proofs because of proof irrelevance.

Note: This linter can be disabled with `set_option linter.style.haveILetI false`
⚠ [4307/4527] Replayed ModifiedCartan.SizedPartitionsInSquare
warning: ModifiedCartan/SizedPartitionsInSquare.lean:13:11: Variable name `μ` is not explicitly referenced.

Hint: The binding can be removed (if unused) or named `_` (if used implicitly). Alternatively, prefix the name with `_` to silence this warning:
  [apply] _μ

Note: This linter can be disabled with `set_option linter.unusedVariables false`
warning: ModifiedCartan/SizedPartitionsInSquare.lean:14:12: Variable name `μ` is not explicitly referenced.

Hint: The binding can be removed (if unused) or named `_` (if used implicitly). Alternatively, prefix the name with `_` to silence this warning:
  [apply] _μ

Note: This linter can be disabled with `set_option linter.unusedVariables false`
⚠ [4315/4527] Replayed ModifiedCartan.YoungSpechtGenerator
warning: ModifiedCartan/YoungSpechtGenerator.lean:33:2: Try this: 
  letI̵

The goal is a proposition, so `let` is preferred over `letI`.
The difference between `let` and `letI` is that `letI` inlines the value.
But this is not relevant for proofs because of proof irrelevance.

Note: This linter can be disabled with `set_option linter.style.haveILetI false`
ℹ [4316/4527] Replayed ModifiedCartan.WeightedOrthogonalTriangularity
info: ModifiedCartan/WeightedOrthogonalTriangularity.lean:54:0: 'ModifiedCartan.weighted_triangular_orthogonal_identity' depends on axioms: [propext, Classical.choice, Quot.sound]
⚠ [4317/4527] Replayed ModifiedCartan.YoungHeightCollision
warning: ModifiedCartan/YoungHeightCollision.lean:17:2: `push_neg` has been deprecated. Prefer using `push Not` instead.
If you'd rather continue using `push_neg` in your project, you can implement it as follows:
```
open Lean.Parser.Tactic in
macro "push_neg" cfg:optConfig loc:(location)? : tactic =>
  `(tactic| push $cfg:optConfig Not $[$loc]?)
```
info: ModifiedCartan/YoungHeightCollision.lean:32:0: 'ModifiedCartan.youngFirstColumn_color_collision' depends on axioms: [propext, Classical.choice, Quot.sound]
ℹ [4319/4527] Replayed ModifiedCartan.PolynomialJetMatrixGauge
info: ModifiedCartan/PolynomialJetMatrixGauge.lean:73:0: 'ModifiedCartan.polynomialMatrixGauge_exists_identity_jets' depends on axioms: [propext, Classical.choice, Quot.sound]
ℹ [4324/4534] Replayed ModifiedCartan.AlternatingDualDescent
info: ModifiedCartan/AlternatingDualDescent.lean:84:0: 'ModifiedCartan.alternatingDual_descent' depends on axioms: [propext, Classical.choice, Quot.sound]
ℹ [4325/4534] Replayed ModifiedCartan.MinorDimensionStep
info: ModifiedCartan/MinorDimensionStep.lean:76:0: 'ModifiedCartan.partitionPolynomialMinor_cons_constant' depends on axioms: [propext, Classical.choice, Quot.sound]
⚠ [4326/4534] Replayed ModifiedCartan.TotalTranspositionDeletion
warning: ModifiedCartan/TotalTranspositionDeletion.lean:13:0: automatically included section variable(s) unused in theorem `ModifiedCartan.supportedPermutation_extension_swap`:
  [Fintype A]
consider restructuring your `variable` declarations so that the variables are not in scope or explicitly omit them:
  omit [Fintype A] in theorem ...

Note: This linter can be disabled with `set_option linter.unusedSectionVars false`
⚠ [4327/4534] Replayed ModifiedCartan.TotalTranspositionOperator
warning: ModifiedCartan/TotalTranspositionOperator.lean:24:34: This simp argument is unused:
  Representation.asAlgebraHom_single_one

Hint: Omit it from the simp argument list.
  [apply] simp [h]

Note: This linter can be disabled with `set_option linter.unusedSimpArgs false`
⚠ [4334/4534] Replayed ModifiedCartan.EmbeddingMarkerAssignment
warning: ModifiedCartan/EmbeddingMarkerAssignment.lean:14:35: `dif_pos` has been deprecated: Use `dite_eq_left` instead
warning: ModifiedCartan/EmbeddingMarkerAssignment.lean:23:39: `dif_pos` has been deprecated: Use `dite_eq_left` instead
⚠ [4336/4534] Replayed ModifiedCartan.ComplementMarkerDegrees
warning: ModifiedCartan/ComplementMarkerDegrees.lean:37:24: Used `tac1 <;> tac2` where `(tac1; tac2)` would suffice

Note: This linter can be disabled with `set_option linter.unnecessarySeqFocus false`
⚠ [4340/4534] Replayed ModifiedCartan.InvariantCycleSubsets
warning: ModifiedCartan/InvariantCycleSubsets.lean:39:0: automatically included section variable(s) unused in theorem `ModifiedCartan.permutationCycleUnion_card`:
  [DecidableEq A]
consider restructuring your `variable` declarations so that the variables are not in scope or explicitly omit them:
  omit [DecidableEq A] in theorem ...

Note: This linter can be disabled with `set_option linter.unusedSectionVars false`
⚠ [4343/4534] Replayed ModifiedCartan.FiniteSubtypeSupports
warning: ModifiedCartan/FiniteSubtypeSupports.lean:70:11: Variable name `a` is not explicitly referenced.

Hint: The binding can be removed (if unused) or named `_` (if used implicitly). Alternatively, prefix the name with `_` to silence this warning:
  [apply] _a

Note: This linter can be disabled with `set_option linter.unusedVariables false`
warning: ModifiedCartan/FiniteSubtypeSupports.lean:71:12: Variable name `a` is not explicitly referenced.

Hint: The binding can be removed (if unused) or named `_` (if used implicitly). Alternatively, prefix the name with `_` to silence this warning:
  [apply] _a

Note: This linter can be disabled with `set_option linter.unusedVariables false`
ℹ [4350/4534] Replayed ModifiedCartan.FiniteFinAlphabetShift
info: ModifiedCartan/FiniteFinAlphabetShift.lean:80:0: 'ModifiedCartan.finiteBernstein_mul_vandermonde' depends on axioms: [propext, Classical.choice, Quot.sound]
⚠ [4351/4534] Replayed ModifiedCartan.FrobeniusCoefficientMultiplicity
warning: ModifiedCartan/FrobeniusCoefficientMultiplicity.lean:18:2: Try this: 
  letI̵

The goal is a proposition, so `let` is preferred over `letI`.
The difference between `let` and `letI` is that `letI` inlines the value.
But this is not relevant for proofs because of proof irrelevance.

Note: This linter can be disabled with `set_option linter.style.haveILetI false`
ℹ [4353/4534] Replayed ModifiedCartan.PolynomialTensorFunctional
info: ModifiedCartan/PolynomialTensorFunctional.lean:88:0: 'ModifiedCartan.polynomialTensorFunctional_alternant' depends on axioms: [propext, Classical.choice, Quot.sound]
ℹ [4354/4534] Replayed ModifiedCartan.PolynomialPrimitives
info: ModifiedCartan/PolynomialPrimitives.lean:62:0: 'ModifiedCartan.complexPolynomialPrimitive_derivative' depends on axioms: [propext, Classical.choice, Quot.sound]
ℹ [4357/4535] Replayed ModifiedCartan.AlternatingDualDeterminant
info: ModifiedCartan/AlternatingDualDeterminant.lean:43:0: 'ModifiedCartan.alternatingDual_eq_scalar_det' depends on axioms: [propext, Classical.choice, Quot.sound]
ℹ [4359/4535] Replayed ModifiedCartan.ClosedJointEigenprofiles
info: ModifiedCartan/ClosedJointEigenprofiles.lean:62:0: 'ModifiedCartan.isClosed_commonEigenvector_parameters' depends on axioms: [propext, Classical.choice, Quot.sound]
⚠ [4360/4535] Replayed ModifiedCartan.SubsetRepresentationOperators
warning: ModifiedCartan/SubsetRepresentationOperators.lean:12:0: automatically included section variable(s) unused in theorem `ModifiedCartan.asAlgebraHom_subsetExtension`:
  [Fintype A]
  [DecidableEq A]
consider restructuring your `variable` declarations so that the variables are not in scope or explicitly omit them:
  omit [Fintype A] [DecidableEq A] in theorem ...

Note: This linter can be disabled with `set_option linter.unusedSectionVars false`
⚠ [4361/4535] Replayed ModifiedCartan.KPGaudinReduction
warning: ModifiedCartan/KPGaudinReduction.lean:20:0: automatically included section variable(s) unused in theorem `ModifiedCartan.kpGaudin_weight_cancel`:
  [Fintype A]
  [DecidableEq A]
consider restructuring your `variable` declarations so that the variables are not in scope or explicitly omit them:
  omit [Fintype A] [DecidableEq A] in theorem ...

Note: This linter can be disabled with `set_option linter.unusedSectionVars false`
⚠ [4362/4535] Replayed ModifiedCartan.YoungTranspositionScalar
warning: ModifiedCartan/YoungTranspositionScalar.lean:43:2: Try this: 
  letI̵

The goal is a proposition, so `let` is preferred over `letI`.
The difference between `let` and `letI` is that `letI` inlines the value.
But this is not relevant for proofs because of proof irrelevance.

Note: This linter can be disabled with `set_option linter.style.haveILetI false`
ℹ [4363/4535] Replayed ModifiedCartan.SymmetricPolynomialSpecialization
info: ModifiedCartan/SymmetricPolynomialSpecialization.lean:62:0: 'ModifiedCartan.symmetricPolynomial_exists_specialization' depends on axioms: [propext, Classical.choice, Quot.sound]
ℹ [4378/4535] Replayed ModifiedCartan.FiniteBernsteinCoefficients
info: ModifiedCartan/FiniteBernsteinCoefficients.lean:58:0: 'ModifiedCartan.finiteBernstein_residue_mul_vandermonde' depends on axioms: [propext, Classical.choice, Quot.sound]
⚠ [4379/4535] Replayed ModifiedCartan.YoungFrobeniusCoefficients
warning: ModifiedCartan/YoungFrobeniusCoefficients.lean:31:2: Try this: 
  letI̵

The goal is a proposition, so `let` is preferred over `letI`.
The difference between `let` and `letI` is that `letI` inlines the value.
But this is not relevant for proofs because of proof irrelevance.

Note: This linter can be disabled with `set_option linter.style.haveILetI false`
⚠ [4381/4535] Replayed ModifiedCartan.KPCoefficientGrowthPaths
warning: ModifiedCartan/KPCoefficientGrowthPaths.lean:35:4: Try this: 
  haveI̵

The goal is a proposition, so `have` is preferred over `haveI`.
The difference between `have` and `haveI` is that `haveI` inlines the value.
But this is not relevant for proofs because of proof irrelevance.

Note: This linter can be disabled with `set_option linter.style.haveILetI false`
⚠ [4388/4535] Replayed ModifiedCartan.KPColumnSupportedExpansion
warning: ModifiedCartan/KPColumnSupportedExpansion.lean:41:19: `if_true` has been deprecated: Use `ite_true` instead
warning: ModifiedCartan/KPColumnSupportedExpansion.lean:43:19: `if_false` has been deprecated: Use `ite_false` instead
⚠ [4396/4536] Replayed ModifiedCartan.KPAlphaPositive
warning: ModifiedCartan/KPAlphaPositive.lean:16:4: Try this: 
  letI̵

The goal is a proposition, so `let` is preferred over `letI`.
The difference between `let` and `letI` is that `letI` inlines the value.
But this is not relevant for proofs because of proof irrelevance.

Note: This linter can be disabled with `set_option linter.style.haveILetI false`
ℹ [4401/4536] Replayed ModifiedCartan.FrobeniusHeightVanishing
info: ModifiedCartan/FrobeniusHeightVanishing.lean:34:0: 'ModifiedCartan.finiteFrobeniusPolynomial_eq_zero_of_height' depends on axioms: [propext, Classical.choice, Quot.sound]
⚠ [4402/4536] Replayed ModifiedCartan.GaudinDegenerationScalar
warning: ModifiedCartan/GaudinDegenerationScalar.lean:40:39: `if_neg` has been deprecated: Use `ite_eq_right` instead
⚠ [4404/4536] Replayed ModifiedCartan.IsotypicAnnihilator
warning: ModifiedCartan/IsotypicAnnihilator.lean:36:2: Try this: 
  letI̵

The goal is a proposition, so `let` is preferred over `letI`.
The difference between `let` and `letI` is that `letI` inlines the value.
But this is not relevant for proofs because of proof irrelevance.

Note: This linter can be disabled with `set_option linter.style.haveILetI false`
ℹ [4408/4536] Replayed ModifiedCartan.PolynomialMapDensity
info: ModifiedCartan/PolynomialMapDensity.lean:81:0: 'ModifiedCartan.polynomial_eq_zero_of_zero_on_every_fibre' depends on axioms: [propext, Classical.choice, Quot.sound]
⚠ [4411/4540] Replayed ModifiedCartan.MarkerSquarefreeJacobian
warning: ModifiedCartan/MarkerSquarefreeJacobian.lean:27:10: `if_neg` has been deprecated: Use `ite_eq_right` instead
warning: ModifiedCartan/MarkerSquarefreeJacobian.lean:43:22: This simp argument is unused:
  ← Finset.sum_filter

Hint: Omit it from the simp argument list.
  [apply] simp

Note: Simp arguments with `←` have the additional effect of removing the other direction from the simp set, even if the simp argument itself is unused. If the hint above does not work, try replacing `←` with `-` to only get that effect and silence this warning.

Note: This linter can be disabled with `set_option linter.unusedSimpArgs false`
ℹ [4413/4555] Replayed ModifiedCartan.KPAlphaExpectation
info: ModifiedCartan/KPAlphaExpectation.lean:30:0: 'ModifiedCartan.kpAlpha_expectation_bound' depends on axioms: [propext, Classical.choice, Quot.sound]
⚠ [4415/4555] Replayed ModifiedCartan.SpechtAlgebraFaithful
warning: ModifiedCartan/SpechtAlgebraFaithful.lean:24:2: Try this: 
  letI̵

The goal is a proposition, so `let` is preferred over `letI`.
The difference between `let` and `letI` is that `letI` inlines the value.
But this is not relevant for proofs because of proof irrelevance.

Note: This linter can be disabled with `set_option linter.style.haveILetI false`
ℹ [4418/4566] Replayed ModifiedCartan.KPExpectationExpansion
info: ModifiedCartan/KPExpectationExpansion.lean:44:0: 'ModifiedCartan.kpBeta_expectation_div_product' depends on axioms: [propext, Classical.choice, Quot.sound]
⚠ [4422/4566] Replayed ModifiedCartan.CompositionLaurentWeights
warning: ModifiedCartan/CompositionLaurentWeights.lean:36:4: This simp argument is unused:
  laurentMarkerEquiv_C_C

Hint: Omit it from the simp argument list.
  [apply] simp only [compositionJacobianWeight, map_mul, laurentMarkerEquiv_X, laurentMarkerEquiv_C_T, map_natCast]

Note: This linter can be disabled with `set_option linter.unusedSimpArgs false`
⚠ [4423/4566] Replayed ModifiedCartan.FrobeniusAlternantTriangularity
warning: ModifiedCartan/FrobeniusAlternantTriangularity.lean:22:10: `if_pos` has been deprecated: Use `ite_eq_left` instead
warning: ModifiedCartan/FrobeniusAlternantTriangularity.lean:24:10: `if_neg` has been deprecated: Use `ite_eq_right` instead
info: ModifiedCartan/FrobeniusAlternantTriangularity.lean:51:0: 'ModifiedCartan.finiteVandermondeFrobenius_coeff_zero_of_le_ne' depends on axioms: [propext,
 Classical.choice,
 Quot.sound]
info: ModifiedCartan/FrobeniusAlternantTriangularity.lean:52:0: 'ModifiedCartan.finiteVandermondeFrobenius_diagonal_nat' depends on axioms: [propext, Classical.choice, Quot.sound]
⚠ [4426/4566] Replayed ModifiedCartan.SpechtCornerDirectSum
warning: ModifiedCartan/SpechtCornerDirectSum.lean:22:0: automatically included section variable(s) unused in theorem `ModifiedCartan.spechtCorner_finrank_sum`:
  [DecidableEq A]
consider restructuring your `variable` declarations so that the variables are not in scope or explicitly omit them:
  omit [DecidableEq A] in theorem ...

Note: This linter can be disabled with `set_option linter.unusedSectionVars false`
ℹ [4428/4566] Replayed ModifiedCartan.SymmetricOrbitPolynomial
info: ModifiedCartan/SymmetricOrbitPolynomial.lean:63:0: 'ModifiedCartan.eval₂_eq_zero_of_symmetricOrbitPolynomial' depends on axioms: [propext, Classical.choice, Quot.sound]
ℹ [4429/4566] Replayed ModifiedCartan.JointEigenvectorDeterminants
info: ModifiedCartan/JointEigenvectorDeterminants.lean:67:0: 'ModifiedCartan.commonEigenvector_iff_forall_det_eq_zero' depends on axioms: [propext, Classical.choice, Quot.sound]
ℹ [4430/4566] Replayed ModifiedCartan.SchubertMinorRatios
info: ModifiedCartan/SchubertMinorRatios.lean:40:0: 'ModifiedCartan.normalizedSchubertCoordinate_div_bot' depends on axioms: [propext, Classical.choice, Quot.sound]
⚠ [4433/4567] Replayed ModifiedCartan.NormalizedGeometricLaurent
warning: ModifiedCartan/NormalizedGeometricLaurent.lean:33:54: Used `tac1 <;> tac2` where `(tac1; tac2)` would suffice

Note: This linter can be disabled with `set_option linter.unnecessarySeqFocus false`
warning: ModifiedCartan/NormalizedGeometricLaurent.lean:33:66: Used `tac1 <;> tac2` where `(tac1; tac2)` would suffice

Note: This linter can be disabled with `set_option linter.unnecessarySeqFocus false`
⚠ [4435/4567] Replayed FewInflection.PluckerBounds
warning: FewInflection/PluckerBounds.lean:44:4: try 'simp' instead of 'simpa'

Note: This linter can be disabled with `set_option linter.unnecessarySimpa false`
⚠ [4436/4567] Replayed ModifiedCartan.MeasureLimitTransfer
warning: ModifiedCartan/MeasureLimitTransfer.lean:25:24: `Set.mem_setOf_eq` has been deprecated: Use `Set.mem_ofPred_eq` instead
info: ModifiedCartan/MeasureLimitTransfer.lean:28:65: Try this:
  [apply] abel_nf
warning: ModifiedCartan/MeasureLimitTransfer.lean:28:61: Used `tac1 <;> tac2` where `(tac1; tac2)` would suffice

Note: This linter can be disabled with `set_option linter.unnecessarySeqFocus false`
info: ModifiedCartan/MeasureLimitTransfer.lean:116:0: 'ModifiedCartan.tendstoInMeasure_add' depends on axioms: [propext, Classical.choice, Quot.sound]
info: ModifiedCartan/MeasureLimitTransfer.lean:117:0: 'ModifiedCartan.uniformlyOn_localMeasureConvergence' depends on axioms: [propext, Classical.choice, Quot.sound]
ℹ [4442/4576] Replayed ModifiedCartan.FrobeniusAlternantOrthogonality
info: ModifiedCartan/FrobeniusAlternantOrthogonality.lean:63:0: 'ModifiedCartan.frobeniusAlternantCoefficient_orthogonality' depends on axioms: [propext, Classical.choice, Quot.sound]
info: ModifiedCartan/FrobeniusAlternantOrthogonality.lean:64:0: 'ModifiedCartan.frobeniusAlternantCoefficient_identity_of_size_le' depends on axioms: [propext,
 Classical.choice,
 Quot.sound]
ℹ [4445/4586] Replayed ModifiedCartan.FittingFrobeniusOrthogonality
info: ModifiedCartan/FittingFrobeniusOrthogonality.lean:65:0: 'ModifiedCartan.frobeniusAlternantCoefficient_identity' depends on axioms: [propext, Classical.choice, Quot.sound]
⚠ [4447/4586] Replayed ModifiedCartan.JucysMurphyBasisStep
warning: ModifiedCartan/JucysMurphyBasisStep.lean:34:4: Unused tactic linter: `change
  (spechtRepresentationOn μ h).asAlgebraHom (jucysMurphyElement i)
      (spechtCornerEmbedding μ h a p.1 ((D p.1).basis p.2)) =
    e p i • spechtCornerEmbedding μ h a p.1 ((D p.1).basis p.2)` does nothing

Note: This linter can be disabled with `set_option linter.unusedTactic false`
ℹ [4458/4586] Replayed ModifiedCartan.FiniteFrobeniusSchur
info: ModifiedCartan/FiniteFrobeniusSchur.lean:52:0: 'ModifiedCartan.finiteFrobeniusPolynomial_mul_alternant' depends on axioms: [propext, Classical.choice, Quot.sound]
info: ModifiedCartan/FiniteFrobeniusSchur.lean:53:0: 'ModifiedCartan.finiteFrobeniusPolynomial_schur_determinant' depends on axioms: [propext, Classical.choice, Quot.sound]
ℹ [4459/4586] Replayed ModifiedCartan.PolynomialValueSpan
info: ModifiedCartan/PolynomialValueSpan.lean:47:0: 'ModifiedCartan.polynomialCombination_coeff_mem' depends on axioms: [propext, Classical.choice, Quot.sound]
ℹ [4466/4639] Replayed ModifiedCartan.FrobeniusBernsteinCoefficients
info: ModifiedCartan/FrobeniusBernsteinCoefficients.lean:32:0: 'ModifiedCartan.finiteFrobeniusBernsteinResidue_mul_vandermonde' depends on axioms: [propext,
 Classical.choice,
 Quot.sound]
ℹ [4471/4639] Replayed ModifiedCartan.ColumnMinorDifferentialEquation
info: ModifiedCartan/ColumnMinorDifferentialEquation.lean:55:0: 'ModifiedCartan.polynomial_columnMinor_differential_identity' depends on axioms: [propext, Classical.choice, Quot.sound]
ℹ [4472/4639] Replayed ModifiedCartan.PolynomialODEJetMatrix
info: ModifiedCartan/PolynomialODEJetMatrix.lean:87:0: 'ModifiedCartan.polynomialODEJetMatrix_det' depends on axioms: [propext, Classical.choice, Quot.sound]
ℹ [4473/4639] Replayed ModifiedCartan.PolynomialCoefficientMinors
info: ModifiedCartan/PolynomialCoefficientMinors.lean:91:0: 'ModifiedCartan.partitionCoefficientMinor_map' depends on axioms: [propext, Classical.choice, Quot.sound]
info: ModifiedCartan/PolynomialCoefficientMinors.lean:92:0: 'ModifiedCartan.partitionCoefficientMinor_smul' depends on axioms: [propext, Classical.choice, Quot.sound]
info: ModifiedCartan/PolynomialCoefficientMinors.lean:93:0: 'ModifiedCartan.partitionCoefficientMinor_eq_eval' depends on axioms: [propext, Classical.choice, Quot.sound]
ℹ [4474/4639] Replayed ModifiedCartan.ReplacedMinorOrders
info: ModifiedCartan/ReplacedMinorOrders.lean:88:0: 'ModifiedCartan.sortedReplacementOrders_partitionSize' depends on axioms: [propext, Classical.choice, Quot.sound]
ℹ [4475/4639] Replayed ModifiedCartan.PolynomialInitialBasisExistence
info: ModifiedCartan/PolynomialInitialBasisExistence.lean:63:0: 'ModifiedCartan.polynomialBasis_exists_identity_jets' depends on axioms: [propext, Classical.choice, Quot.sound]
⚠ [4481/4639] Replayed ModifiedCartan.BlockSuccessorClassification
warning: ModifiedCartan/BlockSuccessorClassification.lean:81:11: Variable name `σ` is not explicitly referenced.

Hint: The binding can be removed (if unused) or named `_` (if used implicitly). Alternatively, prefix the name with `_` to silence this warning:
  [apply] _σ

Note: This linter can be disabled with `set_option linter.unusedVariables false`
⚠ [4486/4639] Replayed ModifiedCartan.PairSubsetSum
warning: ModifiedCartan/PairSubsetSum.lean:17:35: This simp argument is unused:
  hji

Hint: Omit it from the simp argument list.
  [apply] simp [Finset.mem_powersetCard, Ne.symm hji]

Note: This linter can be disabled with `set_option linter.unusedSimpArgs false`
⚠ [4488/4639] Replayed ModifiedCartan.SpechtIrreducibleExhaustion
warning: ModifiedCartan/SpechtIrreducibleExhaustion.lean:19:43: `if_neg` has been deprecated: Use `ite_eq_right` instead
⚠ [4489/4639] Replayed ModifiedCartan.SpechtCharacterProjection
warning: ModifiedCartan/SpechtCharacterProjection.lean:19:2: Try this: 
  letI̵

The goal is a proposition, so `let` is preferred over `letI`.
The difference between `let` and `letI` is that `letI` inlines the value.
But this is not relevant for proofs because of proof irrelevance.

Note: This linter can be disabled with `set_option linter.style.haveILetI false`
warning: ModifiedCartan/SpechtCharacterProjection.lean:32:2: Try this: 
  letI̵

The goal is a proposition, so `let` is preferred over `letI`.
The difference between `let` and `letI` is that `letI` inlines the value.
But this is not relevant for proofs because of proof irrelevance.

Note: This linter can be disabled with `set_option linter.style.haveILetI false`
ℹ [4499/4674] Replayed ModifiedCartan.PolynomialInitialBasisCoordinates
info: ModifiedCartan/PolynomialInitialBasisCoordinates.lean:54:0: 'ModifiedCartan.polynomialBasis_existsUnique_identity_jets' depends on axioms: [propext, Classical.choice, Quot.sound]
⚠ [4521/4678] Replayed ModifiedCartan.SubharmonicLocalIntegrability
warning: ModifiedCartan/SubharmonicLocalIntegrability.lean:56:2: Try this: 
  letI̵

The goal is a proposition, so `let` is preferred over `letI`.
The difference between `let` and `letI` is that `letI` inlines the value.
But this is not relevant for proofs because of proof irrelevance.

Note: This linter can be disabled with `set_option linter.style.haveILetI false`
⚠ [4529/4678] Replayed FewInflection.Nevanlinna
warning: FewInflection/Nevanlinna.lean:104:44: Used `tac1 <;> tac2` where `(tac1; tac2)` would suffice

Note: This linter can be disabled with `set_option linter.unnecessarySeqFocus false`
warning: FewInflection/Nevanlinna.lean:147:4: Unused tactic linter: `change meromorphicOrderAt (f.coord j)⁻¹ u ≠ (⊤ : WithTop ℤ)` does nothing

Note: This linter can be disabled with `set_option linter.unusedTactic false`
warning: FewInflection/Nevanlinna.lean:213:44: Used `tac1 <;> tac2` where `(tac1; tac2)` would suffice

Note: This linter can be disabled with `set_option linter.unnecessarySeqFocus false`
warning: FewInflection/Nevanlinna.lean:223:63: Used `tac1 <;> tac2` where `(tac1; tac2)` would suffice

Note: This linter can be disabled with `set_option linter.unnecessarySeqFocus false`
ℹ [4539/4687] Replayed ModifiedCartan.PolynomialODEAdjugate
info: ModifiedCartan/PolynomialODEAdjugate.lean:81:0: 'ModifiedCartan.polynomialODEJetMatrix_ofFn_adjugate_solution' depends on axioms: [propext,
 Classical.choice,
 Quot.sound]
⚠ [4554/4688] Replayed ModifiedCartan.SchubertDegreeInitialCoefficients
warning: ModifiedCartan/SchubertDegreeInitialCoefficients.lean:40:11: `if_pos` has been deprecated: Use `ite_eq_left` instead
warning: ModifiedCartan/SchubertDegreeInitialCoefficients.lean:40:26: `if_pos` has been deprecated: Use `ite_eq_left` instead
warning: ModifiedCartan/SchubertDegreeInitialCoefficients.lean:42:10: `if_pos` has been deprecated: Use `ite_eq_left` instead
warning: ModifiedCartan/SchubertDegreeInitialCoefficients.lean:43:8: `if_neg` has been deprecated: Use `ite_eq_right` instead
warning: ModifiedCartan/SchubertDegreeInitialCoefficients.lean:45:10: `if_pos` has been deprecated: Use `ite_eq_left` instead
warning: ModifiedCartan/SchubertDegreeInitialCoefficients.lean:52:14: `if_neg` has been deprecated: Use `ite_eq_right` instead
warning: ModifiedCartan/SchubertDegreeInitialCoefficients.lean:53:10: `if_neg` has been deprecated: Use `ite_eq_right` instead
info: ModifiedCartan/SchubertDegreeInitialCoefficients.lean:77:0: 'ModifiedCartan.PolynomialSchubertFrame.natDegree_le' depends on axioms: [propext, Classical.choice, Quot.sound]
info: ModifiedCartan/SchubertDegreeInitialCoefficients.lean:78:0: 'ModifiedCartan.polynomialODE_identityJets_adjugate_solution' depends on axioms: [propext, Classical.choice, Quot.sound]
ℹ [4555/4688] Replayed ModifiedCartan.PolynomialODEAdjugateMap
info: ModifiedCartan/PolynomialODEAdjugateMap.lean:60:0: 'ModifiedCartan.polynomialODEAdjugatePolynomial_map' depends on axioms: [propext, Classical.choice, Quot.sound]
⚠ [4558/4689] Replayed ModifiedCartan.RightZFactorPolynomial
warning: ModifiedCartan/RightZFactorPolynomial.lean:35:20: Used `tac1 <;> tac2` where `(tac1; tac2)` would suffice

Note: This linter can be disabled with `set_option linter.unnecessarySeqFocus false`
⚠ [4563/4691] Replayed ModifiedCartan.RightZFactorLaurentSeries
warning: ModifiedCartan/RightZFactorLaurentSeries.lean:13:2: Try this: 
  letI̵

The goal is a proposition, so `let` is preferred over `letI`.
The difference between `let` and `letI` is that `letI` inlines the value.
But this is not relevant for proofs because of proof irrelevance.

Note: This linter can be disabled with `set_option linter.style.haveILetI false`
⚠ [4565/4691] Replayed FewInflection.GaugeTranscendental
warning: FewInflection/GaugeTranscendental.lean:28:31: `Polynomial.eval_finset_sum` has been deprecated: Use `Polynomial.eval_finsetSum` instead
⚠ [4566/4691] Replayed ModifiedCartan.KPJointEigenspace
warning: ModifiedCartan/KPJointEigenspace.lean:26:2: Try this: 
  letI̵

The goal is a proposition, so `let` is preferred over `letI`.
The difference between `let` and `letI` is that `letI` inlines the value.
But this is not relevant for proofs because of proof irrelevance.

Note: This linter can be disabled with `set_option linter.style.haveILetI false`
⚠ [4567/4691] Replayed ModifiedCartan.KPGeneratedCommutative
warning: ModifiedCartan/KPGeneratedCommutative.lean:17:2: Try this: 
  letI̵

The goal is a proposition, so `let` is preferred over `letI`.
The difference between `let` and `letI` is that `letI` inlines the value.
But this is not relevant for proofs because of proof irrelevance.

Note: This linter can be disabled with `set_option linter.style.haveILetI false`
ℹ [4568/4691] Replayed ModifiedCartan.KPPolynomialParameters
info: ModifiedCartan/KPPolynomialParameters.lean:83:0: 'ModifiedCartan.kpParameterEvaluation_ext_pos_real' depends on axioms: [propext, Classical.choice, Quot.sound]
⚠ [4571/4692] Replayed FewInflection.ScalarGauge
warning: FewInflection/ScalarGauge.lean:120:43: This simp argument is unused:
  mul_comm

Hint: Omit it from the simp argument list.
  [apply] simp [smul_eq_mul, Finset.mul_sum, mul_left_comm, mul_assoc]

Note: This linter can be disabled with `set_option linter.unusedSimpArgs false`
warning: FewInflection/ScalarGauge.lean:120:68: This simp argument is unused:
  mul_assoc

Hint: Omit it from the simp argument list.
  [apply] simp [smul_eq_mul, Finset.mul_sum, mul_comm, mul_left_comm]

Note: This linter can be disabled with `set_option linter.unusedSimpArgs false`
warning: FewInflection/ScalarGauge.lean:139:43: This simp argument is unused:
  mul_comm

Hint: Omit it from the simp argument list.
  [apply] simp [smul_eq_mul, Finset.mul_sum, mul_left_comm, mul_assoc]

Note: This linter can be disabled with `set_option linter.unusedSimpArgs false`
warning: FewInflection/ScalarGauge.lean:139:68: This simp argument is unused:
  mul_assoc

Hint: Omit it from the simp argument list.
  [apply] simp [smul_eq_mul, Finset.mul_sum, mul_comm, mul_left_comm]

Note: This linter can be disabled with `set_option linter.unusedSimpArgs false`
ℹ [4576/4693] Replayed ModifiedCartan.BetheAlgebra
info: ModifiedCartan/BetheAlgebra.lean:101:0: 'ModifiedCartan.betheAlgebra_eq_adjoin_coefficients' depends on axioms: [propext, Classical.choice, Quot.sound]
info: ModifiedCartan/BetheAlgebra.lean:102:0: 'ModifiedCartan.betheAlgebra_le_kpGeneratedAlgebra' depends on axioms: [propext, Classical.choice, Quot.sound]
⚠ [4584/4694] Replayed ModifiedCartan.SupportedPowerSumQuadratic
warning: ModifiedCartan/SupportedPowerSumQuadratic.lean:44:12: `MonoidAlgebra.coeff_single_apply` has been deprecated: Use `Finsupp.single_apply` instead

Note: The updated constant has a different type:
  ∀ {α : Type u_1} {M : Type u_5} [inst : Zero M] {a a' : α} {b : M} [inst_1 : Decidable (a = a')],
    (Finsupp.single a b) a' = if a = a' then b else 0
instead of
  ∀ {R : Type u_1} {M : Type u_4} [inst : Semiring R] {a a' : M} {b : R} [inst_1 : Decidable (a = a')],
    (MonoidAlgebra.single a b).coeff a' = if a = a' then b else 0

Note: The updated constant is in a different namespace. Dot notation may need to be changed (e.g., from `x.coeff_single_apply` to `Finsupp.single_apply x`).
warning: ModifiedCartan/SupportedPowerSumQuadratic.lean:44:46: `if_pos` has been deprecated: Use `ite_eq_left` instead
warning: ModifiedCartan/SupportedPowerSumQuadratic.lean:48:14: `if_pos` has been deprecated: Use `ite_eq_left` instead
warning: ModifiedCartan/SupportedPowerSumQuadratic.lean:48:25: `dif_pos` has been deprecated: Use `dite_eq_left` instead
warning: ModifiedCartan/SupportedPowerSumQuadratic.lean:50:14: `if_neg` has been deprecated: Use `ite_eq_right` instead
warning: ModifiedCartan/SupportedPowerSumQuadratic.lean:50:25: `dif_neg` has been deprecated: Use `dite_eq_right` instead
warning: ModifiedCartan/SupportedPowerSumQuadratic.lean:53:12: `MonoidAlgebra.coeff_single_apply` has been deprecated: Use `Finsupp.single_apply` instead

Note: The updated constant has a different type:
  ∀ {α : Type u_1} {M : Type u_5} [inst : Zero M] {a a' : α} {b : M} [inst_1 : Decidable (a = a')],
    (Finsupp.single a b) a' = if a = a' then b else 0
instead of
  ∀ {R : Type u_1} {M : Type u_4} [inst : Semiring R] {a a' : M} {b : R} [inst_1 : Decidable (a = a')],
    (MonoidAlgebra.single a b).coeff a' = if a = a' then b else 0

Note: The updated constant is in a different namespace. Dot notation may need to be changed (e.g., from `x.coeff_single_apply` to `Finsupp.single_apply x`).
warning: ModifiedCartan/SupportedPowerSumQuadratic.lean:53:46: `if_neg` has been deprecated: Use `ite_eq_right` instead
warning: ModifiedCartan/SupportedPowerSumQuadratic.lean:53:82: `dif_neg` has been deprecated: Use `dite_eq_right` instead
ℹ [4587/4694] Replayed ModifiedCartan.KPParameterBetheAlgebra
info: ModifiedCartan/KPParameterBetheAlgebra.lean:91:0: 'ModifiedCartan.kpParameterBetheAlgebra_isMulCommutative' depends on axioms: [propext, Classical.choice, Quot.sound]
ℹ [4591/4694] Replayed ModifiedCartan.KPJointProfileClosed
info: ModifiedCartan/KPJointProfileClosed.lean:81:0: 'ModifiedCartan.isClosed_kpJointProfiles' depends on axioms: [propext, Classical.choice, Quot.sound]
info: ModifiedCartan/KPJointProfileClosed.lean:82:0: 'ModifiedCartan.kpJointEigenspace_ne_bot_of_tendsto' depends on axioms: [propext, Classical.choice, Quot.sound]
ℹ [4592/4694] Replayed ModifiedCartan.KPRealJointActionExt
info: ModifiedCartan/KPRealJointActionExt.lean:47:0: 'ModifiedCartan.kpRealJointAction_ext' depends on axioms: [propext, Classical.choice, Quot.sound]
ℹ [4593/4694] Replayed ModifiedCartan.CommonEigenspaceAlgebra
info: ModifiedCartan/CommonEigenspaceAlgebra.lean:57:0: 'ModifiedCartan.kp_isCommonEigenspace_iff' depends on axioms: [propext, Classical.choice, Quot.sound]
⚠ [4594/4694] Replayed ModifiedCartan.KPJointWronskian
warning: ModifiedCartan/KPJointWronskian.lean:57:4: Try this: 
  letI̵

The goal is a proposition, so `let` is preferred over `letI`.
The difference between `let` and `letI` is that `letI` inlines the value.
But this is not relevant for proofs because of proof irrelevance.

Note: This linter can be disabled with `set_option linter.style.haveILetI false`
⚠ [4598/4694] Replayed ModifiedCartan.AmbientFactorizationLaurentSeries
warning: ModifiedCartan/AmbientFactorizationLaurentSeries.lean:47:2: Try this: 
  letI̵

The goal is a proposition, so `let` is preferred over `letI`.
The difference between `let` and `letI` is that `letI` inlines the value.
But this is not relevant for proofs because of proof irrelevance.

Note: This linter can be disabled with `set_option linter.style.haveILetI false`
warning: ModifiedCartan/AmbientFactorizationLaurentSeries.lean:54:2: Try this: 
  letI̵

The goal is a proposition, so `let` is preferred over `letI`.
The difference between `let` and `letI` is that `letI` inlines the value.
But this is not relevant for proofs because of proof irrelevance.

Note: This linter can be disabled with `set_option linter.style.haveILetI false`
ℹ [4599/4694] Replayed ModifiedCartan.HolomorphicCompactness
info: ModifiedCartan/HolomorphicCompactness.lean:162:0: 'ModifiedCartan.exists_uniformly_convergent_subsequence_of_lipschitzOn' depends on axioms: [propext,
 Classical.choice,
 Quot.sound]
info: ModifiedCartan/HolomorphicCompactness.lean:163:0: 'ModifiedCartan.holomorphic_deriv_bound_on_inner_disk' depends on axioms: [propext, Classical.choice, Quot.sound]
info: ModifiedCartan/HolomorphicCompactness.lean:164:0: 'ModifiedCartan.exists_holomorphic_uniform_limit_on_inner_disk' depends on axioms: [propext,
 Classical.choice,
 Quot.sound]
info: ModifiedCartan/HolomorphicCompactness.lean:165:0: 'ModifiedCartan.exists_simultaneous_holomorphic_uniform_limits' depends on axioms: [propext,
 Classical.choice,
 Quot.sound]
ℹ [4604/4697] Replayed ModifiedCartan.KPJointLinearValue
info: ModifiedCartan/KPJointLinearValue.lean:28:0: 'ModifiedCartan.exists_kpJointLinearValue' depends on axioms: [propext, Classical.choice, Quot.sound]
ℹ [4605/4697] Replayed ModifiedCartan.KPParameterPermutation
info: ModifiedCartan/KPParameterPermutation.lean:78:0: 'ModifiedCartan.kpJointEigenspace_permute_ne_bot_iff' depends on axioms: [propext, Classical.choice, Quot.sound]
ℹ [4606/4697] Replayed ModifiedCartan.KPPolynomialCoefficientAction
info: ModifiedCartan/KPPolynomialCoefficientAction.lean:66:0: 'ModifiedCartan.kpBetaPowerCoefficient_action' depends on axioms: [propext, Classical.choice, Quot.sound]
ℹ [4607/4698] Replayed ModifiedCartan.KPJointValueNormalization
info: ModifiedCartan/KPJointValueNormalization.lean:48:0: 'ModifiedCartan.kpJointValuePolynomial_top' depends on axioms: [propext, Classical.choice, Quot.sound]
⚠ [4611/4698] Replayed ModifiedCartan.SupportedQuadraticMarkerCoefficients
warning: ModifiedCartan/SupportedQuadraticMarkerCoefficients.lean:21:38: This simp argument is unused:
  Finsupp.single_apply

Hint: Omit it from the simp argument list.
  [apply] simp [MonoidAlgebra.coeff_single, hm, hd]

Note: This linter can be disabled with `set_option linter.unusedSimpArgs false`
⚠ [4614/4699] Replayed FewInflection.PolynomialSpaces
warning: FewInflection/PolynomialSpaces.lean:57:48: This simp argument is unused:
  smul_eq_mul

Hint: Omit it from the simp argument list.
  [apply] simp only [Pi.zero_apply, Finset.sum_apply]

Note: This linter can be disabled with `set_option linter.unusedSimpArgs false`
⚠ [4619/4700] Replayed ModifiedCartan.SupportedPowerSumEvaluation
warning: ModifiedCartan/SupportedPowerSumEvaluation.lean:23:26: This simp argument is unused:
  zero_mul

Hint: Omit it from the simp argument list.
  [apply] simp only [MonoidAlgebra.coeff_single, Finsupp.single_apply, hg, ite_true, ite_false, map_zero, mul_zero,
    evaluateSupportedMarkers_monomial, finiteCyclePolynomial, map_mul]

Note: This linter can be disabled with `set_option linter.unusedSimpArgs false`
warning: ModifiedCartan/SupportedPowerSumEvaluation.lean:24:15: Used `tac1 <;> tac2` where `(tac1; tac2)` would suffice

Note: This linter can be disabled with `set_option linter.unnecessarySeqFocus false`
⚠ [4626/4701] Replayed FewInflection.Dilation
info: FewInflection/Dilation.lean:118:2: Try this:
  [apply] ring_nf
  
  The `ring` tactic failed to close the goal. Use `ring_nf` to obtain a normal form.
    
  Note that `ring` works primarily in *commutative* rings. If you have a noncommutative ring, abelian group or module, consider using `noncomm_ring`, `abel` or `module` instead.
warning: FewInflection/Dilation.lean:155:37: Variable name `ht` is not explicitly referenced.

Hint: The binding can be removed (if unused) or named `_` (if used implicitly). Alternatively, prefix the name with `_` to silence this warning:
  [apply] _ht

Note: This linter can be disabled with `set_option linter.unusedVariables false`
ℹ [4631/4703] Replayed FewInflection.AffineDilation
info: FewInflection/AffineDilation.lean:116:6: Try this:
  [apply] ring_nf
  
  The `ring` tactic failed to close the goal. Use `ring_nf` to obtain a normal form.
    
  Note that `ring` works primarily in *commutative* rings. If you have a noncommutative ring, abelian group or module, consider using `noncomm_ring`, `abel` or `module` instead.
info: FewInflection/AffineDilation.lean:126:2: Try this:
  [apply] ring_nf
  
  The `ring` tactic failed to close the goal. Use `ring_nf` to obtain a normal form.
    
  Note that `ring` works primarily in *commutative* rings. If you have a noncommutative ring, abelian group or module, consider using `noncomm_ring`, `abel` or `module` instead.
info: FewInflection/AffineDilation.lean:172:6: Try this:
  [apply] ring_nf
  
  The `ring` tactic failed to close the goal. Use `ring_nf` to obtain a normal form.
    
  Note that `ring` works primarily in *commutative* rings. If you have a noncommutative ring, abelian group or module, consider using `noncomm_ring`, `abel` or `module` instead.
⚠ [4633/4705] Replayed ModifiedCartan.KPColumnLaurentExpansion
warning: ModifiedCartan/KPColumnLaurentExpansion.lean:20:20: This simp argument is unused:
  Finset.sum_mul

Hint: Omit it from the simp argument list.
  [apply] simp only [supportedColumnLaurentSeries, kpBeta_column_supported, MonoidAlgebra.coeff_sum,
    Finsupp.finsetSum_apply, map_sum, Finset.mul_sum]

Note: This linter can be disabled with `set_option linter.unusedSimpArgs false`
warning: ModifiedCartan/KPColumnLaurentExpansion.lean:30:40: This simp argument is unused:
  Finsupp.single_apply

Hint: Omit it from the simp argument list.
  [apply] simp [MonoidAlgebra.coeff_single, hg]

Note: This linter can be disabled with `set_option linter.unusedSimpArgs false`
info: ModifiedCartan/KPColumnLaurentExpansion.lean:40:0: 'ModifiedCartan.evaluatedColumnLaurentSeries_eq_sum' depends on axioms: [propext, Classical.choice, Quot.sound]
ℹ [4637/4707] Replayed ModifiedCartan.KPQuadraticFrobeniusExpansion
info: ModifiedCartan/KPQuadraticFrobeniusExpansion.lean:52:0: 'ModifiedCartan.evaluatedSupportedProduct_frobenius' depends on axioms: [propext, Classical.choice, Quot.sound]
ℹ [4638/4707] Replayed ModifiedCartan.KPFrobeniusBernsteinResidue
info: ModifiedCartan/KPFrobeniusBernsteinResidue.lean:36:0: 'ModifiedCartan.kpFrobeniusBernstein_residue' depends on axioms: [propext, Classical.choice, Quot.sound]
ℹ [4640/4708] Replayed ModifiedCartan.KPJointBernsteinResidue
info: ModifiedCartan/KPJointBernsteinResidue.lean:62:0: 'ModifiedCartan.kpJointFrobeniusBernstein_residue' depends on axioms: [propext, Classical.choice, Quot.sound]
⚠ [4645/4710] Replayed FewInflection.PolynomialRootMinors
warning: FewInflection/PolynomialRootMinors.lean:78:4: try 'simp' instead of 'simpa'

Note: This linter can be disabled with `set_option linter.unnecessarySimpa false`
warning: FewInflection/PolynomialRootMinors.lean:73:37: This simp argument is unused:
  add_comm

Hint: Omit it from the simp argument list.
  [apply] simp [sub_eq_add_neg, add_assoc, add_left_comm]

Note: This linter can be disabled with `set_option linter.unusedSimpArgs false`
warning: FewInflection/PolynomialRootMinors.lean:73:47: This simp argument is unused:
  add_left_comm

Hint: Omit it from the simp argument list.
  [apply] simp [sub_eq_add_neg, add_assoc, add_comm]

Note: This linter can be disabled with `set_option linter.unusedSimpArgs false`
ℹ [4646/4712] Replayed ModifiedCartan.KPJointAlternantContraction
info: ModifiedCartan/KPJointAlternantContraction.lean:49:0: 'ModifiedCartan.kpJointAlternant_contraction' depends on axioms: [propext, Classical.choice, Quot.sound]
⚠ [4647/4712] Replayed FewInflection.MeasureConvergence
warning: FewInflection/MeasureConvergence.lean:32:17: `Set.mem_setOf_eq` has been deprecated: Use `Set.mem_ofPred_eq` instead
warning: FewInflection/MeasureConvergence.lean:53:17: `Set.mem_setOf_eq` has been deprecated: Use `Set.mem_ofPred_eq` instead
warning: FewInflection/MeasureConvergence.lean:249:10: `ofReal_norm_eq_enorm` has been deprecated: Use `ofReal_norm` instead
ℹ [4649/4712] Replayed ModifiedCartan.PartitionAlternatingPolynomial
info: ModifiedCartan/PartitionAlternatingPolynomial.lean:87:0: 'ModifiedCartan.kpJointAlternatingPolynomial_ne_zero' depends on axioms: [propext, Classical.choice, Quot.sound]
info: ModifiedCartan/PartitionAlternatingPolynomial.lean:88:0: 'ModifiedCartan.kpJointAlternatingPolynomial_first_contraction' depends on axioms: [propext,
 Classical.choice,
 Quot.sound]
ℹ [4652/4716] Replayed ModifiedCartan.KPJointDividedContraction
info: ModifiedCartan/KPJointDividedContraction.lean:41:0: 'ModifiedCartan.kpJointDividedPolynomial_first_contraction' depends on axioms: [propext, Classical.choice, Quot.sound]
ℹ [4653/4716] Replayed ModifiedCartan.MvPolynomialTranslationJets
info: ModifiedCartan/MvPolynomialTranslationJets.lean:84:0: 'ModifiedCartan.finSuccEquiv_translate_factorial_coeff' depends on axioms: [propext, Classical.choice, Quot.sound]
ℹ [4655/4717] Replayed ModifiedCartan.KPDividedPolynomialTranslation
info: ModifiedCartan/KPDividedPolynomialTranslation.lean:92:0: 'ModifiedCartan.finitePartitionDividedPolynomial_translation' depends on axioms: [propext, Classical.choice, Quot.sound]
ℹ [4658/4719] Replayed ModifiedCartan.PolynomialAlternantMinors
info: ModifiedCartan/PolynomialAlternantMinors.lean:51:0: 'ModifiedCartan.finitePartitionDividedPolynomial_representation_minor' depends on axioms: [propext,
 Classical.choice,
 Quot.sound]
ℹ [4659/4719] Replayed ModifiedCartan.KPJointShiftedContraction
info: ModifiedCartan/KPJointShiftedContraction.lean:55:0: 'ModifiedCartan.kpJointDividedPolynomial_translated_contraction' depends on axioms: [propext,
 Classical.choice,
 Quot.sound]
ℹ [4661/4720] Replayed ModifiedCartan.TranslatedDifferentialKernel
info: ModifiedCartan/TranslatedDifferentialKernel.lean:63:0: 'ModifiedCartan.kpJointDividedPolynomial_differential_eq_zero' depends on axioms: [propext,
 Classical.choice,
 Quot.sound]
ℹ [4664/4721] Replayed ModifiedCartan.PolynomialJetSupport
info: ModifiedCartan/PolynomialJetSupport.lean:62:0: 'ModifiedCartan.polynomialJetDet_zero_of_order_sum_gt' depends on axioms: [propext, Classical.choice, Quot.sound]
ℹ [4665/4721] Replayed ModifiedCartan.PolynomialLinearCoefficients
info: ModifiedCartan/PolynomialLinearCoefficients.lean:61:0: 'ModifiedCartan.polynomialFirstDifferential_linearCoefficientMap' depends on axioms: [propext,
 Classical.choice,
 Quot.sound]
⚠ [4667/4721] Replayed FewInflection.Nevanlinna.PoissonKernelBounds
warning: FewInflection/Nevanlinna/PoissonKernelBounds.lean:268:12: This simp argument is unused:
  norm_div

Hint: Omit it from the simp argument list.
  [apply] simp [norm_mul, Complex.norm_natCast, div_eq_mul_inv, mul_assoc]

Note: This linter can be disabled with `set_option linter.unusedSimpArgs false`
warning: FewInflection/Nevanlinna/PoissonKernelBounds.lean:268:22: This simp argument is unused:
  norm_mul

Hint: Omit it from the simp argument list.
  [apply] simp [norm_div, Complex.norm_natCast, div_eq_mul_inv, mul_assoc]

Note: This linter can be disabled with `set_option linter.unusedSimpArgs false`
warning: FewInflection/Nevanlinna/PoissonKernelBounds.lean:268:32: This simp argument is unused:
  Complex.norm_natCast

Hint: Omit it from the simp argument list.
  [apply] simp [norm_div, norm_mul, div_eq_mul_inv, mul_assoc]

Note: This linter can be disabled with `set_option linter.unusedSimpArgs false`
warning: FewInflection/Nevanlinna/PoissonKernelBounds.lean:322:22: This simp argument is unused:
  norm_mul

Hint: Omit it from the simp argument list.
  [apply] simp [Complex.norm_intCast, Real.norm_eq_abs]

Note: This linter can be disabled with `set_option linter.unusedSimpArgs false`
warning: FewInflection/Nevanlinna/PoissonKernelBounds.lean:322:54: This simp argument is unused:
  Real.norm_eq_abs

Hint: Omit it from the simp argument list.
  [apply] simp [norm_mul, Complex.norm_intCast]

Note: This linter can be disabled with `set_option linter.unusedSimpArgs false`
warning: FewInflection/Nevanlinna/PoissonKernelBounds.lean:364:18: This simp argument is unused:
  norm_mul

Hint: Omit it from the simp argument list.
  [apply] simp [norm_div, norm_pow, Complex.norm_natCast, div_eq_mul_inv, mul_assoc, mul_left_comm, mul_comm]

Note: This linter can be disabled with `set_option linter.unusedSimpArgs false`
warning: FewInflection/Nevanlinna/PoissonKernelBounds.lean:364:28: This simp argument is unused:
  norm_div

Hint: Omit it from the simp argument list.
  [apply] simp [norm_mul, norm_pow, Complex.norm_natCast, div_eq_mul_inv, mul_assoc, mul_left_comm, mul_comm]

Note: This linter can be disabled with `set_option linter.unusedSimpArgs false`
warning: FewInflection/Nevanlinna/PoissonKernelBounds.lean:364:48: This simp argument is unused:
  Complex.norm_natCast

Hint: Omit it from the simp argument list.
  [apply] simp [norm_mul, norm_div, norm_pow, div_eq_mul_inv, mul_assoc, mul_left_comm, mul_comm]

Note: This linter can be disabled with `set_option linter.unusedSimpArgs false`
⚠ [4668/4723] Replayed ModifiedCartan.PolynomialJetDegreeProfile
warning: ModifiedCartan/PolynomialJetDegreeProfile.lean:69:12: `if_pos` has been deprecated: Use `ite_eq_left` instead
info: ModifiedCartan/PolynomialJetDegreeProfile.lean:75:0: 'ModifiedCartan.polynomial_natDegree_eq_of_identity_jets_support' depends on axioms: [propext,
 Classical.choice,
 Quot.sound]
ℹ [4669/4723] Replayed ModifiedCartan.SchubertFrameReconstruction
info: ModifiedCartan/SchubertFrameReconstruction.lean:60:0: 'ModifiedCartan.polynomialSchubertFrame_exists_of_minor_support' depends on axioms: [propext,
 Classical.choice,
 Quot.sound]
ℹ [4670/4723] Replayed ModifiedCartan.PolynomialCoefficientSpace
info: ModifiedCartan/PolynomialCoefficientSpace.lean:80:0: 'ModifiedCartan.polynomialCoefficientSpace_finrank_le' depends on axioms: [propext, Classical.choice, Quot.sound]
ℹ [4672/4723] Replayed ModifiedCartan.PolynomialTensorContraction
info: ModifiedCartan/PolynomialTensorContraction.lean:90:0: 'ModifiedCartan.polynomialTensorFunctional_first' depends on axioms: [propext, Classical.choice, Quot.sound]
ℹ [4674/4726] Replayed ModifiedCartan.SchubertChartPolynomials
info: ModifiedCartan/SchubertChartPolynomials.lean:112:0: 'ModifiedCartan.schubertChartSpace_mem' depends on axioms: [propext, Classical.choice, Quot.sound]
ℹ [4675/4726] Replayed ModifiedCartan.KPJointCoefficientSpace
info: ModifiedCartan/KPJointCoefficientSpace.lean:77:0: 'ModifiedCartan.kpJointCoefficientSpace_finrank_le' depends on axioms: [propext, Classical.choice, Quot.sound]
info: ModifiedCartan/KPJointCoefficientSpace.lean:78:0: 'ModifiedCartan.kpJointCoefficientSpace_ne_bot' depends on axioms: [propext, Classical.choice, Quot.sound]
ℹ [4676/4726] Replayed ModifiedCartan.SchubertDimensionStep
info: ModifiedCartan/SchubertDimensionStep.lean:89:0: 'ModifiedCartan.polynomialSchubertFrame_raise_dimension' depends on axioms: [propext, Classical.choice, Quot.sound]
info: ModifiedCartan/SchubertDimensionStep.lean:90:0: 'ModifiedCartan.polynomialSchubertFrame_lower_dimension' depends on axioms: [propext, Classical.choice, Quot.sound]
ℹ [4678/4726] Replayed ModifiedCartan.PartitionAlternatingDualForm
info: ModifiedCartan/PartitionAlternatingDualForm.lean:84:0: 'ModifiedCartan.finitePartitionAlternatingDualForm_annihilator' depends on axioms: [propext,
 Classical.choice,
 Quot.sound]
ℹ [4679/4726] Replayed ModifiedCartan.KPParameterDifferentialCoefficients
info: ModifiedCartan/KPParameterDifferentialCoefficients.lean:91:0: 'ModifiedCartan.kpParameterColumnPolynomial_zero' depends on axioms: [propext, Classical.choice, Quot.sound]
info: ModifiedCartan/KPParameterDifferentialCoefficients.lean:92:0: 'ModifiedCartan.kpParameterDifferentialCoefficients_leading' depends on axioms: [propext, Classical.choice, Quot.sound]
ℹ [4680/4726] Replayed ModifiedCartan.SchubertColumnDifferentialEquation
info: ModifiedCartan/SchubertColumnDifferentialEquation.lean:68:0: 'ModifiedCartan.schubert_columnValues_differential_identity' depends on axioms: [propext, Classical.choice, Quot.sound]
ℹ [4681/4727] Replayed ModifiedCartan.SchubertCoordinatePolynomials
info: ModifiedCartan/SchubertCoordinatePolynomials.lean:120:0: 'ModifiedCartan.normalizedSchubertCoordinate_chart' depends on axioms: [propext, Classical.choice, Quot.sound]
info: ModifiedCartan/SchubertCoordinatePolynomials.lean:121:0: 'ModifiedCartan.schubertWronskiCoefficientPolynomial_eval' depends on axioms: [propext, Classical.choice, Quot.sound]
ℹ [4682/4727] Replayed ModifiedCartan.SchubertDimensionTransfer
info: ModifiedCartan/SchubertDimensionTransfer.lean:52:0: 'ModifiedCartan.polynomialSchubertFrame_exists_dimension' depends on axioms: [propext, Classical.choice, Quot.sound]
ℹ [4683/4727] Replayed ModifiedCartan.KPJointCoefficientDimension
info: ModifiedCartan/KPJointCoefficientDimension.lean:55:0: 'ModifiedCartan.kpJointCoefficientSpace_finrank_eq' depends on axioms: [propext, Classical.choice, Quot.sound]
ℹ [4685/4727] Replayed ModifiedCartan.PolynomialAlternantSeparation
info: ModifiedCartan/PolynomialAlternantSeparation.lean:97:0: 'ModifiedCartan.polynomialBasis_subspace_eq_of_alternant_eq' depends on axioms: [propext, Classical.choice, Quot.sound]
ℹ [4686/4727] Replayed ModifiedCartan.FiniteKPJointEquation
info: ModifiedCartan/FiniteKPJointEquation.lean:72:0: 'ModifiedCartan.kpJointEigenspace_chart_ne_bot_iff_finite_det' depends on axioms: [propext,
 Classical.choice,
 Quot.sound]
ℹ [4687/4727] Replayed ModifiedCartan.KPParameterCharacters
info: ModifiedCartan/KPParameterCharacters.lean:113:0: 'ModifiedCartan.kpParameterDifferentialCoefficients_character' depends on axioms: [propext,
 Classical.choice,
 Quot.sound]
ℹ [4689/4728] Replayed ModifiedCartan.SchubertCoordinateInjectivity
info: ModifiedCartan/SchubertCoordinateInjectivity.lean:85:0: 'ModifiedCartan.polynomialSchubertSpace_eq_of_coordinates' depends on axioms: [propext, Classical.choice, Quot.sound]
ℹ [4690/4728] Replayed ModifiedCartan.KPJointDecomposability
info: ModifiedCartan/KPJointDecomposability.lean:58:0: 'ModifiedCartan.kpJointDividedPolynomial_decomposable' depends on axioms: [propext, Classical.choice, Quot.sound]
ℹ [4691/4728] Replayed ModifiedCartan.KPEquationPolynomials
info: ModifiedCartan/KPEquationPolynomials.lean:119:0: 'ModifiedCartan.kpEquationDeterminantPolynomial_eval₂' depends on axioms: [propext, Classical.choice, Quot.sound]
ℹ [4692/4732] Replayed ModifiedCartan.SchubertChartSurjectivity
info: ModifiedCartan/SchubertChartSurjectivity.lean:78:0: 'ModifiedCartan.polynomialSchubertSpace_exists_chart' depends on axioms: [propext, Classical.choice, Quot.sound]
ℹ [4693/4732] Replayed ModifiedCartan.KPJointPolynomialTuple
info: ModifiedCartan/KPJointPolynomialTuple.lean:66:0: 'ModifiedCartan.kpJointPolynomialTuple_exists' depends on axioms: [propext, Classical.choice, Quot.sound]
info: ModifiedCartan/KPJointPolynomialTuple.lean:67:0: 'ModifiedCartan.kpJointPolynomialTuple_normalized' depends on axioms: [propext, Classical.choice, Quot.sound]
ℹ [4697/4734] Replayed ModifiedCartan.KPJointSchubertSpace
info: ModifiedCartan/KPJointSchubertSpace.lean:44:0: 'ModifiedCartan.kpJointSchubertSpace_exists_card_dimension' depends on axioms: [propext, Classical.choice, Quot.sound]
ℹ [4699/4735] Replayed ModifiedCartan.KPJointWronskiFibre
info: ModifiedCartan/KPJointWronskiFibre.lean:33:0: 'ModifiedCartan.kpJointWronskiFibre_exists_card_dimension' depends on axioms: [propext, Classical.choice, Quot.sound]
ℹ [4702/4737] Replayed ModifiedCartan.KPForwardCorrespondence
info: ModifiedCartan/KPForwardCorrespondence.lean:57:0: 'ModifiedCartan.kpJointSchubertSpace_exists' depends on axioms: [propext, Classical.choice, Quot.sound]
info: ModifiedCartan/KPForwardCorrespondence.lean:58:0: 'ModifiedCartan.kpJointWronskiFibre_exists' depends on axioms: [propext, Classical.choice, Quot.sound]
ℹ [4704/4738] Replayed ModifiedCartan.KPWronskiMapDominance
info: ModifiedCartan/KPWronskiMapDominance.lean:85:0: 'ModifiedCartan.kpJointSchubertChart_exists' depends on axioms: [propext, Classical.choice, Quot.sound]
info: ModifiedCartan/KPWronskiMapDominance.lean:86:0: 'ModifiedCartan.polynomial_eq_zero_of_kpJointSchubertCharts' depends on axioms: [propext, Classical.choice, Quot.sound]
⚠ [4705/4738] Replayed FewInflection.Nevanlinna.PoissonLogFactor
warning: FewInflection/Nevanlinna/PoissonLogFactor.lean:48:2: Try this: 
  letI̵

The goal is a proposition, so `let` is preferred over `letI`.
The difference between `let` and `letI` is that `letI` inlines the value.
But this is not relevant for proofs because of proof irrelevance.

Note: This linter can be disabled with `set_option linter.style.haveILetI false`
ℹ [4707/4740] Replayed ModifiedCartan.KPSymmetricEquationTransfer
info: ModifiedCartan/KPSymmetricEquationTransfer.lean:51:0: 'ModifiedCartan.kpSymmetricEquation_vanishes_on_wronskiFibre' depends on axioms: [propext, Classical.choice, Quot.sound]
ℹ [4711/4742] Replayed ModifiedCartan.KPPolynomialEquationTransfer
info: ModifiedCartan/KPPolynomialEquationTransfer.lean:64:0: 'ModifiedCartan.kpPolynomialEquation_vanishes_on_wronskiFibre' depends on axioms: [propext,
 Classical.choice,
 Quot.sound]
⚠ [4713/4742] Replayed FewInflection.Nevanlinna.AbsoluteDivisorCount
warning: FewInflection/Nevanlinna/AbsoluteDivisorCount.lean:172:18: `if_pos` has been deprecated: Use `ite_eq_left` instead
ℹ [4714/4744] Replayed ModifiedCartan.KPInverseCorrespondence
info: ModifiedCartan/KPInverseCorrespondence.lean:68:0: 'ModifiedCartan.kpJointEigenspace_of_schubertWronskiFibre' depends on axioms: [propext, Classical.choice, Quot.sound]
ℹ [4715/4744] Replayed ModifiedCartan.KPCorrespondenceEigenspaces
info: ModifiedCartan/KPCorrespondenceEigenspaces.lean:93:0: 'ModifiedCartan.Paper.lem_KP_correspondence_ii' depends on axioms: [propext, Classical.choice, Quot.sound]
ℹ [4718/4748] Replayed ModifiedCartan.KPJointInitialBasis
info: ModifiedCartan/KPJointInitialBasis.lean:56:0: 'ModifiedCartan.kpJoint_identityBasis_exists' depends on axioms: [propext, Classical.choice, Quot.sound]
⚠ [4719/4748] Replayed FewInflection.Nevanlinna.CharacteristicMassBound
warning: FewInflection/Nevanlinna/CharacteristicMassBound.lean:117:51: Variable name `hR` is not explicitly referenced.

Hint: The binding can be removed (if unused) or named `_` (if used implicitly). Alternatively, prefix the name with `_` to silence this warning:
  [apply] _hR

Note: This linter can be disabled with `set_option linter.unusedVariables false`
warning: FewInflection/Nevanlinna/CharacteristicMassBound.lean:187:39: This simp argument is unused:
  dist_comm

Hint: Omit it from the simp argument list.
  [apply] simp [Metric.mem_ball, dist_eq_norm]

Note: This linter can be disabled with `set_option linter.unusedSimpArgs false`
ℹ [4720/4748] Replayed FewInflection.ExplicitExamples
info: FewInflection/ExplicitExamples.lean:393:2: Try this:
  [apply] ring_nf
  
  The `ring` tactic failed to close the goal. Use `ring_nf` to obtain a normal form.
    
  Note that `ring` works primarily in *commutative* rings. If you have a noncommutative ring, abelian group or module, consider using `noncomm_ring`, `abel` or `module` instead.
ℹ [4721/4748] Replayed ModifiedCartan.KPSchubertUnitVector
info: ModifiedCartan/KPSchubertUnitVector.lean:56:0: 'ModifiedCartan.schubertWronskiFibre_exists_unit_kpEigenvector' depends on axioms: [propext,
 Classical.choice,
 Quot.sound]
⚠ [4722/4748] Replayed FewInflection.Nevanlinna.PoissonHigherDerivative
warning: FewInflection/Nevanlinna/PoissonHigherDerivative.lean:54:6: Try this: intro a z hz
ℹ [4724/4748] Replayed ModifiedCartan.KPSchubertConstantVector
info: ModifiedCartan/KPSchubertConstantVector.lean:56:0: 'ModifiedCartan.schubertWronskiFibre_exists_unit_kpEigenvector_all' depends on axioms: [propext,
 Classical.choice,
 Quot.sound]
ℹ [4725/4748] Replayed ModifiedCartan.SchubertUniversalMinors
info: ModifiedCartan/SchubertUniversalMinors.lean:84:0: 'ModifiedCartan.schubertUniversalMinors' depends on axioms: [propext, Classical.choice, Quot.sound]
info: ModifiedCartan/SchubertUniversalMinors.lean:85:0: 'ModifiedCartan.schubertMinor_norm_le' depends on axioms: [propext, Classical.choice, Quot.sound]
⚠ [4726/4748] Replayed FewInflection.ExplicitExponentialFamily
warning: FewInflection/ExplicitExponentialFamily.lean:57:39: This simp argument is unused:
  mul_left_comm

Hint: Omit it from the simp argument list.
  [apply] simp [exponentialRate, mul_comm, mul_assoc]

Note: This linter can be disabled with `set_option linter.unusedSimpArgs false`
warning: FewInflection/ExplicitExponentialFamily.lean:57:54: This simp argument is unused:
  mul_assoc

Hint: Omit it from the simp argument list.
  [apply] simp [exponentialRate, mul_comm, mul_left_comm]

Note: This linter can be disabled with `set_option linter.unusedSimpArgs false`
warning: FewInflection/ExplicitExponentialFamily.lean:159:39: This simp argument is unused:
  Curve.vector

Hint: Omit it from the simp argument list.
  [apply] simp only [exponentialFamilyCurve, exponentialFamily, Complex.norm_exp]

Note: This linter can be disabled with `set_option linter.unusedSimpArgs false`
info: FewInflection/ExplicitExponentialFamily.lean:240:4: Try this:
  [apply] ring_nf
  
  The `ring` tactic failed to close the goal. Use `ring_nf` to obtain a normal form.
    
  Note that `ring` works primarily in *commutative* rings. If you have a noncommutative ring, abelian group or module, consider using `noncomm_ring`, `abel` or `module` instead.
ℹ [4727/4748] Replayed ModifiedCartan.UniversalPolynomialMinors
info: ModifiedCartan/UniversalPolynomialMinors.lean:74:0: 'ModifiedCartan.Paper.lem_universal_minors' depends on axioms: [propext, Classical.choice, Quot.sound]
info: ModifiedCartan/UniversalPolynomialMinors.lean:75:0: 'ModifiedCartan.Paper.eq_minor_es_bound' depends on axioms: [propext, Classical.choice, Quot.sound]
ℹ [4728/4748] Replayed ModifiedCartan.InitialPolynomialJetBounds
info: ModifiedCartan/InitialPolynomialJetBounds.lean:83:0: 'ModifiedCartan.initialPolynomialBasis_jet_norm_le' depends on axioms: [propext, Classical.choice, Quot.sound]
ℹ [4730/4748] Replayed ModifiedCartan.PolynomialCoefficientExpansion
info: ModifiedCartan/PolynomialCoefficientExpansion.lean:86:0: 'ModifiedCartan.Paper.prop_polynomialcoeff' depends on axioms: [propext, Classical.choice, Quot.sound]
ℹ [4731/4748] Replayed ModifiedCartan.SchubertAdjugateReconstruction
info: ModifiedCartan/SchubertAdjugateReconstruction.lean:76:0: 'ModifiedCartan.schubert_columnValues_adjugate_solution' depends on axioms: [propext, Classical.choice, Quot.sound]
info: ModifiedCartan/SchubertAdjugateReconstruction.lean:77:0: 'ModifiedCartan.schubert_columnValues_adjugate_minor' depends on axioms: [propext, Classical.choice, Quot.sound]
ℹ [4732/4748] Replayed ModifiedCartan.InitialPolynomialTaylorCoefficients
info: ModifiedCartan/InitialPolynomialTaylorCoefficients.lean:75:0: 'ModifiedCartan.initialPolynomialBasis_taylorCoeff_norm_le' depends on axioms: [propext, Classical.choice, Quot.sound]
ℹ [4733/4748] Replayed ModifiedCartan.PolynomialFamilyExpansion
info: ModifiedCartan/PolynomialFamilyExpansion.lean:51:0: 'ModifiedCartan.polynomialFamily_product_expansion' depends on axioms: [propext, Classical.choice, Quot.sound]
ℹ [4734/4748] Replayed ModifiedCartan.KPParameterAdjugateReconstruction
info: ModifiedCartan/KPParameterAdjugateReconstruction.lean:145:0: 'ModifiedCartan.kpParameterODEDeterminant_eval_ne_zero' depends on axioms: [propext, Classical.choice, Quot.sound]
info: ModifiedCartan/KPParameterAdjugateReconstruction.lean:146:0: 'ModifiedCartan.kpParameterAdjugatePolynomial_character' depends on axioms: [propext, Classical.choice, Quot.sound]
info: ModifiedCartan/KPParameterAdjugateReconstruction.lean:147:0: 'ModifiedCartan.kpParameterScalarODEJetMatrix_det' depends on axioms: [propext, Classical.choice, Quot.sound]
ℹ [4735/4748] Replayed ModifiedCartan.PolynomialInitialBasisMajorant
info: ModifiedCartan/PolynomialInitialBasisMajorant.lean:73:0: 'ModifiedCartan.Paper.prop_initial_basis' depends on axioms: [propext, Classical.choice, Quot.sound]
ℹ [4736/4748] Replayed ModifiedCartan.LocalCoefficientSplit
info: ModifiedCartan/LocalCoefficientSplit.lean:267:0: 'ModifiedCartan.rootSubsetSum_split' depends on axioms: [propext, Classical.choice, Quot.sound]
info: ModifiedCartan/LocalCoefficientSplit.lean:268:0: 'ModifiedCartan.norm_interiorRootSubsetSum_le' depends on axioms: [propext, Classical.choice, Quot.sound]
info: ModifiedCartan/LocalCoefficientSplit.lean:269:0: 'ModifiedCartan.exteriorRootSubsetSum_analytic' depends on axioms: [propext, Classical.choice, Quot.sound]
info: ModifiedCartan/LocalCoefficientSplit.lean:270:0: 'ModifiedCartan.interiorRootSubsetSum_localMeasure_zero' depends on axioms: [propext, Classical.choice, Quot.sound]
ℹ [4737/4748] Replayed ModifiedCartan.KPAdjugateMinorCharacters
info: ModifiedCartan/KPAdjugateMinorCharacters.lean:50:0: 'ModifiedCartan.kpParameterAdjugateMinor_character' depends on axioms: [propext, Classical.choice, Quot.sound]
ℹ [4738/4748] Replayed ModifiedCartan.PolynomialInitialValueBound
info: ModifiedCartan/PolynomialInitialValueBound.lean:82:0: 'ModifiedCartan.Paper.eq_initial_value_bound' depends on axioms: [propext, Classical.choice, Quot.sound]
ℹ [4739/4748] Replayed ModifiedCartan.SmallRootPoleSums
info: ModifiedCartan/SmallRootPoleSums.lean:111:0: 'ModifiedCartan.finite_root_distance_sum_localMeasure_zero' depends on axioms: [propext, Classical.choice, Quot.sound]
info: ModifiedCartan/SmallRootPoleSums.lean:112:0: 'ModifiedCartan.finite_pole_sum_normalized_localMeasure_zero' depends on axioms: [propext, Classical.choice, Quot.sound]
ℹ [4740/4748] Replayed ModifiedCartan.LocalCoefficientCompactness
info: ModifiedCartan/LocalCoefficientCompactness.lean:196:0: 'ModifiedCartan.Paper.eq_splitcoeff' depends on axioms: [propext, Classical.choice, Quot.sound]
info: ModifiedCartan/LocalCoefficientCompactness.lean:197:0: 'ModifiedCartan.Paper.local_coefficient_relative_compactness' depends on axioms: [propext, Classical.choice, Quot.sound]
ℹ [4741/4748] Replayed ModifiedCartan.KPUniversalAdjugateIdentity
info: ModifiedCartan/KPUniversalAdjugateIdentity.lean:62:0: 'ModifiedCartan.kpParameterAdjugateMinor_positive' depends on axioms: [propext, Classical.choice, Quot.sound]
info: ModifiedCartan/KPUniversalAdjugateIdentity.lean:63:0: 'ModifiedCartan.kpParameterAdjugateMinor_identity' depends on axioms: [propext, Classical.choice, Quot.sound]
ℹ [4742/4748] Replayed ModifiedCartan.PolynomialGaugeSmallness
info: ModifiedCartan/PolynomialGaugeSmallness.lean:127:0: 'ModifiedCartan.polynomial_logDeriv_jet_eq_root_sum_ae' depends on axioms: [propext, Classical.choice, Quot.sound]
info: ModifiedCartan/PolynomialGaugeSmallness.lean:128:0: 'ModifiedCartan.canonicalLogDerivative_eq_polynomial' depends on axioms: [propext, Classical.choice, Quot.sound]
info: ModifiedCartan/PolynomialGaugeSmallness.lean:129:0: 'ModifiedCartan.Paper.eq_gaugesmall' depends on axioms: [propext, Classical.choice, Quot.sound]
⚠ [4743/4748] Replayed ModifiedCartan.BetheAlgebraIdentification
warning: ModifiedCartan/BetheAlgebraIdentification.lean:42:2: Try this: intro i _ h
info: ModifiedCartan/BetheAlgebraIdentification.lean:62:0: 'ModifiedCartan.kpBeta_zero_mem_bethe_of_prod_ne_zero' depends on axioms: [propext, Classical.choice, Quot.sound]
info: ModifiedCartan/BetheAlgebraIdentification.lean:63:0: 'ModifiedCartan.kpGeneratedAlgebra_eq_betheAlgebra' depends on axioms: [propext, Classical.choice, Quot.sound]
ℹ [4744/4748] Built ModifiedCartan.FiniteMeasureTuples (19s)
info: ModifiedCartan/FiniteMeasureTuples.lean:46:0: 'ModifiedCartan.tendstoInMeasure_finite_pi' depends on axioms: [propext, Classical.choice, Quot.sound]
ℹ [4745/4748] Replayed ModifiedCartan.KPCorrespondence
info: ModifiedCartan/KPCorrespondence.lean:46:0: 'ModifiedCartan.Paper.lem_KP_correspondence' depends on axioms: [propext, Classical.choice, Quot.sound]
ℹ [4746/4748] Built ModifiedCartan.CanonicalJetSmallness (18s)
info: ModifiedCartan/CanonicalJetSmallness.lean:134:0: 'ModifiedCartan.canonical_logarithmicJet_normalized_eq_partition' depends on axioms: [propext,
 Classical.choice,
 Quot.sound]
info: ModifiedCartan/CanonicalJetSmallness.lean:135:0: 'ModifiedCartan.canonical_logarithmicJet_localMeasure_zero' depends on axioms: [propext, Classical.choice, Quot.sound]
✔ [4747/4748] Built ModifiedCartan (20s)
Build completed successfully (4748 jobs).
